source_type,source_id,retrieval_time,word,pos,synset_id,sentence
indowordnet_example,12490,2026-05-02T09:29:53.136330+00:00,ವರ್ಗ,noun,12490,ಏಳರ ವರ್ಗ ನಲವತ್ತೊಂಬತ್ತು.
indowordnet_example,12491,2026-05-02T09:29:53.136348+00:00,ವರ್ಗ,noun,12491,ಇದು ಐದು ಸೆಂಟಿಮೀಟರ್ ನ ವರ್ಗ.
indowordnet_example,12492,2026-05-02T09:29:53.136361+00:00,ವರ್ಗ,noun,12492,ಭಾರತೀಯ ಲಿಪಿಗಳಲ್ಲಿ ವರ್ಗೀಯ ವ್ಯಂಜನಗಳಲ್ಲಿ ವರ್ಗಗಳನ್ನು ಆ ವರ್ಗದ ಮೊದಲ ವ್ಯಂಜನದ ಹೆಸರಿನಲ್ಲಿ ಕರೆಯುತ್ತಾರೆ.
indowordnet_example,14271,2026-05-02T09:29:53.136369+00:00,ವರ್ಗ,noun,14271,ನಾನು ಬ್ಯಾಂಕಿಗೆ ವರ್ಗಾವಣೆಗಾಗಿ ಅರ್ಜಿಯನ್ನು ನೀಡಿದ್ದೇನೆ.
indowordnet_example,3406,2026-05-02T09:29:53.136402+00:00,ವರ್ಗ,noun,3406,ಅರ್ಥವನ್ನು ಆಧರಿಸಿ ಈ ಶಬ್ದವನ್ನು ಮೂರು ವರ್ಗ ಮಾಡಬಹುದು.
indowordnet_example,37572,2026-05-02T09:29:53.136421+00:00,ವರ್ಗ,noun,37572,ಪುರಾಣದಲ್ಲಿ ಒಟ್ಟು ಎಂಬತ್ತನ್ಕಾಲು ಲಕ್ಷ ವರ್ಗಗಳು ಇವೆ ಎಂದು ಹೇಳುತ್ತದೆ
indowordnet_example,37603,2026-05-02T09:29:53.136428+00:00,ವರ್ಗ,noun,37603,ನಾಲ್ಕರ ವರ್ಗ ಎರಡು.
indowordnet_example,8463,2026-05-02T09:29:53.136453+00:00,ವರ್ಗ,noun,8463,ಈ ಕಾರ್ಯಾಲಯದ ಇಬ್ಬರು ಕರ್ಮಚಾರಿಗಳಿಗೆ/ಕೆಲಸಗಾರರಿಗೆ ವರ್ಗಾವಣೆಯಾಗಿದೆ.
indowordnet_example,8539,2026-05-02T09:29:53.136464+00:00,ವರ್ಗ,noun,8539,ನಮ್ಮ ಸಮಾಜ ಹಲವಾರು ಸಣ್ಣ-ಪುಟ್ಟ ವರ್ಗದಿಂದ ರಚಿಲಾಗಿದೆ.
indowordnet_example,10729,2026-05-02T09:29:54.204307+00:00,ಸಮೂಹ,noun,10729,ಹೊಲದಲ್ಲಿ ಪ್ರಾಣಿ ಸಮೂಹ ಸೇರಿಕೊಂಡು ಅಸ್ತವ್ಯಸ್ತ ಮಾಡಿತು
indowordnet_example,26689,2026-05-02T09:29:54.204364+00:00,ಸಮೂಹ,noun,26689,ಜೀವ ವಿಜ್ಞಾನದ ವಿದ್ಯಾರ್ಥಿಯಾದ ಕಾರಣ ನನಗೆ ಸಮೂಹದ ಬಗ್ಗೆ ಚೆನ್ನಾಗಿ ಗೊತ್ತಿದೆ.
indowordnet_example,11058,2026-05-02T09:29:54.949199+00:00,ಕಟ್ಟು,noun,11058,ಲೆಕ್ಕಪಾಲಕನು ಕಾಗದಗಳನ್ನು ಒಟ್ಟು ಗೂಡಿಸಿ ಕಟ್ಟುತ್ತಿದ್ದಾನೆ.
indowordnet_example,12459,2026-05-02T09:29:54.949263+00:00,ಕಟ್ಟು,noun,12459,ಅಪ್ಪ ಒಂದು ಕಟ್ಟು ಬೀಡಿ ತರಿಸಿದ.
indowordnet_example,13004,2026-05-02T09:29:54.949286+00:00,ಕಟ್ಟು,noun,13004,ನನ್ನ ಕನ್ನಡಕದ ಕಟ್ಟು ಚೌಕಾಕಾರವಾಗಿದೆ.
indowordnet_example,23565,2026-05-02T09:29:54.949323+00:00,ಕಟ್ಟು,noun,23565,ಮನೆ ಕಟ್ಟುವ ಕೆಲಸ ಪ್ರಾರಂಭವಾಗಿದೆ.
indowordnet_example,2588,2026-05-02T09:29:54.949344+00:00,ಕಟ್ಟು,noun,2588,ಈ ಚಿತ್ರದ ಚೌಕಟ್ಟು ಆಕರ್ಷಕವಾಗಿದೆ.
indowordnet_example,36947,2026-05-02T09:29:54.949372+00:00,ಕಟ್ಟು,noun,36947,ಈ ಚಿತ್ರಫಲಕದ ಕಟ್ಟು ಎಲ್ಲಿದೆ?
indowordnet_example,11545,2026-05-02T09:29:55.677360+00:00,ಸಮಯ,noun,11545,ಪ್ರತಿಯೊಬ್ಬರ ಜೀವನದಲ್ಲಿಯು ಬೇರೆ-ಬೇರೆ ತರಹದ ಸಮಯಗಳು ಬರುತ್ತದೆ.
indowordnet_example,1459,2026-05-02T09:29:55.677504+00:00,ಸಮಯ,noun,1459,ನನ್ನ ಕೆಲಸದ ನಡುವೆ ಅಲ್ಲಿಗೆ ಹೊಗಲು ನನಗೆ ಸಮಯವಿಲ್ಲ.
indowordnet_example,27588,2026-05-02T09:29:55.677679+00:00,ಸಮಯ,noun,27588,ನನಗೆ ಊಟಮಾಡುವುದಕ್ಕೂ ಸಮಯವಿಲ್ಲ/ನನ್ನ ಹೆಚ್ಚಿನ ಸಮಯ ನಿಮ್ಮ ಈ ಕೆಲಸದಲ್ಲಿಯೇ ಕಳೆದುಹೋಯಿತು.
indowordnet_example,27698,2026-05-02T09:29:55.677717+00:00,ಸಮಯ,noun,27698,ರಾಜನ ಕೊನೆಯ ಸಮಯ ತುಂಬಾ ಕಷ್ಟ ಪ್ರದವಾಗಿತ್ತು.
indowordnet_example,878,2026-05-02T09:29:55.677884+00:00,ಸಮಯ,noun,878,ನನಗೆ ಆ ಕೆಲಸ ಮಾಡಲು ಸಮಯವಿಲ್ಲ.
wikipedia_summary,https://kn.wikipedia.org/wiki/ಸಮಯ,2026-05-02T09:29:56.800207+00:00,ಸಮಯ,noun,,ಕಾಲ ಅಥವಾ ಸಮಯ ಎರಡು ದೃಷ್ಟಿಕೋನಗಳಿಂದ ವಿವರಿಸಲ್ಪಟ್ಟಿದೆ
indowordnet_example,13129,2026-05-02T09:29:56.800405+00:00,ಗಂಟು,noun,13129,ಅಜ್ಜಿಯ ಟ್ರಂಕಿನ ಬೀಗದ ಗಂಟು ಯಾವಾಗಲು ಅವರ ಸೊಂಟದಲ್ಲಿಯೇ ಇರುತ್ತದೆ.
indowordnet_example,13138,2026-05-02T09:29:56.800493+00:00,ಗಂಟು,noun,13138,ನನ್ನ ಗಂಟುಗಳಲ್ಲಿ ನೋವಿದೆ.
indowordnet_example,2050,2026-05-02T09:29:56.800529+00:00,ಗಂಟು,noun,2050,ಗಾಳಿಪಟಕ್ಕೆ ಕಟ್ಟಿದ ದಾರ ಗಂಟು ಬಿದ್ದು ಬಿಡಿಸದ ಗುಂಡಾಗೊದೆ.
indowordnet_example,2054,2026-05-02T09:29:56.800565+00:00,ಗಂಟು,noun,2054,ಗಂಟು ಬಿಚ್ಚುತ್ತಿದ್ದಂತೆ ಅವಳ ಬಟ್ಟೆಯಲ್ಲಾ ಚಲ್ಲಾಪಿಲ್ಲಿಯಾಯಿತು.
wikipedia_summary,https://kn.wikipedia.org/wiki/ಗಂಟು,2026-05-02T09:29:58.086740+00:00,ಗಂಟು,noun,,"ಗಂಟು ಎನ್ನುವುದು ಭಾರವಾದ ಪದಾರ್ಥಗಳನ್ನು ಎಳೆಯಲು, ಎತ್ತಲು, ಎರಡು ಪದಾರ್ಥಗಳನ್ನು ಬಂಧಿಸಲು ಅನುಕೂಲವಾಗುವಂತೆ ದಾರ, ಹುರಿ, ಹಗ್ಗಗಳಿಂದ ಹಾಕುವ ಕಟ್ಟು (ನಾಟ್)"
wikipedia_summary,https://kn.wikipedia.org/wiki/ಗಂಟು,2026-05-02T09:29:58.086781+00:00,ಗಂಟು,noun,,ಸಾಮಾನ್ಯ ಬಳಕೆಯಲ್ಲಿ ಅನೇಕ ಮಾದರಿಯ ಗಂಟುಗಳನ್ನೂ ಕಾಣಬಹುದು
wikipedia_summary,https://kn.wikipedia.org/wiki/ಗಂಟು,2026-05-02T09:29:58.086789+00:00,ಗಂಟು,noun,,ಯಾವ ಹಗ್ಗ ಬಳಸಿ ಗಂಟು ಹಾಕುತ್ತೇವೆಯೋ ಆ ಹಗ್ಗ ದುರ್ಬಲವಾಗುತ್ತದೆ
wikipedia_summary,https://kn.wikipedia.org/wiki/ಗಂಟು,2026-05-02T09:29:58.086796+00:00,ಗಂಟು,noun,,ಮೊದಲನೆಯ ಸಾಮರ್ಥ್ಯದ ಗಂಟು ದಿನಬಳಕೆ ಉಪಯೋಗದಲ್ಲಿರುವಂಥದು
wikipedia_summary,https://kn.wikipedia.org/wiki/ಗಂಟು,2026-05-02T09:29:58.086801+00:00,ಗಂಟು,noun,,ಆಯಾ ವೃತ್ತಿಯವರು ತಮ್ಮ ತಮಗೆ ಅನುಕೂಲವಾದ ಗಂಟು ಮಾದರಿಗಳನ್ನು ಬಳಸುತ್ತಾರೆ
wikipedia_summary,https://kn.wikipedia.org/wiki/ಗಂಟು,2026-05-02T09:29:58.086807+00:00,ಗಂಟು,noun,,"ದಾರ ಅಥವಾ ನೂಲು, ಹುರಿ, ಹಗ್ಗಗಳನ್ನು ಉಪಯೋಗಿಸಿ ಬೇಕಾದ ಗಂಟುಗಳನ್ನು ಹಾಕಬಹುದು"
indowordnet_example,5501,2026-05-02T09:29:58.087404+00:00,ಗುಂಪು,noun,5501,ದುರ್ಘಟನೆಯಾದ ಜಾಗದಲ್ಲಿ ಜನರ ಗುಂಪು ಹೆಚ್ಚಾಗುತ್ತಾ ಇದೆ.
indowordnet_example,20172,2026-05-02T09:29:58.911706+00:00,ಜಗಳ,noun,20172,ಕೆಲವು ಜನರಿಗೆ ಜಗಳ ಹಚ್ಚುವುದರಲ್ಲೇ ಆನಂದ ದೊರೆಯುತ್ತದೆ.
indowordnet_example,2838,2026-05-02T09:29:58.911804+00:00,ಜಗಳ,noun,2838,ಬೆಳಗಿನ ಜಾವದಲ್ಲೇ ಅವಳು ಯಾರೊಂದಿಗೋ ಜಗಳ ತೆಗೆದಿದ್ದಳು.
indowordnet_example,3335,2026-05-02T09:29:58.911923+00:00,ಜಗಳ,noun,3335,ರಾಮೂ ತನ್ನ ಇಬ್ಬರು ಮಕ್ಕಳನು ಬೆದರಿಸಿ ನಿಮ್ಮಬ್ಬರ ಜಗಳವನ್ನು ನೋಡಿ ನನಗೆ ಸುಸ್ತಾಗಿದೆ ಎಂದು ಹೇಳಿದನು.
indowordnet_example,36380,2026-05-02T09:29:58.911977+00:00,ಜಗಳ,noun,36380,ಎರಡು ದೇಶಗಳ ಜಗಳದಲ್ಲಿ ಜನರು ಸಂಕಟವನ್ನು ಅನುಭವಿಸುತ್ತಿದ್ದಾರೆ
indowordnet_example,4195,2026-05-02T09:29:58.912110+00:00,ಜಗಳ,noun,4195,ಬಿತ್ತನೆ ಬೀಜಗಳ ವಿತರಣೆಯಲ್ಲಿ ವಿಳಂಬವಾದ ಕಾರಣ ರೈತರು ರೈತ ಸಂಪರ್ಕ ಕೇಂದ್ರದಲ್ಲಿ ಗಲಾಟೆ ಆರಂಭಿಸಿದ್ದಾರೆ.
indowordnet_example,8433,2026-05-02T09:29:58.912152+00:00,ಜಗಳ,noun,8433,ಇಂದು ರಾಮ ಮತ್ತು ಶ್ಯಾಮರ ನಡುವೆ ಒಂದು ಚಿಕ್ಕ ವಿಷಯಕ್ಕೆ ಜಗಳವಾಗಿದೆ.
indowordnet_example,15386,2026-05-02T09:29:59.736418+00:00,ದಂಡ,noun,15386,ಪಾರ್ಸಲ್ ಗೆ ದಂಡ ತೆತ್ತು ಅದನ್ನು ಬಿಡಿಸಿಕೊಂಡು ಬಂದಿದ್ದೇನೆ.
indowordnet_example,3500,2026-05-02T09:29:59.736514+00:00,ದಂಡ,noun,3500,ಸಾರ್ವಜನಿಕ ಸ್ಥಳದಲ್ಲಿ ಧೂಮಪಾನವನ್ನು ಮಾಡಿದ ಕಾರಣ ಅವನು ದಂಡ/ಜುಲ್ಮಾನೆಯ ರೂಪದಲ್ಲಿ ನೂರು ರೂಪಾಯಿಗಳನ್ನು ಕೊಡಬೇಕಾಯಿತು.
indowordnet_example,35809,2026-05-02T09:29:59.736678+00:00,ದಂಡ,noun,35809,ಗ್ರಂಥಾಲಯದಲ್ಲಿ ಹದಿನೈದು ದಿನದೊಳಗೆ ಪುಸ್ತಕವನ್ನು ಹಿಂದಿರುಗಿಸದಿದ್ದರೆ ಪ್ರತಿ ದಿನ ಒಂದು ರೂಪಾಯಿ ದಂಡ ಕಟ್ಟಬೇಕಾಗುತ್ತದೆ.
indowordnet_example,4247,2026-05-02T09:29:59.736854+00:00,ದಂಡ,noun,4247,ಯೋಗಿರಾಜ ಸದಾನಂದರು ದಂಡವನ್ನು ಹಿಡಿದು ಜಪಾ ಮಾಡುತ್ತಿದ್ದರು.
wikipedia_summary,https://kn.wikipedia.org/wiki/ದಂಡ,2026-05-02T09:30:00.611943+00:00,ದಂಡ,noun,,"ದಂಡ ಅಥವಾ ಅರ್ಥದಂಡ ಒಂದು ಅಪರಾಧ ಅಥವಾ ಇತರ ಕಾನೂನುಬಾಹಿರಕಾರ್ಯಕ್ಕಾಗಿ ಒಂದು ನ್ಯಾಯಾಲಯ ಅಥವಾ ಇತರ ಪ್ರಾಧಿಕಾರವು ನಿರ್ಧರಿಸಿದ, ಶಿಕ್ಷೆಯಾಗಿ ಪಾವತಿಸಬೇಕಾದ ಹಣ"
wikipedia_summary,https://kn.wikipedia.org/wiki/ದಂಡ,2026-05-02T09:30:00.611974+00:00,ದಂಡ,noun,,"ದಂಡದ ಮೊತ್ತವನ್ನು ಪ್ರಕರಣ ಆಧರಿಸಿ ನಿರ್ಧರಿಸಲಾಗುತ್ತದೆ, ಆದರೆ ಅದನ್ನು ಹಲವುವೇಳೆ ಮುಂಚಿತವಾಗಿ ಘೋಷಿಸಲಾಗುತ್ತದೆ"
wikipedia_summary,https://kn.wikipedia.org/wiki/ದಂಡ,2026-05-02T09:30:00.611979+00:00,ದಂಡ,noun,,ನಾಗರಿಕ ಕಾನೂನು ಕ್ರಿಯೆಗಳಲ್ಲಿ ಸಾಮಾನ್ಯವಾಗಿ ಬಳಸಲಾದ ಒಂದು ಸಮಾನಾರ್ಥಕ ಪದವೆಂದರೆ ಅರ್ಥದಂಡ
wikipedia_summary,https://kn.wikipedia.org/wiki/ದಂಡ,2026-05-02T09:30:00.611983+00:00,ದಂಡ,noun,,ದಂಡದ ಒಂದು ಸಾಮಾನ್ಯ ಉದಾಹರಣೆಯೆಂದರೆ ಸಂಚಾರ ಕಾನೂನುಗಳ ಉಲ್ಲಂಘನೆಗಳಿಗಾಗಿ ಪಾವತಿಸಲಾದ ಹಣ
wikipedia_summary,https://kn.wikipedia.org/wiki/ದಂಡ,2026-05-02T09:30:00.611988+00:00,ದಂಡ,noun,,"ಆಂಗ್ಲ ಸಾಮಾನ್ಯ ಕಾನೂನಿನಲ್ಲಿ ಪ್ರಸ್ತುತ, ಕೆಳಮಟ್ಟದ ದಂಡನೀಯ ಅಪರಾಧಗಳಿಗೆ ತುಲನಾತ್ಮಕವಾಗಿ ಸಣ್ಣ ದಂಡಗಳನ್ನು ಸ್ಥಳದಲ್ಲೇ ಅಥವಾ ಸಮುದಾಯ ಸೇವಾ ಆದೇಶಗಳ ಜೊತೆಗೆ ಬಳಸಲಾಗುತ್ತದೆ"
wikipedia_summary,https://kn.wikipedia.org/wiki/ದಂಡ,2026-05-02T09:30:00.611992+00:00,ದಂಡ,noun,,ಹೆಚ್ಚು ದೊಡ್ಡ ದಂಡಗಳನ್ನೂ ಸ್ವತಂತ್ರವಾಗಿ ಅಥವಾ ಅಲ್ಪಾವಧಿಯ ಜೈಲು ಶಿಕ್ಷೆಯ ಜೊತೆಗೆ ನೀಡಲಾಗುತ್ತದೆ
indowordnet_example,21003,2026-05-02T09:30:00.612177+00:00,ಶಕ್ತಿ,noun,21003,ನಿನಗೆ ಯಾವ ಶಕ್ತಿಯಿದೆ ಎಂದು ನಾನು ನಿನ್ನನ್ನು ನೋಡಿ ಹೆದರಲಿ.
indowordnet_example,269,2026-05-02T09:30:00.612327+00:00,ಶಕ್ತಿ,noun,269,ಈ ಕೆಲಸದ ನಂತರ ನಿಮ್ಮ ಶಕ್ತಿ ಎಷ್ಟಿದೆ ಎಂದು ತಿಳಿಯುತ್ತದೆ
indowordnet_example,2960,2026-05-02T09:30:00.612404+00:00,ಶಕ್ತಿ,noun,2960,ಪ್ರಾಚೀನ ಕಾಲದಿಂದಲ್ಲೂ ಶಕ್ತಿ ದೇವತೆಯ ಉಪಾಸನೆ ನಡೆಯುತ್ತಾ ಬಂದಿದೆ.
indowordnet_example,3933,2026-05-02T09:30:00.612470+00:00,ಶಕ್ತಿ,noun,3933,ಸೂರ್ಯನ ಶಕ್ತಿ ಅಗಾದವಾದದ್ದು.
wikipedia_summary,https://kn.wikipedia.org/wiki/ಶಕ್ತಿ,2026-05-02T09:30:02.646447+00:00,ಶಕ್ತಿ,noun,,ಶಕ್ತಿ ಎಂದರೆ ಕೆಲಸ (ಅಥವಾ ಕಾರ್ಯ) ಮಾಡಲು ಇರುವ ಅಳವು
wikipedia_summary,https://kn.wikipedia.org/wiki/ಶಕ್ತಿ,2026-05-02T09:30:02.646490+00:00,ಶಕ್ತಿ,noun,,"ಗ್ರೀಕ್‌‍ನ ಮೂಲ ಪದಗಳಾದ ἐνέργεια ಅಂದರೆ ಎನರ್ಜೀಯಾ (ಚಟುವಟಿಕೆ, ಕಾರ್ಯಾಚರಣೆ) ಮತ್ತು ἐνεργός ಎನರ್ಗೊಸ್' (ಸಕ್ರಿಯ, ಕಾರ್ಯನಿರತ) ಎಂಬ ಪದಗಳಿಂದ ಭೌತವಿಜ್ಞಾನದ ಶಕ್ತಿ ('ಎನರ್ಜಿ') ಎಂಬ ಇಂಗ್ಲಿಷ್‌ ಪದವು ನಿಷ್ಪನ್ನವಾಗಿದೆ"
wikipedia_summary,https://kn.wikipedia.org/wiki/ಶಕ್ತಿ,2026-05-02T09:30:02.646496+00:00,ಶಕ್ತಿ,noun,,"'ಶಕ್ತಿ' ಎಂಬುದು, ಬಲವು ನಿರ್ವಹಿಸಬಲ್ಲ ಕಾರ್ಯದ ಯಾವುದೇ ಭೌತಿಕ ಅದಿಶ ಪರಿಮಾಣವನ್ನು ಸೂಚಿಸುತ್ತದೆ"
wikipedia_summary,https://kn.wikipedia.org/wiki/ಶಕ್ತಿ,2026-05-02T09:30:02.646502+00:00,ಶಕ್ತಿ,noun,,"ಚಲನಶಕ್ತಿ, ಅಂತಸ್ಥ ಶಕ್ತಿ, ಶಾಖೋತ್ಪನ್ನ ಶಕ್ತಿ, ಗುರುತ್ವ ಶಕ್ತಿ, ಶಾಬ್ದಿಕ ಶಕ್ತಿ, ಬೆಳಕಿನ ಶಕ್ತಿ, ಸ್ಥಿತಿಸ್ಥಾಪಕ ಶಕ್ತಿ ಮತ್ತು ವಿದ್ಯುತ್ಕಾಂತೀಯ ಶಕ್ತಿ - ಹೀಗೆ ಶಕ್ತಿಯಲ್ಲಿ ಹತ್ತು ಹಲವು ರೂಪಗಳಿವೆ"
wikipedia_summary,https://kn.wikipedia.org/wiki/ಶಕ್ತಿ,2026-05-02T09:30:02.646508+00:00,ಶಕ್ತಿ,noun,,ಯಾವ ಬಲದ ಆಧಾರದ ಮೇಲೆ ಶಕ್ತಿ ಉತ್ಪನ್ನವಾಗಿದೆ ಎಂಬುದನ್ನು ಆಧರಿಸಿ ಶಕ್ತಿಗೆ ಆ ಬಲದ ಹೆಸರನ್ನು ಗುಣವಾಚಿಯನ್ನಾಗಿ ಸೇರಿಸಲಾಗುತ್ತದೆ
wikipedia_summary,https://kn.wikipedia.org/wiki/ಶಕ್ತಿ,2026-05-02T09:30:02.646512+00:00,ಶಕ್ತಿ,noun,,"ಆದರೆ, ಶಕ್ತಿಯ ಒಟ್ಟು ಪ್ರಮಾಣ ಮಾತ್ರ ಅಷ್ಟೇ ಇರುತ್ತದೆ"
indowordnet_example,2246,2026-05-02T09:30:02.646842+00:00,ಹಾನಿ,noun,2246,ಈ ವ್ಯಾಪಾರದಲ್ಲಿ ನನಗೆ ಬರೀ ಹಾನಿ ಸಂಭವಿಸಿತು.
indowordnet_example,35663,2026-05-02T09:30:02.646969+00:00,ಹಾನಿ,noun,35663,ಏನಾದರೂ ಮೂಗಿನಿಂದ ಉಸಿರಾಡುವುದರ ಬದಲು ಬಾಯಿಯಿಂದ ಉಸಿರಾಡಿದ್ದರೆ ಆಗ ಶ್ವಾಸಕೋಶಕ್ಕೆ ಹಾನಿಯುಂಟಾಗುತ್ತಿತ್ತು.
indowordnet_example,36617,2026-05-02T09:30:02.647089+00:00,ಹಾನಿ,noun,36617,ಮಳೆಗಾಲದಲ್ಲಿ ರಸ್ತೆಗಳಿಗೆ ಹೆಚ್ಚು ಹಾನಿಯಾಗುತ್ತದೆ.
indowordnet_example,37772,2026-05-02T09:30:02.647163+00:00,ಹಾನಿ,noun,37772,ಜನರು ಈ ವಿಷಯದಿಂದಾಗುವ ಹಾನಿಯನ್ನು ತಿಳಿಯಲು ಮುಂದಾಗಿದ್ದಾರೆ.
wikipedia_summary,https://kn.wikipedia.org/wiki/ಹಾನಿ,2026-05-02T09:30:03.871528+00:00,ಹಾನಿ,noun,,"ಹಾನಿ ಎಂದರೆ ಹಲವುವೇಳೆ ಒಂದು ಭೌತಿಕ ವಸ್ತುವಿನಲ್ಲಾಗುವ ಯಾವುದೇ ಬದಲಾವಣೆ, ಮತ್ತು ಇದು ಅದರ ಮೊದಲಿನ ಸ್ಥಿತಿಗಿಂತ ಕೀಳಾಗುವಂತೆ ಮಾಡುತ್ತದೆ"
wikipedia_summary,https://kn.wikipedia.org/wiki/ಹಾನಿ,2026-05-02T09:30:03.871579+00:00,ಹಾನಿ,noun,,"ಹಾನಿಯು ಖಡಾಖಂಡಿತವಾಗಿ ವ್ಯವಸ್ಥೆಯ ಕಾರ್ಯಕ್ಷಮತೆಯ ಸಂಪೂರ್ಣ ನಷ್ಟವನ್ನು ಸೂಚಿಸುವುದಿಲ್ಲ, ಬದಲಾಗಿ ಆ ವ್ಯವಸ್ಥೆಯು ಅದರ ಅತ್ಯಂತ ಅನುಕೂಲಕರ ರೀತಿಯಲ್ಲಿ ಕಾರ್ಯನಿರ್ವಹಿಸುತಿಲ್ಲ ಎಂಬುದನ್ನು ಸೂಚಿಸುತ್ತದೆ"
wikipedia_summary,https://kn.wikipedia.org/wiki/ಹಾನಿ,2026-05-02T09:30:03.871586+00:00,ಹಾನಿ,noun,,"ಭೌತಿಕ ವಸ್ತುಗಳ ಹಾನಿಯೆಂದರೆ ""ಅವು ಮುರಿಯುವುದಕ್ಕೆ ಕಾರಣವಾಗುವ ಕ್ರಮವಾಗಿ ಹೆಚ್ಚಾಗುವ ಭೌತಿಕ ಪ್ರಕ್ರಿಯೆ"", ಮತ್ತು ಗೋಚರವಾಗದಿದ್ದರೂ, ರಚನೆಯನ್ನು ದುರ್ಬಲವಾಗಿಸುವ ಯಾಂತ್ರಿಕ ಒತ್ತಡವನ್ನು ಒಳಗೊಳ್ಳುತ್ತದೆ"
indowordnet_example,12880,2026-05-02T09:30:03.871759+00:00,ಜಾಲ,noun,12880,ಬೇಡ ಹಕ್ಕಿಗಳನ್ನು ಹಿಡಿಯಲು ಜಾಲ ಬೀಸಿದನು.
indowordnet_example,35790,2026-05-02T09:30:03.872027+00:00,ಜಾಲ,noun,35790,ಅವನು ಅಂಗಡಿಗಳ ಜಾಲದ ಮಾಲೀಕನಾಗಿದ್ದಾನೆ.
indowordnet_example,600,2026-05-02T09:30:03.872194+00:00,ಜಾಲ,noun,600,ಕೊನೆಗೂ ಪರಿವಾಳ ಬೇಡನ ಜಾಲದಲ್ಲಿ ಸಿಕ್ಕಿಬಿದ್ದಿತು
indowordnet_example,3382,2026-05-02T09:30:04.661518+00:00,ಜ್ಞಾನ,noun,3382,ಚೈತನ್ಯತೆಯು ಜೀವನದ ಲಕ್ಷಣ./ಶ್ಯಾಮನಲ್ಲಿ ಜ್ಞಾನದ ಕೊರತೆ ಇದೆ.
indowordnet_example,99,2026-05-02T09:30:04.661808+00:00,ಜ್ಞಾನ,noun,99,ಕಾವ್ಯಮೀಮಾಂಸೆಯ ಜ್ಞಾನ ಹಳಗನ್ನಡ ಸಾಹಿತ್ಯದಲ್ಲಿ ಅಪಾರವಾಗಿದೆ.
wikipedia_summary,https://kn.wikipedia.org/wiki/ಜ್ಞಾನ,2026-05-02T09:30:05.910949+00:00,ಜ್ಞಾನ,noun,,"ಜ್ಞಾನ ಅನ್ನುವುದು ""ವಿಷಯಗಳ ಗ್ರಹಣ""(comprehension), ""ಕಲಿಕೆ""(Learning), ""ತಿಳುವಳಿಕೆ""(Understanding) ಇವನ್ನೆಲ್ಲಾ ಒಳಗೂಂಡು ಮನಸ್ಸು ಮಾಡುವ ಒಂದು ಪ್ರಕ್ರಿಯೆ"
wikipedia_summary,https://kn.wikipedia.org/wiki/ಜ್ಞಾನ,2026-05-02T09:30:05.910990+00:00,ಜ್ಞಾನ,noun,,"ಹೊರಗಿನ ಪ್ರಪಂಚದ ಎಷ್ಟೇ ಪ್ರಭಾವ ಇದ್ದರೂ ಕೂಡ, ಜ್ಞಾನ ಮನಸ್ಸಿನ ಒಳಗೆ ಮತ್ತು ಮನಸ್ಸಿನಲ್ಲಿ ಮಾತ್ರ ಆಗುವ ಪ್ರಕ್ರಿಯೆ"
wikipedia_summary,https://kn.wikipedia.org/wiki/ಜ್ಞಾನ,2026-05-02T09:30:05.910996+00:00,ಜ್ಞಾನ,noun,,ವೇದಾಂತ ಜ್ಞಾನಕ್ಕೆ ಭಗವದ್ಗೀತಾ ತಾತ್ಪರ್ಯ ನೋಡಿ
indowordnet_example,1403,2026-05-02T09:30:05.911190+00:00,ದುಃಖ,noun,1403,ದುಃಖದಲ್ಲಿ ಇರುವಾಗಲೆ ದೇವರ ನೆನಪಾಗುವುದು
wikipedia_summary,https://kn.wikipedia.org/wiki/ದುಃಖ,2026-05-02T09:30:06.867066+00:00,ದುಃಖ,noun,,"ದುಃಖ ಒಂದು ಭಾವನೆ, ಅನಿಸಿಕೆ, ಅಥವಾ ಚಿತ್ತವೃತ್ತಿ"
wikipedia_summary,https://kn.wikipedia.org/wiki/ದುಃಖ,2026-05-02T09:30:06.867105+00:00,ದುಃಖ,noun,,ದುಃಖ ದುಮ್ಮಾನಕ್ಕಿಂತ ಹೆಚ್ಚು ತೀವ್ರವಾಗಿರುತ್ತದೆ
wikipedia_summary,https://kn.wikipedia.org/wiki/ದುಃಖ,2026-05-02T09:30:06.867113+00:00,ದುಃಖ,noun,,"ಅದೇ ಸಮಯದಲ್ಲಿ ""ದುಃಖ — ಆದರೆ ಅಸಂತೋಷವಲ್ಲ — ತೊರೆತದ ಒಂದು ಹಂತವನ್ನು ಸೂಚಿಸುತ್ತದೆ"
wikipedia_summary,https://kn.wikipedia.org/wiki/ದುಃಖ,2026-05-02T09:30:06.867118+00:00,ದುಃಖ,noun,,ಇದರಿಂದ ದುಃಖಕ್ಕೆ ಮಹತ್ವದ ಅದರ ವಿಶಿಷ್ಟ ಅರ್ಥವನ್ನು ಕೊಡುತ್ತದೆ
wikipedia_summary,https://kn.wikipedia.org/wiki/ದುಃಖ,2026-05-02T09:30:06.867123+00:00,ದುಃಖ,noun,,"ಮೇಲಾಗಿ, ""ಮನೋಭಾವದ ವಿಷಯದಲ್ಲಿ, ದುಃಖ ದುಮ್ಮಾನ (ಸ್ವೀಕರಿಸುವುದು) ಮತ್ತು ಯಾತನೆ (ತಿರಸ್ಕರಿಸುವುದು) ನಡುವೆ ಅರೆಹಾದಿಯಲ್ಲಿದೆ ಎಂದು ಹೇಳಬಹುದು"""
wikipedia_summary,https://kn.wikipedia.org/wiki/ದುಃಖ,2026-05-02T09:30:06.867128+00:00,ದುಃಖ,noun,,ದುಃಖ ಅನಿಸದಿರುವುದು ನಮ್ಮ ಜೀವನಗಳಲ್ಲಿ ಭಯವನ್ನು ಬರಮಾಡಿಕೊಡುತ್ತದೆ
indowordnet_example,593,2026-05-02T09:30:06.867738+00:00,ಪೆಟ್ಟು,noun,593,ಶಿಕ್ಷಕ ಗಲಾಟೆ ಮಾಡಿದ ಮಕ್ಕಳಿಗೆ ಕೋಲಿನಿಂದ ಏಟು ಕೊಟ್ಟನು./ ಅವನು ಎಸೆದ ಕಲ್ಲಿನಿಂದ ನನಗೆ ಜೋರು ಪೆಟ್ಟು ಬಿತ್ತು.
indowordnet_example,8715,2026-05-02T09:30:06.867821+00:00,ಪೆಟ್ಟು,noun,8715,ಅವನಿಗೆ ಕಾರಿನ ಹೊಡೆತದಿಂದ ಪೆಟ್ಟುಬಿದ್ದಿತು.
indowordnet_example,13950,2026-05-02T09:30:08.340898+00:00,ಬಲೆ,noun,13950,ಅವರು ಒಂದು ಬಲೆಯನ್ನು ನೇರವಾಗಿ ಮತ್ತು ಇನ್ನೊಂದು ಬಲೆಯನ್ನು ಉಲ್ಟಾ ನೇಯಿದ್ದು ಈ ನಮೂನೆಯನ್ನು ತಯಾರಿಸಿದ್ದಾರೆ.
indowordnet_example,26732,2026-05-02T09:30:08.341020+00:00,ಬಲೆ,noun,26732,ಟೆನಿಸ್ ಆಟವಾಡಲು ಮಕ್ಕಳು ಮೈದಾನದಲ್ಲಿ ಬಲೆ ಕಟ್ಟಿದರು.
indowordnet_example,27437,2026-05-02T09:30:08.341081+00:00,ಬಲೆ,noun,27437,ಅವನು ಚೆಂಡನ್ನು ಬಲೆಯತ್ತ ತಳ್ಳಿದನು.
indowordnet_example,27443,2026-05-02T09:30:08.341120+00:00,ಬಲೆ,noun,27443,ಹಣ್ಣುಗಳ ಅಂಗಡಿಯಲ್ಲಿ ಕೆಲವು ಹಣ್ಣುಗಳನ್ನು ಬಲೆ ಅಥವಾ ಜಾಳಿಗೆಯಲ್ಲಿ ನೇತಾಕಿದ್ದರು.
indowordnet_example,34817,2026-05-02T09:30:08.341183+00:00,ಬಲೆ,noun,34817,ನಿನ್ನ ಬಲೆಯಲ್ಲಿ ಯಾರು ಬೇಕಾದರು ಬಂದು ಬೀಳುತ್ತಾರೆ.
indowordnet_example,35155,2026-05-02T09:30:08.341218+00:00,ಬಲೆ,noun,35155,ಪೊಲೀಸರು ಕೊಲೆಗಾರರನ್ನು ಹಿಡಿಯಲು ಬಲೆ ಬೀಸುವಲ್ಲಿ ನಿರತರಾಗಿದ್ದಾರೆ.
indowordnet_example,36957,2026-05-02T09:30:08.341326+00:00,ಬಲೆ,noun,36957,ಜೇಡ ತನ್ನ ಜೊಲ್ಲಿನಿಂದ ಬಲೆಯನ್ನು ಹೆಣೆಯುತ್ತಿದೆ.
indowordnet_example,7019,2026-05-02T09:30:08.341386+00:00,ಬಲೆ,noun,7019,ಬೇಟೆಗಾರನು ಮೊಲವನ್ನು ಬಲೆಯಿಂದ ಬಂಧಿಸಿದನು.
wikipedia_summary,https://kn.wikipedia.org/wiki/ಬಲೆ,2026-05-02T09:30:09.327185+00:00,ಬಲೆ,noun,,"ಅದರ ಪ್ರಾಥಮಿಕ ಅರ್ಥದಲ್ಲಿ, ಬಲೆಯು ಜಾಲರಿಯಂಥ ರಚನೆಯಲ್ಲಿ ಹೆಣೆದ ಎಳೆಗಳನ್ನು ಹೊಂದಿರುತ್ತದೆ"
wikipedia_summary,https://kn.wikipedia.org/wiki/ಬಲೆ,2026-05-02T09:30:09.327223+00:00,ಬಲೆ,noun,,ಪೂರ್ವದಲ್ಲಿ ಎಲ್ಲ ಬಲೆಗಳನ್ನು ಕೈಯಿಂದ ತಯಾರಿಸಲಾಗುತ್ತಿತ್ತು
wikipedia_summary,https://kn.wikipedia.org/wiki/ಬಲೆ,2026-05-02T09:30:09.327229+00:00,ಬಲೆ,noun,,"ದುಂಡು ಬಲೆಗಳಿಗಾಗಿ (ಉದಾಹರಣೆಗೆ ಪರ್ಸು ಬಲೆಗಳು, ಬಲೆಚೀಲಗಳು, ಅಥವಾ ತುರುಬುಬಲೆಗಳು) ಅವನ್ನು ಒಂದು ಏಕ ಬಿಂದುವಿನಿಂದ ಆರಂಭಿಸಬಹುದು, ಆದರೆ ಚೌಕಾಕಾರದ ಬಲೆಗಳನ್ನು ಸಾಮಾನ್ಯವಾಗಿ ಒಂದು ಶಿರರಜ್ಜುವಿನಿಂದ ಆರಂಭಿಸಲಾಗುತ್ತದೆ"
wikipedia_summary,https://kn.wikipedia.org/wiki/ಬಲೆ,2026-05-02T09:30:09.327234+00:00,ಬಲೆ,noun,,ಬಲೆಗಳನ್ನು ಬಹುತೇಕ ಯಾವುದೇ ಬಗೆಯ ನೂಲನ್ನು ಬಳಸಿ ತಯಾರಿಸಬಹುದು
wikipedia_summary,https://kn.wikipedia.org/wiki/ಬಲೆ,2026-05-02T09:30:09.327240+00:00,ಬಲೆ,noun,,"ಸಾಂಪ್ರದಾಯಿಕ ಬಲೆ ವಸ್ತುಗಳು ಸ್ಥಳೀಯವಾಗಿ ಲಭ್ಯವಿರುವುದನ್ನು ಅವಲಂಬಿಸಿ ಬದಲಾಗುತ್ತವೆ; ಉದಾಹರಣೆಗೆ, ಮುಂಚಿನ ಐರೋಪ್ಯ ಮೀನಿನ ಬಲೆಗಳನ್ನು ಹಲವುವೇಳೆ ನಾರುಬಟ್ಟೆಯಿಂದ ತಯಾರಿಸಲಾಗುತ್ತಿತ್ತು, ಆದರೆ ಈಗ ಹೆಚ್ಚುಕಾಲ ಬಾಳುವ ಸಂಶ್ಲೇಷಿತ ವಸ್ತುಗಳು ತಕ್ಕಮಟ್ಟಿಗೆ ಸಾರ್ವತ್ರಿಕವಾಗಿವೆ"
wikipedia_summary,https://kn.wikipedia.org/wiki/ಬಲೆ,2026-05-02T09:30:09.327244+00:00,ಬಲೆ,noun,,"ನೈಲಾನ್ ಏಕತಂತು ಬಲೆಗಳು ಪಾರದರ್ಶಕವಾಗಿರುತ್ತವೆ, ಮತ್ತು ಹಾಗಾಗಿ ಇವನ್ನು ಹಲವುವೇಳೆ ಮೀನುಗಾರಿಕೆ ಮತ್ತು ಬೋನುಗಳಿಗಾಗಿ ಬಳಸಲಾಗುತ್ತದೆ"
indowordnet_example,2670,2026-05-02T09:30:09.327365+00:00,ಹಗ್ಗ,noun,2670,ಈ ಮಂಚದ ಹೆಣಿಕೆಯನ್ನು ಕಟ್ಟುವ ಹಗ್ಗ ಸಡಿಲವಾಗಿದೆ.
indowordnet_example,3827,2026-05-02T09:30:09.327407+00:00,ಹಗ್ಗ,noun,3827,ಹಗ್ಗವನ್ನು ಬಳಸಿ ಬಾವಿಯಿಂದ ನೀರನ್ನು ಸೇದುತ್ತಾರೆ.
indowordnet_example,7178,2026-05-02T09:30:09.327577+00:00,ಹಗ್ಗ,noun,7178,ಅವನು ಹಗ್ಗವನ್ನು ಎಳೆದುಕೊಂಡು ಬಾವಿಯ ಒಳಗೆ ಇಳಿದುಬಿಟ್ಟ.
indowordnet_example,7203,2026-05-02T09:30:09.327616+00:00,ಹಗ್ಗ,noun,7203,ಬಾವಿಯಿಂದ ನೀರು ತುಂಬಿದ ಕೊಡವನ್ನು ಎಳೆಯುತ್ತಿದ್ದಾಗ ಹಗ್ಗ ಕೈಯಿಂದ ಜಾರಿ ಬಾವಿಯೊಳಗೆ ಬಿದ್ದಿತು
indowordnet_example,7969,2026-05-02T09:30:09.327653+00:00,ಹಗ್ಗ,noun,7969,ರೈತನು ಚೀಲದ ಬಾಯನ್ನು ಹಗ್ಗದಿಂದ ಬಿಗಿಯುತ್ತಿದ್ದಾನೆ.
indowordnet_example,8330,2026-05-02T09:30:09.327684+00:00,ಹಗ್ಗ,noun,8330,ಅವನು ಹಗ್ಗದಿಂದ ಕಳ್ಳನ ಕೈಯನ್ನು ಕಟ್ಟಿದ.
indowordnet_example,848,2026-05-02T09:30:09.327733+00:00,ಹಗ್ಗ,noun,848,ಹಳ್ಳಿಯಲ್ಲಿ ಸಿಕ್ಕಿಬಿದ್ದ ಕಳ್ಳನೊಬ್ಬನನ್ನು ಹಗ್ಗದಿಂದ ಬಿಗಿದು ಕಟ್ಟಿದ್ದಾರೆ.
wikipedia_summary,https://kn.wikipedia.org/wiki/ಹಗ್ಗ,2026-05-02T09:30:10.510681+00:00,ಹಗ್ಗ,noun,,"ಹಗ್ಗವು ಹೆಚ್ಚು ದೊಡ್ಡ ಹಾಗೂ ಹೆಚ್ಚು ಬಲಶಾಲಿ ರೂಪವನ್ನು ಸೃಷ್ಟಿಸಲು ಒಟ್ಟಾಗಿ ತಿರುಚಿದ ಅಥವಾ ಹೆಣೆದ ನೂಲುಗಳು, ಹುರಿಗಳು, ನಾರುಗಳು ಅಥವಾ ಎಳೆಗಳ ಗುಂಪು"
wikipedia_summary,https://kn.wikipedia.org/wiki/ಹಗ್ಗ,2026-05-02T09:30:10.510724+00:00,ಹಗ್ಗ,noun,,ಹಗ್ಗಗಳು ಕರ್ಷಕ ಶಕ್ತಿಯನ್ನು ಹೊಂದಿರುತ್ತವೆ ಹಾಗಾಗಿ ಇವನ್ನು ಎಳೆಯಲು ಮತ್ತು ಎತ್ತಲು ಬಳಸಬಹುದು
wikipedia_summary,https://kn.wikipedia.org/wiki/ಹಗ್ಗ,2026-05-02T09:30:10.510730+00:00,ಹಗ್ಗ,noun,,"ಹಗ್ಗವು ಸಮಾನ ರೀತಿಯಲ್ಲಿ ರಚನೆಗೊಂಡ ಹುರಿ, ದಾರ ಮತ್ತು ನೂಲಿಗಿಂತ ಹೆಚ್ಚು ದಪ್ಪ ಹಾಗೂ ಹೆಚ್ಚು ಗಟ್ಟಿಮುಟ್ಟಾಗಿರುತ್ತದೆ"
wikipedia_summary,https://kn.wikipedia.org/wiki/ಹಗ್ಗ,2026-05-02T09:30:10.510736+00:00,ಹಗ್ಗ,noun,,"ಹಗ್ಗವನ್ನು ಯಾವುದೇ ಉದ್ದನೆಯ, ನಾರುಗಳಿರುವ, ಎಳೆಗಳಿಂದ ಕೂಡಿದ ವಸ್ತುವಿನಿಂದ ತಯಾರಿಸಬಹುದು, ಆದರೆ ಸಾಮಾನ್ಯವಾಗಿ ಕೆಲವು ನೈಸರ್ಗಿಕ ಅಥವಾ ಕೃತಕ ನಾರುಗಳಿಂದ ತಯಾರಿಸಲಾಗುತ್ತದೆ"
wikipedia_summary,https://kn.wikipedia.org/wiki/ಹಗ್ಗ,2026-05-02T09:30:10.510747+00:00,ಹಗ್ಗ,noun,,"ಕೃತಕ ನಾರಿನ ಹಗ್ಗಗಳು ತಮ್ಮ ನೈಸರ್ಗಿಕ ನಾರಿನ ಸಮಸ್ಥಾನಿಕಗಳಿಗಿಂತ ಗಣನೀಯವಾಗಿ ಗಟ್ಟಿಮುಟ್ಟಗಿರುತ್ತವೆ, ಹೆಚ್ಚಿನ ಕರ್ಷಕ ಶಕ್ತಿಯನ್ನು ಹೊಂದಿರುತ್ತವೆ, ನೈಸರ್ಗಿಕ ನಾರುಗಳಿಂದ ಉತ್ಪಾದಿಸಿದ ಹಗ್ಗಗಳಿಗಿಂತ ಕೊಳೆತ ನಿರೋಧಕವಾಗಿರುತ್ತವೆ, ಮತ್ತು ಇವನ್ನು ನೀರಿನ ಮೇಲೆ ತೇಲುವಂತೆ ಮಾಡಬಹುದು"
indowordnet_example,10933,2026-05-02T09:30:10.510895+00:00,ಹೇಳು,verb,10933,ಬನಾರಸ್ ನನ್ನು ಕಾಶಿ ಕ್ಷೇತ್ರವೆಂದು ಹೇಳುವರು.
indowordnet_example,11482,2026-05-02T09:30:10.510920+00:00,ಹೇಳು,verb,11482,ಅಜ್ಜಿಯು ರಾತ್ರಿ ನಮಗೆಲ್ಲಾ ಕಥೆಯನ್ನು ಹೇಳುತ್ತಾಳೆ.
indowordnet_example,11483,2026-05-02T09:30:10.510946+00:00,ಹೇಳು,verb,11483,ನನ್ನ ಅತ್ತೆ ನನಗೆ ಯಾವಾಗಲೂ ಏನನ್ನಾದರೂ ಹೇಳುತ್ತಿರುತ್ತಾರೆ.
indowordnet_example,13376,2026-05-02T09:30:10.511135+00:00,ಹೇಳು,verb,13376,ಮಗು ರಾಮ-ರಾಮ ಎಂದು ಹೇಳುತ್ತಿದೆ.
indowordnet_example,13530,2026-05-02T09:30:10.511188+00:00,ಹೇಳು,verb,13530,"ಏನು ನಡೆಯಬೇಕಿತ್ತೊ ಅದು ನಡೆದುಹೋಯಿತು, ಅದೇ ಮಾತನ್ನು ಪದೇ ಪದೇ ಏಕೆ ಹೇಳುವೆ."
indowordnet_example,27671,2026-05-02T09:30:10.511302+00:00,ಹೇಳು,verb,27671,ಈ ಎರಡು ನಗರಗಳ ನಡುವೆ ಇರುವ ದೂರವನ್ನು ಕಿಲೋಮೀಟರ್ ನಲ್ಲಿ ನೀವು ಹೇಳುಲು ಆಗುವುದೆ.
indowordnet_example,12446,2026-05-02T09:30:11.254547+00:00,ಮುಚ್ಚು,verb,12446,ಅವನು ಇಲಿಯ ಬಿಲವನ್ನು ಮುಚ್ಚುತ್ತಿದ್ದ.
indowordnet_example,9803,2026-05-02T09:30:11.255173+00:00,ಮುಚ್ಚು,verb,9803,ಚಿಕ್ಕ ಮಕ್ಕಳು ಕಣ್ಣು ಮುಚ್ಚು ಆಡುವುದನ್ನು ನೋಡಿದರೆ ಆನಂದವಾಗುತ್ತದೆ.
indowordnet_example,12499,2026-05-02T09:30:12.136889+00:00,ಹೊಡೆ,verb,12499,ಚದುರಂಗ ಆಡುವವನು ಒಂದು ಸೈನಿಕನಿಂದ ಪ್ರತಿಸ್ಪರ್ಧಿಯ ಮಂತ್ರಿಯನ್ನು ಹೊಡೆದರು.
indowordnet_example,13501,2026-05-02T09:30:12.136954+00:00,ಹೊಡೆ,verb,13501,ತುಂಬಾ ಕಷ್ಟಪಟ್ಟು ಗೋಡೆಗೆ ಮೊಳೆಯನ್ನು ಹೊಡೆಯಲಾಯಿತು.
indowordnet_example,16819,2026-05-02T09:30:12.137017+00:00,ಹೊಡೆ,verb,16819,ರಮೇಶ ತಮಟೆಯನ್ನು ಹೊಡೆಯುತ್ತಿದ್ದಾನೆ.
indowordnet_example,23699,2026-05-02T09:30:12.137115+00:00,ಹೊಡೆ,verb,23699,ಸೈನಿಕನು ಕಳ್ಳನನ್ನು ಹೊಡೆಯುತ್ತಿದ್ದಾನೆ.
indowordnet_example,26693,2026-05-02T09:30:12.137147+00:00,ಹೊಡೆ,verb,26693,ನಾವು ಎರಡು ಗೋಲ್ ಹೊಡೆದೆವು.
indowordnet_example,35499,2026-05-02T09:30:12.137205+00:00,ಹೊಡೆ,verb,35499,ಇಂದು ಸಚ್ಚಿನ್ ಶತಕವನ್ನು ಹೊಡೆದನು.
indowordnet_example,36669,2026-05-02T09:30:12.137237+00:00,ಹೊಡೆ,verb,36669,ಅರ್ಜುನ ಬಿಟ್ಟ ಬಾಣವು ನೇರವಾಗಿ ಮೀನಿನ ಕಣ್ಣಿಗೆ ಹೋಗಿ ಹೊಡೆಯಿತು.
indowordnet_example,38062,2026-05-02T09:30:12.137292+00:00,ಹೊಡೆ,verb,38062,ತಬಲದ ಮೇಲೆ ಪೌಡರ್ ನನ್ನು ಹಾಕಿ ಅದನ್ನು ದುಂಡಾದ ಕಲ್ಲಿನಿಂದ ಹೊಡೆಯುತ್ತಾರೆ
indowordnet_example,5438,2026-05-02T09:30:12.137325+00:00,ಹೊಡೆ,verb,5438,ರಾಮನು ರಾಣನ ಮೇಲೆ ಅಮೋಘ ಅಸ್ತ್ರವನ್ನು ಹೊಡೆದನು.
indowordnet_example,5596,2026-05-02T09:30:12.137359+00:00,ಹೊಡೆ,verb,5596,ಅವಳು ದಿನನಿತ್ಯ ಮನೆಯ ದೂಳು ತೆಗೆಯುತ್ತಾಳೆ./ಅವನು ಬಟ್ಟೆಗಳ ಮೇಲಿರುವ ಧೂಳನ್ನು ಹೊಡೆಯುತ್ತಿದ್ದಾನೆ.
indowordnet_example,591,2026-05-02T09:30:12.137408+00:00,ಹೊಡೆ,verb,591,ಅವನು ಬೆತ್ತದಿಂದ ಹೊಡೆದನು.
indowordnet_example,7884,2026-05-02T09:30:12.137438+00:00,ಹೊಡೆ,verb,7884,ಅವನು ಮೊಹನನ್ನು ಒಂದೇ ಕೈಯಿಂದ ಹೊಡೆದ.
indowordnet_example,8938,2026-05-02T09:30:12.137469+00:00,ಹೊಡೆ,verb,8938,ರಾಮನು ಮೂರ್ತಿಯನ್ನು ಹಾಕುವುದಕ್ಕಾಗಿ ಗೋಡೆಗೆ ಮೊಳೆಯನ್ನು ಹೊಡೆಯುತ್ತಿದ್ದಾನೆ.
indowordnet_example,9582,2026-05-02T09:30:12.137499+00:00,ಹೊಡೆ,verb,9582,ದೇವಾಲಯದಲ್ಲಿ ಘಂಟೆ ಹೊಡೆಯುತ್ತಿದ್ದಾರೆ.
indowordnet_example,10863,2026-05-02T09:30:12.949553+00:00,ಮುರಿ,verb,10863,ಜೇನು ಗೂಡು ಮುರಿದ ಕಾರಣ ಅವು ಜನರನ್ನು ಕಚ್ಚತೊಡಗಿತು.
indowordnet_example,12516,2026-05-02T09:30:12.949635+00:00,ಮುರಿ,verb,12516,ಮಗುವಿನ ಒಂದು ಹಲ್ಲು ಮುರಿದು ಹೋಯಿತು.
indowordnet_example,12521,2026-05-02T09:30:12.949658+00:00,ಮುರಿ,verb,12521,ಸಲ್ಮಾಳ ಮದುವೆ ಮುರಿದು ಬಿತ್ತು.
indowordnet_example,12522,2026-05-02T09:30:12.949680+00:00,ಮುರಿ,verb,12522,ಹಳ್ಳಿಯಲ್ಲಿ ಹಳೆ ಶಾಲೆಯ ಕಟ್ಟಡ ಮುರಿದು ಬಿದ್ದಿದೆ.
indowordnet_example,18273,2026-05-02T09:30:12.949728+00:00,ಮುರಿ,verb,18273,ಆಟೋ ಚಾಲಕನಿಗೆ ಹಣ ನೀಡಲು ಅವನು ಐನೂರರ ನೋಟನ್ನು ಮುರಿಸಿದ.
indowordnet_example,18384,2026-05-02T09:30:12.949791+00:00,ಮುರಿ,verb,18384,ರಾಮೂ ತುರುಪ ಎಲೆ ಹಾಕಿ ಎಕ್ಕವನ್ನು ಮುರಿದ.
indowordnet_example,19122,2026-05-02T09:30:12.949875+00:00,ಮುರಿ,verb,19122,ಸೊಸೆ ಮನೆಗೆ ಕಾಲಿಡುತ್ತಿದ್ದಂತೆ ಅವನ ಮನೆ ಮುರಿದು ಬಿದ್ದಿತು.
indowordnet_example,32327,2026-05-02T09:30:12.949896+00:00,ಮುರಿ,verb,32327,ಅವನು ರಾಮನಿಂದ ತನ್ನ ಸಂಬಂಧವನ್ನು ಮುರಿದುಕೊಂಡ.
indowordnet_example,35383,2026-05-02T09:30:12.949935+00:00,ಮುರಿ,verb,35383,ಮನೆಯ ಯಜಮಾನಿಯು ಇಂದು ಗಾಜಿನ ಲೋಟವನ್ನು ಮುರಿದು ಹಾಕಿದಳು.
indowordnet_example,35243,2026-05-02T09:30:13.775811+00:00,ಹರಡು,verb,35243,ಪಟ್ಟಣದಲ್ಲಿ ಇತ್ತೀಚೆಗೆ ಮಲೇರಿಯಾ ಪ್ರಬಲವಾಗಿ ಹರಡುತ್ತಿದೆ.
indowordnet_example,12055,2026-05-02T09:30:14.582075+00:00,ಆರಿಸು,verb,12055,ಮಲೀಕರು ಕೆಲಸದವರ ಹತ್ತಿರ ಕಾಳುಗಳನ್ನು ಆರಿಸುವ ಕೆಲಸ ಮಾಡಿಸುತ್ತಿದ್ದಾರೆ.
indowordnet_example,14104,2026-05-02T09:30:14.582212+00:00,ಆರಿಸು,verb,14104,ಅಂಗಡಿಯವನು ಉರಿಯುತ್ತಿರುವ ಇದ್ದಲನ್ನು ಆರಿಸುತ್ತಿದ್ದಾನೆ.
indowordnet_example,3080,2026-05-02T09:30:14.582431+00:00,ಆರಿಸು,verb,3080,ಅವನು ಪುಟ್ಟಿಯಿಂದ ಚೆಂದದ ಮಾವಿನಹಣ್ಣುಗಳನ್ನು ಆರಿಸುತ್ತಿದ್ದಾನೆ.
indowordnet_example,36419,2026-05-02T09:30:14.582546+00:00,ಆರಿಸು,verb,36419,ವೈಜ್ಞಾನಿಕವಾಗಿ ಯಾವುದೇ ದುರ್ಘಟನೆ ಆಗಬಾರದೆಂದು ರಿಯಾಕ್ಟರ್ ಗಳನ್ನು ಆರಿಸುತ್ತಿದ್ದಾರೆ.
indowordnet_example,37406,2026-05-02T09:30:14.582593+00:00,ಆರಿಸು,verb,37406,ತಾಯಿಯು ಮಗುವಿಗೆ ಊಟ ಮಾಡಿಸಲು ಅನ್ನವನ್ನು ಆರಿಸುತ್ತಿದ್ದಾಳೆ.
indowordnet_example,35385,2026-05-02T09:30:15.396437+00:00,ಓಡಿಸು,verb,35385,"ಈ ಜನರು ಕೆಸರಗಾರನನ್ನು ಉಳಿಯಲು ಬಿಡುವುದಿಲ್ಲ, ಅವನು ಬರುತ್ತಿದ್ದ ಹಾಗೆಯೇ ಅವನ್ನು ಓಡಿಸುತ್ತಾರೆ."
indowordnet_example,9172,2026-05-02T09:30:15.396706+00:00,ಓಡಿಸು,verb,9172,ನಾಯಿ ಬೆಕ್ಕನ್ನು ಓಡಿಸುತ್ತಿದೆ.
indowordnet_example,10844,2026-05-02T09:30:16.298296+00:00,ಹಾಕು,verb,10844,ಖಾಯಿಪಲ್ಯೆಗೆ ಉಪ್ಪನ್ನು ಹಾಕು.
indowordnet_example,7051,2026-05-02T09:30:16.298643+00:00,ಹಾಕು,verb,7051,ಅಡುಗೆ ಮಾಡುವಾಗ ಸೀತೆ ಉರಿ ಹಸನಾಗಲು ಮಧ್ಯೆ-ಮಧ್ಯೆ ಚಕ್ಕೆಗಳನ್ನು ಹಾಕುತ್ತಿದ್ದಾಳೆ.
indowordnet_example,10852,2026-05-02T09:30:17.158522+00:00,ತೆಗೆ,verb,10852,"ಯಾರೋ ಬಂದಿದ್ದಾರೇ, ಬಾಗಿಲನ್ನು ತೆಗೆ."
indowordnet_example,11317,2026-05-02T09:30:17.158590+00:00,ತೆಗೆ,verb,11317,ಮಗು ಸ್ನಾನ ಮಾಡುವುದಕ್ಕಾಗಿ ತನ್ನ ಬಟ್ಟೆಯನ್ನು ತೆಗೆಯಿತು.
indowordnet_example,11318,2026-05-02T09:30:17.158623+00:00,ತೆಗೆ,verb,11318,ನೀವು ಐದು ನಿಮಿಷ ಇರಿ ಈಗಲೇ ಪೂರಿಗಳನ್ನು ತೆಗೆಯುತ್ತೀನಿ.
indowordnet_example,11484,2026-05-02T09:30:17.158654+00:00,ತೆಗೆ,verb,11484,ಅವನು ಜೇನಿನ ಗೂಡಿನಿಂದ ಜೇನನ್ನು ಹೊರತೆಗೆಯುತ್ತಿದ್ದಾನೆ.
indowordnet_example,11846,2026-05-02T09:30:17.158689+00:00,ತೆಗೆ,verb,11846,ಅಮ್ಮ ಬಟ್ಟೆಗೆ ಅಂಟಿ ಕೊಂಡಿರುವ ಕೊಳೆಯನ್ನು ತೆಗೆಯುತ್ತಿದ್ದಾಳೆ.
indowordnet_example,12023,2026-05-02T09:30:17.158725+00:00,ತೆಗೆ,verb,12023,ಅಮ್ಮನ ನಾಲ್ಕು ಸೀರೆಗಳಲ್ಲಿ ಶೀಲ ಒಂದು ಆರಿಸಿ ತೆಗೆದುಕೊಂಡಳು.
indowordnet_example,35420,2026-05-02T09:30:17.158930+00:00,ತೆಗೆ,verb,35420,ನೀವು ಈ ಸಂಖ್ಯೆಗಳ ಸರಾಸರಿಯನ್ನು ಹೊರತೆಗೆಯಿರಿ.
indowordnet_example,35565,2026-05-02T09:30:17.158995+00:00,ತೆಗೆ,verb,35565,ಅವಳು ತನ್ನ ಬ್ಯಾಗಿನಲ್ಲಿರುವ ಪುಸ್ತಕವನ್ನು ಹೊರತೆಗೆದಳು.
indowordnet_example,36481,2026-05-02T09:30:17.159089+00:00,ತೆಗೆ,verb,36481,ನಿಮ್ಮ ಛಾಯಾಚಿತ್ರ ತೆಗೆದಾಯಿತು.
indowordnet_example,5596,2026-05-02T09:30:17.159163+00:00,ತೆಗೆ,verb,5596,ಅವಳು ದಿನನಿತ್ಯ ಮನೆಯ ದೂಳು ತೆಗೆಯುತ್ತಾಳೆ./ಅವನು ಬಟ್ಟೆಗಳ ಮೇಲಿರುವ ಧೂಳನ್ನು ಹೊಡೆಯುತ್ತಿದ್ದಾನೆ.
indowordnet_example,11595,2026-05-02T09:30:17.956077+00:00,ನಿಲ್ಲಿಸು,verb,11595,ಡ್ರೈವರ್ ಗಾಡಿಯನ್ನು ಬಸ್ ಸ್ಟ್ಯಾಂಡಿಗೆ ತುಂದು ನಿಲ್ಲಿಸು
indowordnet_example,9925,2026-05-02T09:30:17.956683+00:00,ನಿಲ್ಲಿಸು,verb,9925,ಕಾವಲುಗಾನು ಕಾರನ್ನು ಬಂಗಲೆ ಹೊರಗೇ ನಿಲ್ಲಿಸುವಂತೆ ಹೇಳಿದನು.
indowordnet_example,27520,2026-05-02T09:30:19.591550+00:00,ಮಾಡು,verb,27520,"ರೋಸ್ ಮರದಿಂದ ಕುರ್ಚಿ, ಮೇಜು ಮುಂತಾದವುಗಳನ್ನು ಮಾಡುತ್ತಾರೆ."
indowordnet_example,27521,2026-05-02T09:30:19.591569+00:00,ಮಾಡು,verb,27521,ನೀವು ಒಂದು ದೊಡ್ಡ ತಪ್ಪನ್ನೇ ಮಾಡುತ್ತಿದ್ದೀರ.
indowordnet_example,27523,2026-05-02T09:30:19.591579+00:00,ಮಾಡು,verb,27523,ಅನುಶಾಸನಗಳು ನಮ್ಮನು ಮಹಾ ವ್ಯಕ್ತಿಗಳಾಗಿ ಮಾಡುತ್ತದೆ.
indowordnet_example,27599,2026-05-02T09:30:19.591591+00:00,ಮಾಡು,verb,27599,ಒಳ್ಳೆಯ ಸಾರಾಯಿ ಮಾಡಲು ಹಣ್ಣುಗಳ ರಸವನ್ನು ಹೆಚ್ಚು ಸಮಯದ ವರೆಗೂ ಕಿಣ್ವಕರಣ ಮಾಡುತಾರೆ.
indowordnet_example,27688,2026-05-02T09:30:19.591603+00:00,ಮಾಡು,verb,27688,ಅವನು ಲೋಹದಿಂದ ಯಾವುದೋ ವಿಷೇಶವಾದ ಉಪಕರಣವನ್ನು ಮಾಡುತ್ತಿದ್ದಾನೆ
indowordnet_example,3295,2026-05-02T09:30:19.591620+00:00,ಮಾಡು,verb,3295,ನಾನೀಗಲೇ ಈ ಕೆಲಸವನ್ನು ಮಾಡುತ್ತೇನೆ.
indowordnet_example,11863,2026-05-02T09:30:20.410671+00:00,ಬರು,verb,11863,ಒಂದು ಕೆ.ಜಿ. ಗೆ ಕೇವಲ ಐದು ಮಾವಿನ ಹಣ್ಣು ಬರುತ್ತದೆ.
indowordnet_example,11881,2026-05-02T09:30:20.410741+00:00,ಬರು,verb,11881,ಶ್ರಾವಣ ಮಾಸ ಬರುತ್ತಲಿದೆ.
indowordnet_example,11884,2026-05-02T09:30:20.410797+00:00,ಬರು,verb,11884,ಸೋಮವಾರದಂದು ನಮ್ಮ ಹೊಸ ಕಾರು ಬರುತ್ತದೆ.
indowordnet_example,28203,2026-05-02T09:30:20.410961+00:00,ಬರು,verb,28203,ಹಿಮಾಲಯವು ಭಾರತದ ಉತ್ತರ ಕಡೆಗೆ ಬರುತ್ತದೆ.
indowordnet_example,3437,2026-05-02T09:30:20.410996+00:00,ಬರು,verb,3437,ಶ್ಯಾಮನು ಇಂದು ಬರುತ್ತಿದ್ದಾನೆ./ಅವನು ಇಂದೇ ದೆಹಲಿ ತಲುಪುತ್ತಾನೆ.
indowordnet_example,14195,2026-05-02T09:30:21.234672+00:00,ರಕ್ಷಿಸು,verb,14195,ಅವನು ಕಣಜದಲ್ಲಿ ಧಾನ್ಯಗಳನ್ನು ಹಾಕಿ ರಕ್ಷಿಸುತ್ತಿದ್ದಾನೆ.
indowordnet_example,11582,2026-05-02T09:30:22.060162+00:00,ಆಗು,verb,11582,ಮನೋಜ್ ಅವರು ಸಂಬಂಧದಲ್ಲಿ ನನಗೆ ಚಿಕ್ಕಪ್ಪ ಆಗುತ್ತಾರೆ.
indowordnet_example,11883,2026-05-02T09:30:22.060366+00:00,ಆಗು,verb,11883,ಇಷ್ಟು ಚಿಕ್ಕದಾದ ಬಟ್ಟೆ ನನಗೆ ಆಗುವುದಿಲ್ಲ.
indowordnet_example,36203,2026-05-02T09:30:22.060480+00:00,ಆಗು,verb,36203,ಯಾವುದಾದರೂ ಕೆಲಸವನ್ನು ಮಾಡುವುದರಿಂದ ಈ ಕೆಲಸ ಆಗುತ್ತದೆ.
indowordnet_example,5023,2026-05-02T09:30:22.060538+00:00,ಆಗು,verb,5023,ಜೋತಿಷಿಗಳು ಹೇಳಿದ ಮಾತುಗಳು ನನ್ನ ಜೀವನದಲ್ಲಿ ಆಗುತ್ತಿದೆ.
indowordnet_example,11241,2026-05-02T09:30:22.796366+00:00,ಕಠಿಣವಾದ,adjective,11241,ಈ ಕಠಿಣವಾದ ಸಮಸ್ಯಗೆ ಸಮಾಧಾನವನ್ನು ಅತಿ ವೇಗವಾಗಿ ಹುಡುಕುವುದು ಅವಶ್ಯ.
indowordnet_example,13388,2026-05-02T09:30:22.796436+00:00,ಕಠಿಣವಾದ,adjective,13388,ಅವನು ಹಗ್ಗಕ್ಕೆ ಕಠಿಣವಾದ ಅಥವಾ ಬಿಚ್ಚಲಾಗದ ಗಂಟನ್ನು ಹಾಕಿದ್ದಾನೆ.
indowordnet_example,16286,2026-05-02T09:30:22.796589+00:00,ಕಠಿಣವಾದ,adjective,16286,ಈ ಕಠಿಣವಾದ ಲೆಕ್ಕವನ್ನು ಮೊದಲು ಯಾರು ಬಿಡಿಸುವಿರಿ?
indowordnet_example,22109,2026-05-02T09:30:22.796622+00:00,ಕಠಿಣವಾದ,adjective,22109,ಈ ಕಠಿಣವಾದ ಕೆಲಸದಲ್ಲಿ ನಾನು ಕೈ ಹಾಕುವುದಿಲ್ಲ.
indowordnet_example,23070,2026-05-02T09:30:22.796661+00:00,ಕಠಿಣವಾದ,adjective,23070,ಈ ಕಠಿಣವಾದ ಪ್ರಶ್ನೆಯ ಉತ್ತರವನ್ನು ಪ್ರಶ್ನೆಯನ್ನು ತಯಾರು ಮಾಡಿದವರ ಹತ್ತಿರವೇ ಕೇಳುವುದು ಉಚಿತ.
indowordnet_example,1612,2026-05-02T09:30:23.696961+00:00,ಗಟ್ಟಿಯಾದ,adjective,1612,ಅವನು ಈ ಪಂದ್ಯದಲ್ಲಿ ಗೆಲ್ಲಲೇಬೇಕೆಂದು ಗಟ್ಟಿಯಾದ ನಿರ್ಧಾರ ಮಾಡಿದ್ದಾನೆ.
indowordnet_example,16370,2026-05-02T09:30:23.697035+00:00,ಗಟ್ಟಿಯಾದ,adjective,16370,ನಾವೆಲ್ಲರು ಊಟ ಮಾಡಿದ ಮೇಲೆ ಎರಡು ಲೋಟದಷ್ಟಯ ಗಟ್ಟಿಯಾದ ಕಬ್ಬಿನ ಹಾಲನ್ನು ಕುಡಿದೆವು.
indowordnet_example,6010,2026-05-02T09:30:23.697188+00:00,ಗಟ್ಟಿಯಾದ,adjective,6010,ಮಕ್ಕಳು ಗಟ್ಟಿಯಾದ ಸ್ವರದಲ್ಲಿ ಹಾಡುತ್ತಿದ್ದಾರೆ.
indowordnet_example,26906,2026-05-02T09:30:24.519397+00:00,ಸ್ಥಿರವಾದ,adjective,26906,ಕೆಲವು ವಸ್ತುಗಳನ್ನು ಸ್ಥಿರವಾದ ತಾಪಮಾನದಲ್ಲಿಡಲಾಗುತ್ತದೆ.
indowordnet_example,31274,2026-05-02T09:30:24.519474+00:00,ಸ್ಥಿರವಾದ,adjective,31274,ಅವನ ಬಿಳಿ ಇಂದು ಯಾವುದೂ ಸ್ಥಿರವಾದ ಸಂಪತ್ತು ಇಲ್ಲ.
indowordnet_example,35365,2026-05-02T09:30:24.519512+00:00,ಸ್ಥಿರವಾದ,adjective,35365,ನಾಳೆಯ ಸ್ಥಿರವಾದ ಚದುರಂಗ ಪಂದ್ಯಕ್ಕೆ ಹೋಗುವುದಕ್ಕೆ ಇಂದು ಆಟವನ್ನು ಪ್ರಾರಂಭಿಸುತ್ತೇವೆ.
indowordnet_example,12849,2026-05-02T09:30:26.818412+00:00,ಒಣಗಿದ,adjective,12849,ಒಣಗಿದ ಗಿಡಗಳಿಗೆ ನೀರನ್ನು ಹಾಕಿ.
indowordnet_example,19110,2026-05-02T09:30:26.818523+00:00,ಒಣಗಿದ,adjective,19110,ರೈತರು ಪ್ರಸನ್ನತಾಪೂರ್ವಕವಾಗಿ ಒಣಗಿದ ರೊಟ್ಟಿ ಮತ್ತು ಚಟ್ನಿಯನ್ನು ತಿನ್ನುತ್ತಿದ್ದಾರೆ.
indowordnet_example,32769,2026-05-02T09:30:26.818575+00:00,ಒಣಗಿದ,adjective,32769,ಕೆಲವು ಜನರು ಒಣಗಿದ ಪುಷ್ಪಗಳನ್ನು ದೇವರಿಗೆ ಅರ್ಪಿಸುವುದಿಲ್ಲ.
indowordnet_example,35927,2026-05-02T09:30:26.818608+00:00,ಒಣಗಿದ,adjective,35927,ದೇವರಿಗೆ ಒಣಗಿದ ಹೂಗಳನ್ನು ಅರ್ಪಿಸುವುದಿಲ್ಲ.
indowordnet_example,4021,2026-05-02T09:30:26.818641+00:00,ಒಣಗಿದ,adjective,4021,ಬೇಸಿಗೆಯ ಕಾಲದಲ್ಲಿ ತ್ವಚೆ ಒಣಗಿದಂತೆ ಕಾಣುವುದು.
indowordnet_example,5795,2026-05-02T09:30:26.818671+00:00,ಒಣಗಿದ,adjective,5795,ರೈತನು ಒಣಗಿದ ಮರದ ಬುಡವನ್ನು ಕಡಿಯುತ್ತಿದ್ದಾನೆ.
indowordnet_example,8078,2026-05-02T09:30:26.818698+00:00,ಒಣಗಿದ,adjective,8078,ಒಣಗಿದ ಮರ ಬಿರುಗಾಳಿಗೆ ಬಿದ್ದಿತು
indowordnet_example,10186,2026-05-02T09:30:27.594299+00:00,ಒಳ್ಳೆಯ,adjective,10186,ನೀವು ಒಳ್ಳೆಯ ಮಾತುಗಳನ್ನು ಆಡಬೇಕು.
indowordnet_example,18101,2026-05-02T09:30:27.594420+00:00,ಒಳ್ಳೆಯ,adjective,18101,ಉಚಿತವಾದ ಕೆಲಸಗಳನ್ನು ಇಂದೇ ಮಾಡುವುದು ಒಳ್ಳೆಯದು.
indowordnet_example,28106,2026-05-02T09:30:27.594465+00:00,ಒಳ್ಳೆಯ,adjective,28106,ನಾನು ಅಲ್ಲಿ ಇಲ್ಲದೇ ಇದ್ದದ್ದು ಒಳ್ಳೆಯ ವಿಷಯ/ನಿಮ್ಮನ್ನು ಯಾರೂ ನೋಡದೆ ಇದ್ದದ್ದು ಒಳ್ಳೆಯದೇ ಆಯ್ತು.
indowordnet_example,35206,2026-05-02T09:30:27.594533+00:00,ಒಳ್ಳೆಯ,adjective,35206,ನಮಗೆ ಈ ಪ್ರಯೋಗಗಳಿಂದ ಒಳ್ಳೆಯ ಪರಿಣಾಮ ದೊರೆತಿದೆ
indowordnet_example,37693,2026-05-02T09:30:27.594564+00:00,ಒಳ್ಳೆಯ,adjective,37693,ಅವನು ಒಳ್ಳೆಯ ಗುಣಮಟ್ಟದ ಹಿಂದಿಯನ್ನು ಮಾತನಾಡುತ್ತಾರೆ.
indowordnet_example,13177,2026-05-02T09:30:28.415688+00:00,ನೀಚ,adjective,13177,ನೀಚ ಹೆಂಗಸನ್ನು ಸಮಾಜ ಎಂದೂ ಗೌರವಿಸುವುದಿಲ್ಲ.
indowordnet_example,10708,2026-05-02T09:30:30.757278+00:00,ಅಧಿಕೃತ,adjective,10708,ಈ ಕೆಲಸ ಮಾಡಲು ಪ್ರಬಂಧಕರು ನನಗೆ ಅಧಿಕೃತ ಅಧಿಕಾರ ನೀಡಿದ್ದಾರೆ.
indowordnet_example,15362,2026-05-02T09:30:30.757351+00:00,ಅಧಿಕೃತ,adjective,15362,ಅವನು ತನ್ನ ಅಧಿಕೃತ ಸಂಪತ್ತನ್ನು ದಾನ ಮಾಡಲು ಇಚ್ಛಿಸುತ್ತಾನೆ.
indowordnet_example,22569,2026-05-02T09:30:30.757411+00:00,ಅಧಿಕೃತ,adjective,22569,ಅವನು ಅಧಿಕೃತ ಆಜ್ಞೆಯನ್ನು ಹೊರಡಿಸಿದ.
indowordnet_example,22572,2026-05-02T09:30:30.757441+00:00,ಅಧಿಕೃತ,adjective,22572,ಅವನು ಅಧಿಕೃತವಾದ ಕೆಲಸದ ಮೇಲೆ ಹೊರಗಡೆ ಹೋಗಿದ್ದಾನೆ.
indowordnet_example,2746,2026-05-02T09:30:30.757479+00:00,ಅಧಿಕೃತ,adjective,2746,ಅಧಿಕೃತವಾಗಿ ಪಡೆದ ಜಮೀನನ್ನು ಹಿಂದಿರುಗಿಸಬೇಕೆಂದು ಸರ್ಕಾರ ಆದೇಶ ನೀಡಿದೆ.
indowordnet_example,32940,2026-05-02T09:30:30.757592+00:00,ಅಧಿಕೃತ,adjective,32940,ನಾವು ಯಾವುದೇ ವಿಷಯವನ್ನು ಗ್ರಹಿಸಬೇಕಾದರೆ ನಮ್ಮ ಅಧಿಕೃತ ಭಾಷೆಯಿಂದ ಮಾತ್ರ ಚನ್ನಾಗಿ ಅರ್ಥ ಮಾಡಿಕೊಳ್ಳಲು ಸಾಧ್ಯ.
indowordnet_example,13388,2026-05-02T09:30:31.561800+00:00,ಕಠಿಣ,adjective,13388,ಅವನು ಹಗ್ಗಕ್ಕೆ ಕಠಿಣವಾದ ಅಥವಾ ಬಿಚ್ಚಲಾಗದ ಗಂಟನ್ನು ಹಾಕಿದ್ದಾನೆ.
indowordnet_example,2347,2026-05-02T09:30:31.561898+00:00,ಕಠಿಣ,adjective,2347,ನಾವು ಕಠಿಣ ಮಾರ್ಗದಲ್ಲಿ ನಡೆಯುತ್ತಿದ್ದೇವೆ.
indowordnet_example,34550,2026-05-02T09:30:31.562004+00:00,ಕಠಿಣ,adjective,34550,ಕಠಿಣ ಪರಿಶ್ರಮದ ಫಲವಾಗಿ ನನಗೆ ಈ ಬಾರಿ ಗಣಿತದಲ್ಲಿ ಒಳ್ಳೆಯ ಅಂಕ ಬಂದಿದೆ.
indowordnet_example,9141,2026-05-02T09:30:31.562149+00:00,ಕಠಿಣ,adjective,9141,ಮನೆಯ ಆರ್ಥಿಕ ಸ್ಥಿತಿ ಹಾಳಾಗುತ್ತಿರುವುದರಿಂದ ನಮ್ಮ ಜೀವನ ಕಠಿಣವಾಗಿ ಹೋಗುತ್ತಿದೆ.
