word,pos,synset_id,gloss,lemma_names
ವರ್ಗ,noun,1144,ರಕ್ತಸಂಬಂಧದ ಏಕತೆಯನ್ನುಳ್ಳ ವರ್ಗ ಅಥವಾ ಸಮೂಹ,"[""ವಂಶ"", ""ಕುಲ"", ""ಜಾತಿ"", ""ವರ್ಗ""]"
ವರ್ಗ,noun,1209,"ಹಿಂದುಗಳ ನಾಲ್ಕು ವಿಭಾಗ- ಬ್ರಾಹ್ಮಣ, ಕ್ಷತ್ರಿಯ, ವೈಷ್ಯ ಮತ್ತು ಶೂದ್ರ","[""ವರ್ಣ"", ""ವರ್ಗ""]"
ವರ್ಗ,noun,12490,ಯಾವುದೇ ಸಂಖ್ಯೆಯನ್ನು ಅದೇ ಸಂಖ್ಯೆಯಿಂದ ಗುಣಿಸಿದಾಗ ಬರುವ ಮೊತ್ತ,"[""ವರ್ಗ""]"
ವರ್ಗ,noun,12491,"ಯಾವುದೋ ಒಂದು ಆಕೃತಿಯ ಉದ್ದ, ಅಗಲ ಮತ್ತು ನಾಲ್ಕು ಕಡೆಯೂ ಒಂದೇ ಸಮವಾಗಿ ಇರುವ","[""ವರ್ಗ""]"
ವರ್ಗ,noun,12492,ಉಚ್ಚಾರಣ್ಮಕ ಧ್ವನಿವಿಜ್ಞಾನದಲ್ಲಿ ಒಂದು ಸ್ಥಾನದಿಂದ ಉಚ್ಚರಿಸಲ್ಪಡುವ ಸ್ಪರ್ಶ ಧ್ವನಿ (ತಡೆ ಧ್ವನಿ) ಮತ್ತು ಅನುನಾಸಿಕ ಧ್ವನಿಗಳ ಸಮೂಹ,"[""ವರ್ಗ"", ""ವ್ಯಂಜನ_ವರ್ಗ"", ""ಅಕ್ಷರ_ವರ್ಗ""]"
ವರ್ಗ,noun,14271,"ಆಸ್ತಿ, ಹಕ್ಕು ಮೊದಲಾದವುಗಳ ವರ್ಗಾವಣೆ ಮಾಡುವ ಕ್ರಿಯೆ","[""ವರ್ಗಾವಣೆ"", ""ವರ್ಗ"", ""ವರ್ಗಾವರ್ಗಿ"", ""ಹಸ್ತಾಂತರಣ""]"
ವರ್ಗ,noun,27697,ಒಂದೇ ಬಾರಿಗೆ ಡಿಗ್ರಿ ಪಡೆಯುವ ವಿದ್ಯಾರ್ಥಿಗಳ ಸಮೂಹ,"[""ತರಗತಿ"", ""ವರ್ಗ"", ""ಕ್ಲಾಸ್"", ""ವಿಭಾಗ""]"
ವರ್ಗ,noun,28432,ಜನರ ಸಮೂಹ ಒಂದು ವಿಶಿಷ್ಟವಾದ ಸ್ನಾನ ಅಥವಾ ಕ್ಷೇತ್ರದಲ್ಲಿ ಇರುತ್ತದೆ,"[""ಸಮಾಜ"", ""ಸಮುದಾಯ"", ""ವರ್ಗ""]"
ವರ್ಗ,noun,3406,ಯಾವುದೇ ಒಂದು ಲಕ್ಷಣವನ್ನು ಅಥವಾ ಸಮಾನ ಗುಣವನ್ನು ಆಧರಿಸಿ ಮಾಡುವ ಸಮೂಹಗಳ ಭಾಗ,"[""ವರ್ಗ"", ""ಶ್ರೇಣಿ"", ""ಬಗೆ"", ""ಪಂಗಡ""]"
ವರ್ಗ,noun,3562,ವಂಶಪಾರಂಪರ್ಯರ ವಿಚಾರವಾಗಿ ಮಾಡಿಕೊಂಡಿರುವ ಮಾನವ ಸಮಾಜದ ವಿಭಾಗ,"[""ಜಾತಿ"", ""ವರ್ಗ"", ""ಪಂಗಡ"", ""ಪಂಥ"", ""ಜನಾಂಗ"", ""ವರ್ಣ"", ""ವ್ಯಕ್ತಿಗತ"", ""ಒಂದೇ_ಜಾತಿಯ_ಜನರ_ಸಮೂಹ""]"
ವರ್ಗ,noun,37572,"ಶರೀರ ಅಥವಾ ದೇಹದ ಆಧಾರದ ಮೇಲೆ ಜೀವಿಗಳು, ಪದಾರ್ಥ ಇತ್ಯಾದಿ ಬೇರೆ ಬೇರ ವರ್ಗ ಅಥವಾ ವಿಭಾಗ ಮಾಡಿರುವುದು","[""ವರ್ಗ""]"
ವರ್ಗ,noun,37603,ಗಣಿತದಲ್ಲಿ ಒಂದು ಸಂಖ್ಯೆಯನ್ನು ಅದೇ ಸಂಖ್ಯೆಯಿಂದ ಗುಣಿಸಿದಾಗ ಬರುವ ಮೊತ್ತ,"[""ವರ್ಗ""]"
ವರ್ಗ,noun,4821,"ಒಂದು ಜಾಗದಲ್ಲಿ ವಾಸಿಸುವಂತಹ ಅಥವಾ ಒಂದು ಪ್ರಕಾರದ ಕೆಲಸ ಮಾಡುವ ಜನರ ಗುಂಪು, ವರ್ಗ ಅಥವಾ ಸಮೂಹ","[""ಸಮುದಾಯ"", ""ಸಮಾಜ"", ""ಮಂಡಲಿ"", ""ವರ್ಗ"", ""ಪಂಗಡ"", ""ಗುಂಪು"", ""ಸಮೂಹ""]"
ವರ್ಗ,noun,5573,"ಜೀವ-ಜಂತುಗಳ ಆಕೃತಿ, ಗಾತ್ರ ಮೊದಲಾದವುಗಳ ಆಧಾರದ ಮೇಲೆ ವಿಭಾಗಿಸಿರುವುದು","[""ಜಾತಿ"", ""ವರ್ಗ""]"
ವರ್ಗ,noun,8463,ಅಧಿಕಾರಿ ಅಥವಾ ಕಾರ್ಯಕರ್ತರ ಒಂದು ಸ್ಥಾನ ಅಥವಾ ವಿಭಾಗದಿಂದ ಬೇರೆ ಸ್ಥಾನ ಅಥವಾ ವಿಭಾಗಕ್ಕೆ ವರ್ಗ ಮಾಡುವ ಕಳುಹಿಸುವ ಕ್ರಿಯೆ,"[""ವರ್ಗಾವಣೆ"", ""ವರ್ಗ"", ""ಬದಲಿ"", ""ಪರಿವರ್ತನೆ""]"
ವರ್ಗ,noun,8539,ಸಮಸ್ತ ವರ್ಗ ಅಥವಾ ಸಮೂಹದ ಯಾವುದೋ ಒಂದು ಅಂಗ ಅಥವಾ ಒಂದು ಭಾಗವೆಂದು ವಿಷ್ಲೇಶಣೆ ಮಾಡುಲು ಯಾವುದೇ ಪ್ರಕಾರ ಭಿನ್ನ ಮತ್ತು ಸ್ವತಂತ್ರವೆಂದು ನಂಬುವರು ಅಥವಾ ತಿಳಿಯುವರು,"[""ವರ್ಗ""]"
ಸಮೂಹ,noun,10729,"ಒಂದು ಸ್ಥಳದಲ್ಲಿ ಇದ್ದು ಅಥವಾ ಒಬ್ಬರಿಗಿಂತ ಹೆಚ್ಚು ಮನುಷ್ಯ, ಪ್ರಾಣಿ ಮುಂತಾದವುಗಳು ಒಂದೆ ಸ್ಥಳದಲ್ಲಿ ಇರುವುದು","[""ಸಮೂಹ"", ""ಗುಂಪು"", ""ಮಂದೆ""]"
ಸಮೂಹ,noun,12033,ಜನ ಸಮೂಹದವರ ಜೊತೆ ವೇಗವಾಗಿ ಮುಂದೆ ಬರುವ ಪ್ರಕ್ರಿಯೆ,"[""ಗುಂಪು"", ""ಸಮೂಹ""]"
ಸಮೂಹ,noun,13289,"ಪ್ರಾಚೀನ ಕಾಲದ ವಿದ್ವಾಂಸರುಗಳ, ಬ್ರಾಹ್ಮಣರುಗಳ ಸಭೆ ಇದನ್ನು ರಾಜ ಯಾವುದಾದರು ವಿಷಯದ ಬಗ್ಗೆ ತೀರ್ಮಾನವನ್ನು ತೆಗೆದು ಕೊಳ್ಳುವುದಕ್ಕೆ ಅಥವಾ ಚರ್ಚೆ ಮಾಡುವುದಕ್ಕೆ ಕರೆಯುತ್ತಿದ್ದನು","[""ಪರಿಷತ್ತು"", ""ಸಭೆ"", ""ಸಮೂಹ""]"
ಸಮೂಹ,noun,2206,ಯಾವುದಾದರೂ ಒಂದೇ ವಸ್ತುವಿನ ಸಮೂಹ,"[""ರಾಶಿ"", ""ಗುಂಪು"", ""ಸಮೂಹ""]"
ಸಮೂಹ,noun,26689,ಜೀವ ವಿಜ್ಞಾನದಲ್ಲಿ ಸಜೀವಿಗಳ ದೊಡ್ಡ ಐದು ವಿಭಾಗ ಅಥವಾ ಸಜೀವಿಗಳ ತುಂಬಾ ಎತ್ತರದ ಸ್ತರದ ಮೇಲೆ ಮಾಡುವ ವರ್ಗೀಕರಣ,"[""ದಳ"", ""ಸಮೂಹ"", ""ಸಮಿತಿ"", ""ಸಭೆ"", ""ಸಂಘ"", ""ಸಮಾಜ"", ""ಸಾಮ್ರಾಜ್ಯ""]"
ಸಮೂಹ,noun,27052,ಸಂತೋಷಕೋಸ್ಕರ ಒಂದು ಕಡೆ ಸೇರುವ ಜನರ ಸಮೂಹ,"[""ಸಂತೋಷಕೂಟ"", ""ಸಮೂಹ"", ""ಗುಂಪು"", ""ದಳ"", ""ಪಕ್ಷ""]"
ಸಮೂಹ,noun,27132,ನ್ಯಾಯಯುತವಾದ ಕಾರ್ಯದಲ್ಲಿ ಭಾಗಿಯಾದ ವ್ಯಕ್ತಿ,"[""ಪಕ್ಷ"", ""ದಳ"", ""ಪಂಗದ"", ""ಗುಂಪು"", ""ಪಡೆ"", ""ಸಮೂಹ""]"
ಸಮೂಹ,noun,2762,ಯಾವುದೇ ವಿಷಯದ ಅಂಗವಾಗಿ ಚರ್ಚೆ ಮಾಡುವುದಕ್ಕೋಸ್ಕರ ಆಯೋಜಿಸಿರುವ ಸಭೆ ಅಥವಾ ಕೂಟ,"[""ಸಭೆ_ಸೇರುವಿಕೆ"", ""ಕೂಟ"", ""ಅಧಿವೇಶನ"", ""ಸಭೆ"", ""ಉತ್ಸವ"", ""ಸದಸ್ಯರ_ಕೂಟ"", ""ಸಮಾವೇಶ"", ""ಸಮಾಗಮ"", ""ಸಮಾರಂಭ"", ""ಸಮಾಹಾರ"", ""ಸಮುದಾಯ"", ""ಸಮೂಹ"", ""ಸಮಗೋಷ್ಠಿ"", ""ಸಭೆ_ಸಮಾರಂಭ"", ""ಮಹಾಸಭೆ"", ""ಮೇಳ"", ""ಆಸ್ಥಾನ"", ""ಆಸ್ಥಾಯಿಕಾ"", ""ಆಸ್ಥಾಯಿಕೆ"", ""ಆಸೀನ""]"
ಸಮೂಹ,noun,28444,ದಟ್ಟಣೆ ಅಥವಾ ಗುಂಪು ಚಲಿಸುತ್ತಿದೆ ಅಥವಾ ಎಲ್ಲಿಗೋ ಹೋಗುತ್ತಿದೆ ಅಥವಾ ಬರುತ್ತಿದೆ,"[""ಗುಂಪು"", ""ದಳ"", ""ಸಮೂಹ"", ""ಹಿಂಡು""]"
ಸಮೂಹ,noun,35476,ಜನರುಗಳ ಈ ಸಮೂಹ ಯಾವುದಾದರು ವಿಶೇಷ ಕಾರ್ಯಗಳ ರೀತಿ ಯಾವುದಾದರು ವಿಷಯದ ವಿಚಾರ-ವಿಮರ್ಶೆ ಮಾಡುವ ಅಥವಾ ಯೋಜನೆಯನ್ನು ಮಾಡುವಂತಹ ಅಥವಾ ಯಾವುದಾದರು ಆಟಗಾರರ ನಿರ್ಣಾಯಕನಾಗಿ ಒಂದು ಕಡೆ ಬಂದು ಸೇರಿರುವ,"[""ದಳ"", ""ಸಮೂಹ""]"
ಸಮೂಹ,noun,35695,"ಶ್ರೀಮಂತಿಕೆ, ರಾಜ ಮೊದಲಾದವುಗಳ ಜೊತೆಯಲ್ಲಿ ಇರುವಂತಹ ಅಥವಾ ಹಿಂದೆ-ಮುಂದೆ ಹೋಗುವಂತಹ ಜನರು","[""ಪರಿವಾರ"", ""ಸಮೂಹ""]"
ಸಮೂಹ,noun,3645,ಯಾರದ್ದಾದರೂ ಪುತ್ರಿ ಅಥವಾ ಪುತ್ರ,"[""ಸಂತತಿ"", ""ಸಂತಾನ"", ""ಮಕ್ಕಳು-ಮರಿ"", ""ವಂಶ"", ""ಪರಿವಾರ"", ""ಸಮೂಹ""]"
ಸಮೂಹ,noun,4077,ಯಾವುದಾದರು ಕಾರ್ಯ ಅಥವಾ ಉದ್ದೇಶದ ಸಿದ್ಧಿಗಾಗಿ ಕೂಡಿರುವ ಜನರ ಸಮೂಹ,"[""ಸೇನೆ"", ""ದಳ"", ""ಪಕ್ಷ"", ""ಸಮೂಹ"", ""ಮಂಡಲಿ"", ""ಗುಂಪು""]"
ಸಮೂಹ,noun,4821,"ಒಂದು ಜಾಗದಲ್ಲಿ ವಾಸಿಸುವಂತಹ ಅಥವಾ ಒಂದು ಪ್ರಕಾರದ ಕೆಲಸ ಮಾಡುವ ಜನರ ಗುಂಪು, ವರ್ಗ ಅಥವಾ ಸಮೂಹ","[""ಸಮುದಾಯ"", ""ಸಮಾಜ"", ""ಮಂಡಲಿ"", ""ವರ್ಗ"", ""ಪಂಗಡ"", ""ಗುಂಪು"", ""ಸಮೂಹ""]"
ಸಮೂಹ,noun,5501,"ಗುಂಪು ಅಥವಾ ಒಟ್ಟು ಕೂಡುವ ಕ್ರಿಯೆ, ಅವಸ್ಥೆ ಅಥವಾ ಭಾವ","[""ಗುಂಪು"", ""ಸಮೂಹ"", ""ಜನಸಂದಣಿ""]"
ಸಮೂಹ,noun,9939,ತುಂಬಾ ದೊಡ್ಡದಾದಂತಹ ಜನ ಸಂದಣಿ ಅಥವಾ ಸಮೂಹ,"[""ನುಗ್ಗಾಟ"", ""ಜಗ್ಗಾಟ"", ""ದಟ್ಟಣಿ"", ""ಸಮೂಹ"", ""ನೂಕು""]"
ಕಟ್ಟು,noun,10847,ಒಂದು ಅಥವಾ ಅನೇಕ ಅಂಗಗಳ ಅಥವಾ ಉಪಾಂಗಗಳ ಯಾವುದೇ ನಿರ್ಮಿತವಾದ ವಸ್ತು ಅಥವಾ ರಚನೆ,"[""ರಚನೆ"", ""ಕಟ್ಟು"", ""ನಿರ್ಮಾಣ"", ""ಆಡಂಬರ"", ""ಸೋಗು""]"
ಕಟ್ಟು,noun,11058,ಕಾಗದ ಮೊದಲಾದವುಗಳ ತುಂಡುಗಳನ್ನು ಒಂದು ಕಡೆ ಕೂಡಿಸಿ ಕಟ್ಟುವ ಕ್ರಿಯೆ,"[""ಕಟ್ಟು"", ""ಫೈಲು""]"
ಕಟ್ಟು,noun,12318,ಯಾವುದೋ ಪ್ರಕಾರವಾಗಿ ನೆಲಸಿರುವ ರೀತಿ ಅಥವಾ ವ್ಯವಸ್ಥೆ,"[""ನಿಯಮ"", ""ನೀತಿ-ನಿಯಮ"", ""ನಿಬಂಧನೆ"", ""ಕಟ್ಟು"", ""ಕಟ್ಟಳೆ"", ""ಸೂತ್ರ"", ""ಅಳತೆಗೋಲು"", ""ಮಾನದಂಡ""]"
ಕಟ್ಟು,noun,12459,ಹೊತ್ತುಕೊಂಡು ಹೋಗಲು ಅನುಕೂಲಿಸುವಂತೆ ಸುತ್ತಿದ ಅಥವಾ ಒಟ್ಟಿಗೆ ಕಟ್ಟಿದ ವಸ್ತುಗಳು,"[""ಕಟ್ಟು""]"
ಕಟ್ಟು,noun,13004,"ಚಿತ್ರಪಟ, ಕನ್ನಡಕ ಮೊದಲಾದವುಗಳ ಗಾಜಿನ ಆಧಾರ","[""ಕಟ್ಟು""]"
ಕಟ್ಟು,noun,14233,ಹುಲ್ಲು ಮೊದಲಾದವುಗಳನ್ನು ಕಟ್ಟಿರುವಂತಹ ಗಂಟು,"[""ಕಂತೆ"", ""ಕಟ್ಟು""]"
ಕಟ್ಟು,noun,23565,ಕಟ್ಟುವ ಕೆಲಸ,"[""ಕಟ್ಟು""]"
ಕಟ್ಟು,noun,2588,ಚಿತ್ರ ಅಥವಾ ಪೋಟೋಗಳಿಗೆ ಅದರ ಸುತ್ತಲೂ ಕಟ್ಟುವ ಕಟ್ಟು,"[""ಚೌಕಟ್ಟು"", ""ಕಟ್ಟು"", ""ಹಂದರ"", ""ಫ್ರೇಮ್""]"
ಕಟ್ಟು,noun,36947,ಚಿತ್ರಫಲಕ ಮೊದಲಾದವುಗಳನ್ನು ಭೂಮಿಯಿಂದ ಮೇಲೆ ಭಾಗಕ್ಕೆ ಕಟ್ಟುವುದಕ್ಕೆ ಉಪಯೋಗಿಸುವಂತಹ ಮರದ ಚೌಕಟ್ಟು,"[""ಕಟ್ಟು""]"
ಕಟ್ಟು,noun,4707,"ಹಗ್ಗ, ದಾರ, ಪಟ್ಟಿ, ಗುಂಡಿ, ಕೊಕ್ಕೆ, ಬೀಗ, ಅಗುಳಿ ಮೊದಲಾದವುಗಳಿಂದ ಭದ್ರಪಡಿಸುವಿಕೆ","[""ಬಿಗಿ"", ""ಕಟ್ಟು"", ""ಕಸೆ"", ""ಬಂದಿಸುವುದು"", ""ಅಂಟಿಸುವುದು""]"
ಕಟ್ಟು,noun,5778,ಗಾಯಕ್ಕೆ ಔಷಧಿ ಹಚ್ಚಿ ಪಟ್ಟಿ ಕಟ್ಟುವ ಕೆಲಸ,"[""ಪಟ್ಟಿ"", ""ಕಟ್ಟು""]"
ಕಟ್ಟು,noun,7019,"ಹಗ್ಗ, ನೂಲು ಮೊದಲಾದವುಗಳ ಬಲೆ ಮಧ್ಯೆದಲ್ಲಿ ಸಿಕ್ಕಿಕೊಳ್ಳುವ ಜೀವಿ ಬಂಧನಕ್ಕೊಳ್ಳಗಾಗುತ್ತದೆ ಮತ್ತು ಬಲೆಯನ್ನು ಗಟ್ಟಿಯಾಗಿ ಕಟ್ಟುವುದರಿಂದ ಪ್ರಾಯಶಃ ಸತ್ತು ಹೋಗುತ್ತದೆ","[""ಬಲೆ"", ""ಬಂಧನ"", ""ಕಟ್ಟು"", ""ಜಾಲ"", ""ಹಗ್ಗ"", ""ಪಾಶ""]"
ಕಟ್ಟು,noun,7225,ಕುದುರೆಯ ಮೂಗಿಗೆ ಹಾಕಿರುವಂತಹ ಬೆಸಿಗೆ/ಜೋಡಣೆ ಅದರ ಎರಡೂಕಡೆಯಿಂದ ಹಗ್ಗ ಅಥವಾ ಚರ್ಮದ ಪಟ್ಟಿಯಿಂದ ಕಟ್ಟಲಾಗಿರುತ್ತದೆ,"[""ಲಗಾಮು"", ""ಕಡಿವಾಣ"", ""ನಿಯಂತ್ರಣ"", ""ಕಟ್ಟು""]"
ಕಟ್ಟು,noun,9565,ಯಾವುದೋ ಒಂದು ವಸ್ತುವಿನಿಂದ ಏನನ್ನಾದರು ಕಟ್ಟಲಾಗುತ್ತದೆ,"[""ಬಂಧನ"", ""ಕಟ್ಟು"", ""ಲಾಡಿ"", ""ಅರಿವೆಯ_ಪಟ್ಟಿ""]"
ಸಮಯ,noun,11250,ತುಂಬಾ ಸಮಯ,"[""ಯುಗ"", ""ಕಾಲ"", ""ಸಮಯ"", ""ವರುಷ"", ""ವರ್ಷ""]"
ಸಮಯ,noun,11545,ಅನುಭವದ ಸತ್ಯ ಘಟನೆಗಳು ಭವಿಷ್ಯದಿಂದ ವರ್ತಮಾದವರೆಗೆ ಮತ್ತು ಭೂತಕಾಲಕ್ಕೆ ಹೋಗುತ್ತದೆ,"[""ಸಮಯ"", ""ಕಾಲ""]"
ಸಮಯ,noun,13162,ಒಂದು ಸಮಯದ ಮಧ್ಯದಲ್ಲಿ ಯಾವುದೋ ವಿಶೇಷ ಮಾತುಗಳನ್ನು ಆಡುವರು,"[""ದಿನ"", ""ಸಮಯ"", ""ದಿವಸ""]"
ಸಮಯ,noun,13353,ಊಟವನ್ನು ಮಾಡುವುದಕ್ಕಾಗಿ ನಿಶ್ಚಿತವಾದ ಸಮಯ,"[""ಹೊತ್ತು"", ""ಸಮಯ"", ""ವೇಳೆ""]"
ಸಮಯ,noun,1459,ಯಾವುದಾದರೂ ಕೆಲಸ ಕಾರ್ಯಗಳನ್ನು ಮಾಡುವ ನಿರ್ದಿಷ್ಠ ಸಮಯ,"[""ಸಮಯ"", ""ಹೊತ್ತು"", ""ವೇಳೆ"", ""ಬಿಡುವು"", ""ಪುರುಸೊತ್ತು"", ""ಕಾಲಾವಧಿ"", ""ಕಾಲಾವಕಾಶ""]"
ಸಮಯ,noun,20521,ಯಾವುದೇ ವಿಶೇಷ ಸಮಯ,"[""ದಿನ"", ""ಸಂದರ್ಭ"", ""ಸುಸಂದರ್ಭ"", ""ಸಮಯ""]"
ಸಮಯ,noun,25495,(ವ್ಯಾಕರಣದಲ್ಲಿ) ಕ್ರಿಯೆಯ ರೂಪದಿಂದ ಆಗುವ ಅಥವಾ ಮಾಡುವ ಸಮಯದ ಜ್ಞಾನವಾಗಿರುತ್ತದೆ,"[""ಕಾಲ"", ""ಸಮಯ"", ""ವೇಳೆ"", ""ಅವಧಿ""]"
ಸಮಯ,noun,27588,ಸಾಧನೆಯ ರೂಪದಲ್ಲಿ ತಿಳಿಯಬಹುದಾದ ಆ ಸಮಯಾವಧಿ ಅದು ಯಾರ ನಿಂತ್ರಣದಲ್ಲಿಯೂ ಇಲ್ಲ,"[""ಸಮಯ"", ""ಕಾಲ"", ""ವೇಳೆ"", ""ಅವಧಿ""]"
ಸಮಯ,noun,27698,ಸಮಯದ ಕಳೆಯುತಿದಂತೆ ಯಾರೋ ಒಬ್ಬರ ಜೀವನ ಕೂಡ ಬದಲಾಗುತ್ತಾ ಹೋಗುತ್ತದೆ,"[""ಸಮಯ"", ""ಕಾಲ"", ""ಅವಧಿ"", ""ವೇಳೆ""]"
ಸಮಯ,noun,28346,ಸಂಸ್ಕೃತಿಯ ಇತಿಹಾಸದಲ್ಲಿ ಆ ಕಾಲಮಾನದ ಸಮಯ ಮತ್ತು ಅವಸ್ಥೆ ಮೊದಲಾದ ದೃಷ್ಟಿಯಿಂದ ನಮ್ಮ ಒಂದು ಪರಿಭಾಷೆ ಅಥವಾ ಮಹತ್ವಪೂರ್ಣ ಸ್ಥಾನವನ್ನು ಇಡಲಾಗುತ್ತದೆ,"[""ಯುಗ"", ""ಕಾಲ"", ""ಸಮಯ""]"
ಸಮಯ,noun,4569,ಕಾಲ ಅಥವಾ ಸಮಯದ ತುಂಬಾ ಚಿಕ್ಕ ಪ್ರಮಾಣ,"[""ಕ್ಷಣ"", ""ಸಮಯ"", ""ನಿಮಿಷ""]"
ಸಮಯ,noun,5014,ಹಗಲು-ರಾತ್ರಿಯ ನಾಲ್ಕುವರೆಭಾಗ ಅಥವಾ ಏಳು ನಿಮಷದ ಸಮಯ,"[""ಘಂಟೆ"", ""ಗಂಟೆ"", ""ತಾಸು"", ""ಸಮಯ"", ""ಕಾಲ""]"
ಸಮಯ,noun,633,ಪೂರ್ತಿ ಹಗಲು-ರಾತ್ರಿಯ ಎಂಟನೇ ಭಾಗ,"[""ಪ್ರಹರ"", ""ಮೂರು_ತಾಸು"", ""ಮೂರು_ತಾಸು"", ""ಯುಗ"", ""ಮೂರು_ತಾಸಿನ_ಅವಧಿ"", ""ಮೂರು_ತಾಸಿನ_ಅವಧಿ"", ""ಸಮಯ""]"
ಸಮಯ,noun,878,"ನಿಮಿಷ, ಗಂಟೆ, ದಿನ, ವಾರ, ತಿಂಗಳು ಮುಂತಾದವುಗಳ ಗಣನೆಯನ್ನು ಗುರುತಿಸುವುದು","[""ಸಮಯ"", ""ಕಾಲ"", ""ಗಂಟೆ""]"
ಗಂಟು,noun,13128,ಶರೀರದಲ್ಲಿ ರಸವನ್ನು ಸ್ರವಿಸುವ ಗಡ್ಡೆಯಂತಿರುವ ಕೆಲವು ಅಂಗಗಳು,"[""ಗ್ರಂಥಿ"", ""ಗಂಟು"", ""ಗಡ್ಡೆ""]"
ಗಂಟು,noun,13129,ಬಟ್ಟೆಯ ತುದಿಗೆ ದುಡ್ಡು ಮೊದಲಾದವುಗಳನ್ನು ಇಟ್ಟು ಅದನ್ನು ಕಟ್ಟುವುದು,"[""ಗಂಟು""]"
ಗಂಟು,noun,13130,"ಯಾವುದಾದರು ಗಿಡದ ಕಾಂಡದ ಕೆಲವು ಭಾಗಗಳಲ್ಲಿ ಎಲೆಗಳು, ಟೊಂಗೆ ಅಥವಾ ಬೇರುಗಳಲ್ಲಿ ಇರುತ್ತವೆ","[""ಗ್ರಂಥಿ"", ""ಗಂಟು""]"
ಗಂಟು,noun,13131,"ದ್ವಿದಳ ಧಾನ್ಯಗಳಂಥ ಲೆಗ್ಯು ಮಿನೀಸೀ ವಂಶದ ಸಸ್ಯಗಳ ಬೇರುಗಳ ಮೇಲೆ ಕಂಡುಬರುವ, ಬ್ಯಾಕ್ಟೀರಿಯಾಗಳನ್ನೊಳಗೊಂಡ ಗಂಟು","[""ಗಂಟು"", ""ಗಡ್ಡೆ""]"
ಗಂಟು,noun,13138,ಎರಡು ಗಂಟುಗಳ ನಡುವಿನ ಸ್ಥಳ,"[""ಗಂಟು"", ""ಜೋಡಣೆ"", ""ಗಣಿಕೆ""]"
ಗಂಟು,noun,2050,"ಬಟ್ಟೆ, ದಾರ ಮುಂತಾದವುಗಳು ಒಂದರೊಳಗೊಂದು ಬೆರೆತು ಬಿಡಿಸಲು ಕಷ್ಟವಾಗುವಷ್ಟು ಗಟ್ಟಿಯಾಗುವ ಹೆಣಿಗೆ","[""ಗಂಟು"", ""ಕುಣಿಕೆ"", ""ಸರಗುಣಿಕೆ"", ""ಗ್ರಂಥಿ"", ""ಮಿನಿಗಂಟು""]"
ಗಂಟು,noun,2054,"ಬಟ್ಟೆ, ಹಗ್ಗ ಮುಂತಾದವುಗಳನ್ನು ಮಡ್ಡಿಸಿ ಹಾಕಿ ಕಟ್ಟಿರುವುದು","[""ಗಂಟು"", ""ಮೂಟೆ""]"
ಗಂಟು,noun,21840,ತುಂಡಾದ ಆ ಭಾಗವನ್ನು ಯಾವುದಾದರು ವಸ್ತುವಿನೊಂದಿಗೆ ಜೋಡಿಸಬೇಕು,"[""ಮಿಲನ"", ""ಒಟ್ಟು"", ""ಕೂಡಿಸುವುದು"", ""ಗಂಟು"", ""ಜೋಡಣೆ""]"
ಗಂಟು,noun,36058,ತೋರ ಬೆರಳಿನ ಹಾಗು ಹೆಬ್ಬೆರಳಿನ ನಡುವಿನ ಭಾಗ,"[""ಗಂಟು""]"
ಗಂಟು,noun,4092,"ಮೊಸರಿನ ಮುದ್ದೆ, ಕರಣೆ","[""ಕರಣೆ"", ""ಗಂಟು""]"
ಗಂಟು,noun,5004,ಶರೀರ ಭಾಗಗಳ ನಡುವಿನ ಸಂಧಿ ಅಥವಾ ಜೋಡಣೆಯಿಂದ ಬಗ್ಗಿಸುತ್ತದೆ ಅಥವಾ ಹೊರಳುವುದು,"[""ಸಂಧಿ"", ""ಕೊಡುವುದು"", ""ಮಿಲನ"", ""ಗಂಟು"", ""ಜೋಡನೆ"", ""ಜೋಡಣೆ"", ""ಅವಯವಗಳ_ಜೋಡನೆ"", ""ಅವಯವಗಳ_ಸಂಧಿ""]"
ಗಂಟು,noun,8233,ದೊಡ್ಡ ಗಂಡು,"[""ಬಟ್ಟೆ_ಗಂಟು"", ""ಗಂಟು""]"
ಗಂಟು,noun,8899,"ಪಾದದರಿಂದ ತಲೆಯವರೆಗೆ ಮತ್ತು ಕಣೆಗಾಲು/ಮೀನಕಂಡದ ಕೆಳಗೆ ಇರುವಂತಹ ಎಲಬುಗಳ ಗಂಟು, ಗ್ರಂಥಿ","[""ಪಾದದ_ಕೀಲು"", ""ಗಂಟು"", ""ಪಾದಗ್ರಂಥಿ""]"
ಗುಂಪು,noun,10729,"ಒಂದು ಸ್ಥಳದಲ್ಲಿ ಇದ್ದು ಅಥವಾ ಒಬ್ಬರಿಗಿಂತ ಹೆಚ್ಚು ಮನುಷ್ಯ, ಪ್ರಾಣಿ ಮುಂತಾದವುಗಳು ಒಂದೆ ಸ್ಥಳದಲ್ಲಿ ಇರುವುದು","[""ಸಮೂಹ"", ""ಗುಂಪು"", ""ಮಂದೆ""]"
ಗುಂಪು,noun,12033,ಜನ ಸಮೂಹದವರ ಜೊತೆ ವೇಗವಾಗಿ ಮುಂದೆ ಬರುವ ಪ್ರಕ್ರಿಯೆ,"[""ಗುಂಪು"", ""ಸಮೂಹ""]"
ಗುಂಪು,noun,2206,ಯಾವುದಾದರೂ ಒಂದೇ ವಸ್ತುವಿನ ಸಮೂಹ,"[""ರಾಶಿ"", ""ಗುಂಪು"", ""ಸಮೂಹ""]"
ಗುಂಪು,noun,27052,ಸಂತೋಷಕೋಸ್ಕರ ಒಂದು ಕಡೆ ಸೇರುವ ಜನರ ಸಮೂಹ,"[""ಸಂತೋಷಕೂಟ"", ""ಸಮೂಹ"", ""ಗುಂಪು"", ""ದಳ"", ""ಪಕ್ಷ""]"
ಗುಂಪು,noun,27132,ನ್ಯಾಯಯುತವಾದ ಕಾರ್ಯದಲ್ಲಿ ಭಾಗಿಯಾದ ವ್ಯಕ್ತಿ,"[""ಪಕ್ಷ"", ""ದಳ"", ""ಪಂಗದ"", ""ಗುಂಪು"", ""ಪಡೆ"", ""ಸಮೂಹ""]"
ಗುಂಪು,noun,28437,ಜನರ ಸಮೂಹ ಅವರ ಹತ್ತಿರ ಪ್ರಭಾವೀ ಅಥವಾ ಮಹಾತ್ವದ ಕಾರ್ಯಗಳನ್ನು ಮಾಡುವ ಶಕ್ತಿ ಅಥವಾ ದೃಢತೆ ಇರುತ್ತದೆ.,"[""ದಳ"", ""ಪಕ್ಷ"", ""ಗುಂಪು""]"
ಗುಂಪು,noun,28444,ದಟ್ಟಣೆ ಅಥವಾ ಗುಂಪು ಚಲಿಸುತ್ತಿದೆ ಅಥವಾ ಎಲ್ಲಿಗೋ ಹೋಗುತ್ತಿದೆ ಅಥವಾ ಬರುತ್ತಿದೆ,"[""ಗುಂಪು"", ""ದಳ"", ""ಸಮೂಹ"", ""ಹಿಂಡು""]"
ಗುಂಪು,noun,37418,ವಿಶಿಷ್ಟವಾದ ಆಟವನ್ನು ಆಡುವುದಕ್ಕೆ ಮಾಡಿರುವಂತಹ ಜನರ ಸಮೂಹ,"[""ತಂಡ"", ""ಆಟದ_ತಂಡ"", ""ಗುಂಪು""]"
ಗುಂಪು,noun,4077,ಯಾವುದಾದರು ಕಾರ್ಯ ಅಥವಾ ಉದ್ದೇಶದ ಸಿದ್ಧಿಗಾಗಿ ಕೂಡಿರುವ ಜನರ ಸಮೂಹ,"[""ಸೇನೆ"", ""ದಳ"", ""ಪಕ್ಷ"", ""ಸಮೂಹ"", ""ಮಂಡಲಿ"", ""ಗುಂಪು""]"
ಗುಂಪು,noun,4821,"ಒಂದು ಜಾಗದಲ್ಲಿ ವಾಸಿಸುವಂತಹ ಅಥವಾ ಒಂದು ಪ್ರಕಾರದ ಕೆಲಸ ಮಾಡುವ ಜನರ ಗುಂಪು, ವರ್ಗ ಅಥವಾ ಸಮೂಹ","[""ಸಮುದಾಯ"", ""ಸಮಾಜ"", ""ಮಂಡಲಿ"", ""ವರ್ಗ"", ""ಪಂಗಡ"", ""ಗುಂಪು"", ""ಸಮೂಹ""]"
ಗುಂಪು,noun,4978,ಯಾವುದೇ ವಿಷಯ ಅಥವಾ ಸಂಗತಿಗಳನ್ನು ಮಾಡುವ ಅಥವಾ ಕೈಗೊಳ್ಳುವ ಒಂದೇ ಸಮಾನಾಸಕ್ತರ ಸಮೂಹ,"[""ಮಂಡಳಿ"", ""ಗುಂಪು"", ""ದಳ""]"
ಗುಂಪು,noun,5499,ಒಂದು ಜಾಗದಲ್ಲಿ ಅದೇ ಸಮಯದಲ್ಲಿ ಆಗುವಂತಹ ತುಂಬಾ ಜನರ ಗುಂಪು/ ಜನಸಮೂಹ,"[""ದಟ್ಟಣೆ"", ""ಗುಂಪು"", ""ಗದ್ದಲ"", ""ಜನಸಮೂಹ"", ""ಸಂದಣಿ"", ""ಜಂಗುಳಿ""]"
ಗುಂಪು,noun,5501,"ಗುಂಪು ಅಥವಾ ಒಟ್ಟು ಕೂಡುವ ಕ್ರಿಯೆ, ಅವಸ್ಥೆ ಅಥವಾ ಭಾವ","[""ಗುಂಪು"", ""ಸಮೂಹ"", ""ಜನಸಂದಣಿ""]"
ಜಗಳ,noun,10817,ಭಯಂಕರ ಮತ್ತು ವ್ಯತಿರಿಕ್ತ ಪರಿಸ್ಥಿತಿಯಿಂದ ಹೊರಗೆ ಬಂದು ಮುಂದೆ ಸಾಗಲು ಪಡುವ ಪ್ರಯತ್ನ ಅಥವಾ ಪ್ರಯಾಸ,"[""ಸಂಘರ್ಷ"", ""ಯುದ್ದ"", ""ಜಗಳ"", ""ದ್ವಂದ್ವಯುದ್ಧ"", ""ಹೋರಾಟ"", ""ಹೆಣಗಾಟ"", ""ಪ್ರಯಾಸ"", ""ಹೊಡೆದಾಟ"", ""ಘರ್ಷಣೆ"", ""ಕದನ"", ""ಸಂಗ್ರಾಮ""]"
ಜಗಳ,noun,11043,ಹೊಡೆದು ಬಡಿದು ಮಾಡುವ ಕ್ರಿಯೆ ಅಥವಾ ಭಾವನೆ,"[""ಹೊಡೆದಾಟ_ಬಡಿದಾಟ"", ""ಮಾರಾ-ಮಾರಿ"", ""ಮಾರಾಮಾರಿ"", ""ಗುದ್ದಾಟ"", ""ಜಗಳ"", ""ಗಲಾಟೆ-ಗದ್ದಲ""]"
ಜಗಳ,noun,11470,ಜಗಳವಾಡುವ ಕ್ರಿಯೆ ಅಥವಾ ಭಾವನೆ,"[""ಕಾದಾಟ"", ""ಜಗಳ"", ""ಹೊಡೆದಾಟ"", ""ಹೋರಾಡು"", ""ಘರ್ಷಣೆ_ಮಾಡು"", ""ಕದನ"", ""ಕೈ_ಕೈ_ಮಿಲಾವಣೆ"", ""ಮೂಕಾಬಿಲೆ""]"
ಜಗಳ,noun,20172,ಸಾಧಾರಣ ಮಾತನ್ನು ವ್ಯರ್ಥವಾಗಿ ದೊಡ್ಡದಾಗಿ ಮಾಡುವ ಕ್ರಿಯೆ,"[""ಜಗಳ""]"
ಜಗಳ,noun,2189,ಶತ್ರುವಿನ ಎರಡು ದಳಗಳ ನಡುವೆ ಶಸ್ತ್ರದಿಂದ ನಡೆಯುವ ಯುದ್ಧ,"[""ಯುದ್ಧದ"", ""ಜಗಳ"", ""ಕಾಳಗ"", ""ಸಂಗ್ರಾಮ"", ""ಸಮರ"", ""ಸೇಣಸಾಟ"", ""ಕದನ"", ""ರಣ"", ""ವ್ಯಾಜ್ಯ"", ""ಕಲಹ"", ""ಹೊಡೆದಾಟ""]"
ಜಗಳ,noun,2838,ಮಾತಿನ ಚಕಮಕಿಯ ಮೂಲಕ ನಡೆಯುವ ದ್ವಂದ್ವ ಅಥವಾ ವಾದ ವಿವಾದ,"[""ಜಗಳ"", ""ಜಟಾಪಟಿ""]"
ಜಗಳ,noun,28467,ಯಾರೋ ಒಬ್ಬ ಕೆಟ್ಟವ್ಯಕ್ತಿಯಾಗಿದ್ದು ಅವರ ಸಂಹಾರಕ್ಕಾಗಿ ಕಾಳಗ ಮಾಡುತ್ತಾರೆ,"[""ಯುದ್ಧ"", ""ಸಂಗ್ರಾಮ"", ""ಜಗಳ"", ""ಕದನ"", ""ಹೋರಾಟ"", ""ಸೆಣಸಾಟ"", ""ಕಾದಾಟ"", ""ಕಲಹ"", ""ಸಮರ"", ""ವ್ಯಾಜ್ಯ"", ""ಕಚ್ಚಾಟ"", ""ಸಂಘರ್ಷ"", ""ಹೊಡೆದಾಟ"", ""ಕಾಳಗ""]"
ಜಗಳ,noun,3335,ನಿತ್ಯ ನಡೆಯುವಂತಹ ಬೈದಾಟ ಅಥವಾ ಜಗಳ,"[""ಬಡಬಡಿಕೆ"", ""ಬೈದಾಟ"", ""ಜಗಳ"", ""ಕಲಹ"", ""ಹೋರಾಟ""]"
ಜಗಳ,noun,36380,ಪರಸ್ಪರ ಹೊಡೆದಾಡುವ ಕ್ರಿಯೆ ಅಥವಾ ಭಾವನೆ,"[""ಜಗಳ"", ""ಹೋರಾಟ""]"
ಜಗಳ,noun,3786,ಬಹಳ ಜನರ ನಡುವೆ ನಡೆದ ಹೊಡೆದಾಟ ಅಥವಾ ಕಾದಾಟ,"[""ಕಾದಾಟ"", ""ಜಗಳ"", ""ರಂಪ""]"
ಜಗಳ,noun,4195,"ವ್ಯಕ್ತಿ, ಅವನ ಕ್ರಿಯೆಗಳು, ಮೊದಲಾವುಗಳ ವಿರುದ್ಧ ಮಾಡುವ ಆಪಾದನೆಗೆ ಕಾರಣವಾಗುವ ಸಂದರ್ಭ, ವಿಷಯ","[""ಗಲಾಟೆ"", ""ಜಗಳ"", ""ಬೈಗುಳ""]"
ಜಗಳ,noun,8433,ವ್ಯರ್ಥವಾದ ಚರ್ಚೆ ಅಥವಾ ವ್ಯರ್ಥವಾದ ತರ್ಕ,"[""ಜಗಳ"", ""ತಕರಾರು"", ""ವಾದ-ವಿವಾದ"", ""ತರ್ಕ"", ""ವ್ಯರ್ಥವಾದ_ತರ್ಕ"", ""ಮಾತಿಗೆಮಾತು"", ""ಕಲಹ"", ""ವಾಗ್ವಾಧ"", ""ವಾಗ್_ಯುದ್ಧ"", ""ಚರ್ಚೆ""]"
ಜಗಳ,noun,8447,ಗಾಲಟೆ ಮಾಡಿಕೊಂಡು ಕುಣಿದಾಡುತ್ತಿರುವುದು,"[""ಗದ್ದಲ"", ""ಉಪದ್ರವ"", ""ಗಡಿಬಿಡಿ"", ""ಕೋಲಾಹಲ"", ""ಜಗಳ"", ""ಗಲಾಟೆ"", ""ತೀಟೆ"", ""ತಂಟೆ"", ""ಚೇಷ್ಟೆ""]"
ದಂಡ,noun,12946,ದೊಡ್ಡ ಲಾಠಿ,"[""ಕೋಲು"", ""ದೊಣ್ಣೆ"", ""ದಂಡ"", ""ಲಾಠಿ"", ""ಯಷ್ಟಿ""]"
ದಂಡ,noun,15386,ಅಧಿಕೃತ ಲೆಕ್ಕದಲ್ಲಿ ಒಂದು ವೆಚ್ಚ ಅಕ್ರಮವೆಂಬ ಕಾರಣ ಲೆಕ್ಕಶೋಧಕನು ಒಪ್ಪಿಗೆ ಕೊಡೆದೆ ಹೋದಾಗ ಆವೆಚ್ಚಕ್ಕೆ ಹೊಣೆಯಾದವನು ತನ್ನ ಕೈಯಿಂದ ತೆರಬೇಕಾದ ಮೊಬಲಗು,"[""ದಂಡ"", ""ಹೆಚ್ಚುವರಿ_ಹಣ"", ""ಅಧಿಕ_ಕರ"", ""ಹೆಚ್ಚಿನ_ದರ"", ""ಅಧಿಕ_ಪಾವತಿ""]"
ದಂಡ,noun,3315,ಮರದ ಅಥವಾ ಬಿದುರಿನಿಂದ ಮಾಡಿದ ಉದ್ದನೆಯ ಗಿಡ್ಡನೆಯ ನಾನಾ ಆಕಾರದ ಸ್ವರೂಪದ ವಸ್ತು,"[""ಕೋಲು"", ""ಬಡಿಗೆ"", ""ದಂಡ"", ""ದೊಣ್ಣೆ""]"
ದಂಡ,noun,3500,ದಂಡ ಅಂದರೆ ಅಪರಾಧಿಯಿಂದ ಹಣವನ್ನು ವಸೂಲಿಮಾಡುವುದು,"[""ಅರ್ಥದಂಡ"", ""ದಂಡ"", ""ಜುಲ್ಮಾನೆ""]"
ದಂಡ,noun,3580,"ಚಿನ್ನ ಅಥವಾ ಬೆಳ್ಳಿಯ ತಗಡು ಹೊದಿಸಿ ಮಾಡಿದ ದಂಡ ಅದನ್ನು ರಾಜ-ಮಹಾರಾಜರು ಅಥವಾ ಮದುವೆ ಅಥವಾ ಮೆರವಣಿಗೆಯ ಸಂದರ್ಭಗಳಲ್ಲಿ ವೇತ್ರಧಾರಿ, ದ್ವಾರಪಾಲಕನು ಹಿಡಿದು ಮುಂದೆ ಸಾಗುತ್ತಾನೆ","[""ದಂಡ"", ""ರಾಜದಂಡ""]"
ದಂಡ,noun,35809,"ಯಾವುದೇ ಪ್ರಕಾರದ ತಪ್ಪು, ಮೋಸ ಅಥವಾ ಮರೆವಿನ ಕಾರಣದಿಂದಾಗಿ ಅಧಿಕಾರಿಗಳು ವಿಧಿಸಲಾಗುವಂತಹ ಅರ್ಥದಂಡ","[""ದಂಡ"", ""ಜುರ್ಮಾನೆ"", ""ಜುಲ್ಮಾನೆ""]"
ದಂಡ,noun,35810,"ಯಾವುದೇ ಪ್ರಕಾರದ ಅಪರಾಧ, ದೋಷ ಅಥವಾ ಮರೆವಿನಿಂದ ದಂಡದ ರೂಪದಲ್ಲಿ ನೀಡುವಂತಹ ಹಣ","[""ಜುರ್ಮಾನೆ"", ""ದಂಡ"", ""ಜುಲ್ಮಾನೆ""]"
ದಂಡ,noun,36930,ಯಾವುದೇ ಸ್ಪರ್ಧೆಯಲ್ಲಿ ಅದರ ನಿಯಮಗಳನ್ನು ಮುರಿದದ್ದಕ್ಕಾಗಿ ಸ್ಪರ್ಧಿಗೆ ಅಥವಾ ಸ್ಪರ್ಧಿಯ ದಳದವರಿಗೆ ವಿಧಿಸುವ ಶಿಕ್ಷೆ ಅಥವಾ ಪ್ರತಿಕೂಲ ಪರಿಸ್ಥಿತಿಯನ್ನು ತಂದುಕೊಳ್ಳುವುದು,"[""ದಂಡ"", ""ಜುಲ್ಮಾನೆ""]"
ದಂಡ,noun,4226,ಅಪರಾಧಿ ಮೊದಲಾದವರಿಗೆ ಅವರ ಅಪರಾಧದ ರೂಪಕ್ಕೆ ತಲುಪುವ ಪೀಡೆ ಅಥವಾ ಆರ್ಥಿಕವಾದ ಹಾನಿ,"[""ದಂಡ"", ""ದಂಡನೆ"", ""ಶಿಕ್ಷೆ"", ""ಸಜೆ"", ""ಶಾಸ್ತಿ""]"
ದಂಡ,noun,4247,ಮರ ಮುಂತಾದವುಗಳಿಂದ ಮಾಡಿರುವ ಒಂದು ಪ್ರಕಾರದ ವಸ್ತುವನ್ನು ಯೋಗಿಗಳು ಕೈಯನ್ನು ಹಿಡಿಯಲು ಬಳಸುತ್ತಿದ್ದರು,"[""ದಂಡ"", ""ಬ್ರಹ್ಮ_ದಂಡ"", ""ಬ್ರಹ್ಮ_ದಂಡ""]"
ದಂಡ,noun,5821,ದಪ್ಪ ಮತ್ತು ಉದ್ಧವಾದ ಕೋಲು,"[""ಬಡಿಗೆ"", ""ಡೊಣ್ಣೆ"", ""ದೊಣ್ಣೆ"", ""ಕೋಲು"", ""ದಂಡ"", ""ಬತ್ತಳಿಕೆ"", ""ಕಡ್ಡಿ""]"
ದಂಡ,noun,6073,ಒಂದು ಪ್ರಕಾರದ ವ್ಯಾಯಾಮ ಅದು ಕೈಯಿಯ ತೋಳು/ರಡ್ಡೆಯ ಬಲದಿಂದ ಬೋರಲು ಬಿದ್ದು ಮಾಡುವ ವ್ಯಾಯಾಮ,"[""ವ್ಯಾಯಾಮ"", ""ಕಸರತ್ತು"", ""ದಂಡ""]"
ದಂಡ,noun,6580,ಒಂದು ರೀತಿಯ ಕಸರತ್ತು ಅದರಲ್ಲಿ ಪದೇ-ಪದೇ ಎದ್ದು ಕೂತು ಮಾಡುವುದು,"[""ಊಟು_ಬೈಸು"", ""ಊಟು-ಬೈಸು"", ""ಬೈಸುಗೆ"", ""ಬೈಸು"", ""ದಂಡ""]"
ಶಕ್ತಿ,noun,11910,ಯೋಗ್ಯತೆ ಮತ್ತು ಸಮರ್ಥನಿರುವ ಕಾರಣ ಯಾವುದೋ ಒಂದರಲ್ಲಿ ಏನನ್ನಾದರೂ ಸಾಧಿಸಿ ತೋರಿಸುವ ಶಕ್ತಿ ಬರುವುದು,"[""ಅಧಿಕಾರ"", ""ಶಕ್ತಿ"", ""ತಾಕತ್""]"
ಶಕ್ತಿ,noun,13171,"ಶಕ್ತಿ, ಸಮ್ಮಾನ, ಭಯ, ಆತಂಕ ಅಥವಾ ಯಾವುದೋ ವಿಶೇಷ ಮಾತು ಇತ್ಯಾದಿಗಳಿಂದ ಪ್ರಸಿದ್ಧವಾದ","[""ಪ್ರಭಾವ"", ""ಕೀರ್ತಿ"", ""ಬಲ"", ""ಹಿರಿಮೆ"", ""ವರ್ಚಸ್ಸು"", ""ನೈತಿಕ_ಬಲ"", ""ಅಧಿಕಾರ"", ""ಶಕ್ತಿ""]"
ಶಕ್ತಿ,noun,1971,ಯಾವುದನ್ನಾದರೂ ಸಹಿಸಿಕೊಳ್ಳುವ ಅಥವಾ ಧಾರಣ ಮಾಡಿಕೊಳ್ಳಲು ಇರುವ ಶಕ್ತಿ,"[""ತಡೆಯುವ_ಕ್ಷಮತೆ"", ""ತಡೆಯುವ_ಸಾಮರ್ಥ್ಯ"", ""ತಾಳುವ_ಸಾಮರ್ಥ್ಯ"", ""ಶಕ್ತಿ"", ""ಯೋಗ್ಯತೆ""]"
ಶಕ್ತಿ,noun,21003,ಯಾವುದೋ ಒಂದನ್ನು ಮಾಡಲು ಇರುವ ಸಾಮರ್ಥ್ಯ,"[""ಶಕ್ತಿ"", ""ಸಾಮರ್ಥ್ಯ"", ""ತಕ್ಕುಮೆ"", ""ಯೋಗ್ಯತೆ"", ""ಆರ್ಹತೆ""]"
ಶಕ್ತಿ,noun,25149,ಯಾವುದಾದರು ಕಥನ ಅಥವಾ ಪಕ್ಷವನ್ನು ಸರಿಪಡಿಸುವ ಕ್ರಿಯೆ,"[""ಪುಷ್ಟಿ"", ""ಶಕ್ತಿ"", ""ವೃದ್ಧಿ"", ""ಪೋಷಣೆ""]"
ಶಕ್ತಿ,noun,269,"ಯಾವುದೇ ತತ್ವವು ಏನೇ ಕೆಲಸ ಮಾಡುವ, ಮಾಡಿಸುವ ಅಥವಾ ಕ್ರಿಯಾತ್ಮಕ ರೂಪದಲ್ಲಿ ನಮ್ಮ ಪ್ರಭಾವ ತೋರಿಸುವುದು","[""ಶಕ್ತಿ"", ""ಬಲ"", ""ಕ್ಷಮತೆ"", ""ತಾಕತ್"", ""ಧಮ್"", ""ದರ್ಪ""]"
ಶಕ್ತಿ,noun,2799,ಇಚ್ಚೆಯಿಂದ ಹಾಗೆಯೇ ನಿರಂತರವಾಗಿ ಯಾವುದಾದರು ಕೆಲಸದಲ್ಲಿ ತೊಡಗಿರುವ ಕ್ರಿಯೆ,"[""ಪರಿಶ್ರಮ"", ""ಉತ್ಸಾಹ"", ""ಭಯಂಕರ"", ""ಗರ್ಜನೆ"", ""ಜೋರು"", ""ಶಕ್ತಿ"", ""ದೃಢತೆ"", ""ಗಟ್ಟಿಗತನ"", ""ಧೈರ್ಯ""]"
ಶಕ್ತಿ,noun,2960,ಮಂತ್ರ-ತಂತ್ರದಲ್ಲಿ ವರ್ಣಿತವಾಗುವ ಒಂದು ಅಧಿದೇವತೆ ಅವಳನ್ನು ಉಪಾಸನೆಮಾಡುವವರು ಶಕ್ತಿದೇವತೆ ಎಂದು ಹೇಳುತ್ತಾರೆ,"[""ಶಕ್ತಿ"", ""ಈಶ್ವರೀ"", ""ಶಕ್ತಿದೇವತೆ"", ""ದುರ್ಗಿ"", ""ದುರ್ಗಾದೇವತೆ""]"
ಶಕ್ತಿ,noun,2996,ತಮ್ಮನ್ನು ತಾವೇ ಹೆಂಗಸರಿಗಿಂತ ತುಂಬಾ ಅಧಿಕ ಯೋಗ್ಯ ಅಥವಾ ದೊಡ್ಡವರು ಅಂದು ಕೊಳ್ಳುವ ಭಾವ,"[""ಗರ್ವ"", ""ಜಂಭ"", ""ಸಿಂಗಾರ"", ""ಪ್ರತಾಪ"", ""ಶಕ್ತಿ"", ""ಐಶ್ವರ್ಯ"", ""ವಿಜಯ_ಘೋಷಣೆ"", ""ಮರ್ಯಾದೆ"", ""ಹೆಮ್ಮೆ"", ""ಪ್ರತಿಜ್ಞೆ"", ""ಆಣಿ""]"
ಶಕ್ತಿ,noun,3933,ಯಾವುದೇ ಕೆಲಸ ಮಾಡಲು ಉಪಯೋಗವಾಗುವ ಬಲ,"[""ಶಕ್ತಿ"", ""ಕಸುವು"", ""ಆಪು"", ""ಅಳವು"", ""ಬಲ""]"
ಶಕ್ತಿ,noun,5939,ಬಲ/ಶಕ್ತಿಯನ್ನು ಹೆಚ್ಚಿಸಿಕೊಳ್ಳುವ ಉದ್ದೇಶದಿಂದ ಮಾಡುವಂತಹ ಶಾರೀರಿಕವಾದ ಶ್ರಮ,"[""ವ್ಯಾಯಾಮ"", ""ಕಸರತ್ತು"", ""ಗರಡಿ_ಸಾಧನೆ"", ""ಗರಡಿ_ಸಾಧನೆ"", ""ಶಕ್ತಿ"", ""ಚಮತ್ಕಾರದ_ಪ್ರದರ್ಶನ"", ""ಚಮತ್ಕಾರದ_ಪ್ರದರ್ಶನ""]"
ಶಕ್ತಿ,noun,5956,ಶರೀರದ ಶಕ್ತಿ,"[""ದೇಹಬಲ"", ""ಬಲ"", ""ಶಕ್ತಿ"", ""ತಾಕತ್ತು""]"
ಶಕ್ತಿ,noun,6879,ಪುರುಷರ ಯೋಗ್ಯವಾದ ಅಥವಾ ಉಪಯುಕ್ತವಾದ ಕೆಲಸ,"[""ಪೌರುಷ"", ""ಪುರುಷಾರ್ಥ"", ""ಪರಾಕ್ರಮ"", ""ಶಕ್ತಿ"", ""ಪುರುಷತ್ವ""]"
ಹಾನಿ,noun,10040,ನಾಶ ಮಾಡುವ ವ್ಯಕ್ತಿ,"[""ವಿನಾಶಕ"", ""ನಾಶ"", ""ಸಂಹಾರ"", ""ಸರ್ವನಾಶ"", ""ಹಾಳು"", ""ಹಾನಿ"", ""ವಿನಾಶ""]"
ಹಾನಿ,noun,10390,ಹವಮಾನದ ವೈಪರಿತ್ಯದಿಂದ ಆಗುವ ಪರಿವರ್ತನೆಯಲ್ಲಿ ವಸ್ತು ಮುಂತಾದವುಗಳು ಕೆಟ್ಟು ಹೋಗುವುದು,"[""ಹಾನಿ"", ""ನಾಶ"", ""ವಿನಾಶ"", ""ಮೌಲ್ಯ_ಹರಣ"", ""ಸವಕಳಿ"", ""ಮೌಲ್ಯ_ಕ್ಷಯ""]"
ಹಾನಿ,noun,11534,"ಯಾವುದಾದರು ವಸ್ತು, ಪರಿಸ್ಥಿತಿ ಮೊದಲಾದವುಗಳ ಹಿಡಿತ ಅಥವಾ ಹೊಡೆತಕ್ಕೆ ಸಿಕ್ಕಿಕೊಳುವ ಕ್ರಿಯೆ","[""ಹೊಡೆತ"", ""ಏಟು"", ""ಆಘಾತ"", ""ಹಾನಿ"", ""ಪೆಟ್ಟು""]"
ಹಾನಿ,noun,1403,ಮನಸ್ಸಿಗೆ ಅಪ್ರಿಯ ಮತ್ತು ಕಷ್ಟ ಕೊಡುವ ಅವಸ್ಥೆ ಅಥವಾ ಅಂಯಹ ಮಾತುಗಳಿಂದ ಪಾರಾಗಲು ಸ್ವಾಭಾವಿಕೆ ಪ್ರವೃತಿಯನ್ನು ಹೊಂದಿರುವುದು,"[""ದುಃಖ"", ""ಕೆಡುಕು"", ""ಹಾನಿ"", ""ಸಂಕಟ"", ""ತೋಡಕು"", ""ಕಷ್ಟ"", ""ಚಿಂತೆ"", ""ವ್ಯಾಕುಲತೆ""]"
ಹಾನಿ,noun,18325,ಕಳೆದುಕೊಳ್ಳವ ಕ್ರಿಯೆ,"[""ಕಳೆದುಕೊಂಡ"", ""ನಾಶ"", ""ಹಾನಿ""]"
ಹಾನಿ,noun,20284,ತುಂಟತನ ಅಥವಾ ಚೇಷ್ಟೆಯಿಂದ ತುಂಬಿದ ಕೆಲಸ,"[""ತುಂಟತನ"", ""ಚೇಷ್ಟೆ"", ""ತಂಟೆ"", ""ತುಂಟಾಟ"", ""ಕೀಟಲೆ"", ""ಹಾವಳಿ"", ""ಕುಚೇಷ್ಟೆ"", ""ತಪ<ದರೆ"", ""ಕಿರುಕುಳ"", ""ಉಪದ್ರವ"", ""ತೊಂದರೆ"", ""ಕೆಡುಕು"", ""ಹಾನಿ"", ""ಬಾಧೆ"", ""ಕಷ್ಟ"", ""ಕುಚೋದ್ಯ"", ""ಪರಿಹಾಸ"", ""ಕಟುವ್ಯಂಗ್ಯ"", ""ಕುಹಕ"", ""ಚಂಚಲ""]"
ಹಾನಿ,noun,2246,ಯಾವುದೇ ವ್ಯಾಪಾರದಲ್ಲಿ ಆಗುವ ನಷ್ಟ,"[""ಹಾನಿ"", ""ನಷ್ಟ"", ""ಲುಕ್ಸಾನು""]"
ಹಾನಿ,noun,2524,"ಕೆಲಸ, ಪ್ರಗತಿ, ಮಾರ್ಗ ಮುಂತಾದವುಗಳಲ್ಲಿ ಎದ್ದು ನಿಲ್ಲುವ ಅಥವಾ ಬರುವ ಅಡಚಣೆ","[""ತೊಂದರೆ"", ""ಅಡಚನೆ"", ""ತೊಡಕು"", ""ಅಡ್ಡಿ"", ""ಕಷ್ಟ"", ""ವಿಘ್ನ"", ""ಬಾಧೆ"", ""ನಿಷೇದ"", ""ತಡೆ"", ""ಹಾನಿ"", ""ಅಡೆತಡೆ"", ""ಸಂಕಟದಲ್ಲಿ_ಸಿಕ್ಕಿಸು""]"
ಹಾನಿ,noun,2963,ಯಾವುದಾದರೂ ವಸ್ತುವಿನ ಅಸ್ತಿತ್ವದ ಸಮಾಪ್ತಿ/ಅಂತ್ಯ/ನಾಶ,"[""ನಾಶ"", ""ಸಂಹಾರ"", ""ನಾಶವಾಗು"", ""ಹಾಳಾಗು"", ""ಪರಾಭವ"", ""ಅಪಜಯ"", ""ಅಪದ್ವಂಸ"", ""ಅಪಾಯ"", ""ಅವಸಾನತ್ವ"", ""ಅವಸಾಧನ"", ""ಬಾಧೆ"", ""ಹಾನಿ"", ""ಕ್ಷತಿ"", ""ವಿನಾಶ"", ""ಸರ್ವನಾಶ"", ""ಹಾಳು""]"
ಹಾನಿ,noun,35663,ತ್ರಾಸ ಅಥವಾ ತೊಂದರೆಯ ರೂಪದಲ್ಲಿ ಆಗುವಂತಹ ಪರಿಣಾಮ,"[""ಹಾನಿ"", ""ಅಪಾಯ"", ""ನಷ್ಟ""]"
ಹಾನಿ,noun,36227,"ಯಾವುದೋ ವಸ್ತುವನ್ನು ಕಳೆದುಕೊಂಡಾಗ, ಕೆಟ್ಟುಹೋದಾಗ ಅಥವಾ ಕ್ಷೀಣಿಸಿದಾಗ ಅಥವಾ ಯಾರೋ ಒಬ್ಬರು ಅದನ್ನು ನಾಶ ಮಾಡಿದಾಗ ಸಂಭವಿಸುವಂತಹ ಹಾನಿ","[""ನಷ್ಟ"", ""ಹಾನಿ"", ""ನುಕ್ಸಾನು""]"
ಹಾನಿ,noun,36617,ಹಾಳಾಗುತ್ತಿರವ ಅವಸ್ಥೆಗೆ ತಲುಪಿರುವ ಸ್ಥಿತಿ ಅಥವಾ ಭಾವನೆ,"[""ಹಾನಿ"", ""ನಷ್ಟ""]"
ಹಾನಿ,noun,37772,ಹಾನಿ ಅಥವಾ ವಿನಾಶ ಉಂಟಾಗುವ ಅವಸ್ಥೆ ಅಥವಾ ಭಾವ,"[""ಹಾನಿ"", ""ವಿನಾಶ""]"
ಜಾಲ,noun,12204,ಸಂಕ್ಷಿಪ್ತ ಮತ್ತು ಗುಪ್ತವಾಗಿ ಸಂದೇಶ ಕಳುಹಿಸಲು ಕೆಲಸಕ್ಕೆ ಬರುವ ತಂತ್ರ,"[""ಮೋಸ"", ""ಕಪಟ"", ""ಜಾಲ"", ""ತಂತ್ರ"", ""ಕಳ್ಳತನ""]"
ಜಾಲ,noun,12880,"ಒಂದಕ್ಕೊಂದು ಸಂಬಂಧಿಸಿದಂತೆ ಹೆಣದುಕೊಂಡಿರುವ ವಿಷಯಗಳು, ವಸ್ತುಗಳು, ವ್ಯಕ್ತಿಗಳು ಇಲ್ಲವೆ ಪರಿಕಲ್ಪನೆಗಳ ಸಮೂಹ/ಗುಂಪು","[""ಜಾಲ"", ""ಬಲೆ""]"
ಜಾಲ,noun,2488,ಈ ರೀತಿ ಕಾರ್ಯ ಅಥವಾ ಮಾತು ವಾಸ್ತವಿಕ ಅಥವಾ ಸತ್ಯವಾಗಿಲ್ಲದ ಸಮಯದಲ್ಲಿ ಸತ್ಯ ಮತ್ತು ನಿಜವಾಗುವುದು,"[""ಜಾಲ"", ""ಮೋಹ"", ""ಭ್ರಮೆ"", ""ಜಾದು"", ""ಇಂದ್ರ-ಜಾಲ"", ""ಇಂದ್ರ_ಜಾಲ"", ""ಭಾವ_ವಿಲಾಸ"", ""ಭಾವ-ವಿಲಾಸ""]"
ಜಾಲ,noun,26732,"ಬಟ್ಟೆ, ಪ್ಲಾಸ್ಟಿಕ್, ನಾರು ಮುಂತಾದವುಗಳ ಹಗ್ಗದಿಂದ ಹೆಣೆಯಲಾದ ಟೆನಿಸ್ ಮುಂತಾದ ಆಟಾಗಳಿಗಾಗಿ ಮಾಡಲಾದ ಒಂದು ಬಲೆಯಾಕಾರದ ಪಟ್ಟಿ","[""ಬಲೆ"", ""ನೆಟ್"", ""ಜಾಲ"", ""ಬಲೆ""]"
ಜಾಲ,noun,27443,"ಬಟ್ಟೆ, ದಾರ, ನೂಲು ಅಥವಾ ಹಗ್ಗ ಮೊದಲಾದವುಗಳಿಂದ ಹೆಣೆದು ಮಾಡಿವಂತಹ ವಸ್ತು","[""ಬಲೆ"", ""ಜಾಲ"", ""ಜಾಳಿಗೆ""]"
ಜಾಲ,noun,35155,ಯಾವುದೋ ಒಂದು ವ್ಯವಸ್ಥೆ ಅಥವಾ ಪರಿಸ್ಥಿತಿಯಲ್ಲಿ ಸಿಲುಕಿದಾಗ ಅದರಿಂದ ತಪ್ಪಿಸಿಕೊಂಡು ಬರಲು ಸಾಧ್ಯವಿಲ್ಲ,"[""ಬಲೆ"", ""ಜಾಲ""]"
ಜಾಲ,noun,35161,"ಯಾರೋ ಒಬ್ಬರನ್ನು ನಂಬಿಸಲು ಅಥವಾ ಮೋಸ ಮಾಡಲು ಬಣ್ಣ ಬಣ್ಣದ ಮಾತುಗಳನ್ನು ಆಡಿ ಅದರಿಂದ ಅವರ ಮನಸ್ಸಿನಲ್ಲಿ ಆಸೆ, ಧೈರ್ಯ ಸಾಹಸ ಇತ್ಯಾದಿ ಮೂಡಿಸುವುದು","[""ಜಾಲ"", ""ಬಲೆ""]"
ಜಾಲ,noun,35790,"ವೃತ್ತಿಸಂಬಂಧವಾದ ಅಥವಾ ಸಾಮಾಜಿಕ ಉದ್ದೇಶಗಳಿಗಾಗಿ ಮಾಹಿತಿ, ಸಂಪರ್ಕಗಳು ಮತ್ತು ಅನುಭವಗಳನ್ನು ವಿನಿಯಮ ಮಾಡಿಕೊಳ್ಳುವ ಜನರ ತಂಡ","[""ಜಾಲ"", ""ಬಲೆ"", ""ಜಾಲಬಂಧ""]"
ಜಾಲ,noun,5608,ಹಳೆಯ ಕಾಲದಲ್ಲಿ ಬಳಕೆಮಾಡುತ್ತಿದ್ದ ಒಂದು ಪ್ರಕಾರದ ಫಿರಂಗಿ,"[""ಮೋಸ"", ""ಜಾಲ"", ""ತಂತ್ರ"", ""ಕಪಟ"", ""ವಂಚನೆ"", ""ಅಡ್ಡ_ಹಾದಿ"", ""ಸಂಚು""]"
ಜಾಲ,noun,597,ಆ ವಸ್ತುವಿನಲ್ಲಿ ತುಂಬಾ ಚಿಕ್ಕ-ಚಿಕ್ಕ ತೂತುಗಳನ್ನು ಮಾಡಲಾಗಿರುತ್ತದೆ,"[""ಜಾಲ"", ""ಸಣ್ಣತೂತುಗಳುಳ್ಳ_ಖಿಡಿಕಿ"", ""ತೂತುಗಳುಳ್ಳ""]"
ಜಾಲ,noun,600,"ತಂತಿ ಅಥವಾ ದಾರದಿಂದ ಮಾಡಿರುವ ಜಾಲದಿಂದ ಮೀನುಗಳು, ಹಕ್ಕಿಗಳನ್ನು ಹಿಡಿಯಲು ಬಳಸುವರು","[""ಜಾಲ"", ""ಬಲೆ"", ""ಪಾಶ""]"
ಜಾಲ,noun,7019,"ಹಗ್ಗ, ನೂಲು ಮೊದಲಾದವುಗಳ ಬಲೆ ಮಧ್ಯೆದಲ್ಲಿ ಸಿಕ್ಕಿಕೊಳ್ಳುವ ಜೀವಿ ಬಂಧನಕ್ಕೊಳ್ಳಗಾಗುತ್ತದೆ ಮತ್ತು ಬಲೆಯನ್ನು ಗಟ್ಟಿಯಾಗಿ ಕಟ್ಟುವುದರಿಂದ ಪ್ರಾಯಶಃ ಸತ್ತು ಹೋಗುತ್ತದೆ","[""ಬಲೆ"", ""ಬಂಧನ"", ""ಕಟ್ಟು"", ""ಜಾಲ"", ""ಹಗ್ಗ"", ""ಪಾಶ""]"
ಜ್ಞಾನ,noun,13621,ಯಾವುದೇ ಮಾತು ಇತ್ಯಾದಿಗಳನ್ನು ಚೆನ್ನಾಗಿ ತಿಳಿಸುವ ಶಕ್ತಿ ಅಥವಾ ಅದರ ಬಗ್ಗೆ ಚೆನ್ನಾಗಿ ತಿಳಿದಿರುವುದು,"[""ತಿಳುವಳಿಕೆ"", ""ಜ್ಞಾನ""]"
ಜ್ಞಾನ,noun,20487,ಮೋಕ್ಷದ ಪ್ರಾಪ್ತಿ ಅಥವಾ ಪರಮ-ಪುರುಷಾರ್ಥವನ್ನು ಸಿದ್ಧಿಮಾಡಿಕೊಳ್ಳುವ ಜ್ಞಾನ,"[""ವಿದ್ಯೆ"", ""ಪಾಂಡಿತ್ಯ"", ""ಬುದ್ಧಿ"", ""ಜ್ಞಾನ""]"
ಜ್ಞಾನ,noun,22288,ತಿಳುವಳಿಕೆ ಮತ್ತು ಬುದ್ಧಿ,"[""ಪ್ರಜ್ಞೆ"", ""ಜ್ಞಾನ"", ""ಬುದ್ಧಿ"", ""ಎಚ್ಚರ_ಅರಿವು"", ""ಎಚ್ಚರ_ಅರಿವು"", ""ಪರಿವೆ"", ""ತಿಳಿವು"", ""ಗ್ರಹಿಕೆ""]"
ಜ್ಞಾನ,noun,25504,ಸುಳ್ಳು ಜ್ಞಾನ,"[""(?)_ವಿಶ್ವಾಸ"", ""ನಂಬುಗೆ"", ""ಅರಿವು"", ""ಜ್ಞಾನ""]"
ಜ್ಞಾನ,noun,3382,ಬುದ್ಧಿ/ಜ್ಞಾನವನ್ನು ನೀಡುವ ವೃತ್ತಿ ಅಥವಾ ಶಕ್ತಿ,"[""ಬುದ್ಧಿ"", ""ತಿಳಿವು"", ""ಜ್ಞಾನ"", ""ಸ್ಮೃತಿ"", ""ಎಚ್ಚರ"", ""ನೆನಪು"", ""ಚೈತನ್ಯ"", ""ಸ್ಮರಣ"", ""ಅರಿವು"", ""ಬ್ರಹ್ಮಜ್ಞಾನ""]"
ಜ್ಞಾನ,noun,3649,ಆ ಮಾತು ಮುಂತಾದವು ಯಾರನ್ನಾದರೂ ಯಾವುದಾದರು ವಿಷಯದ ಜ್ಞಾನ ಅಥವಾ ಪರಿಚಯವನ್ನು ಮಾಡುವುದಕ್ಕೋಸ್ಕರ ಮಾತನಾಡಲಾಗುತ್ತದೆ,"[""ಸುದ್ಧಿ"", ""ಸೂಚನೆ"", ""ವಿನಂತಿ"", ""ವಿಜ್ಞಾಪನೆ"", ""ಪರಿಚಯ"", ""ತಿಳಿವಳಿಕೆ"", ""ಜ್ಞಾನ"", ""ಗುರ್ತು"", ""ಪೂರ್ವ_ಸೂಚನೆ""]"
ಜ್ಞಾನ,noun,3836,ಯಾವುದೇ ಕತೆ ಕಾದಂಬರಿ ಕಾವ್ಯ ಮುಂತಾದ ಬರಹಗಳು ಹೇಳುವ ತಮ್ಮ ಧ್ಯೇಯ ವಾಕ್ಯ,"[""ನೀತಿ"", ""ಉಪದೇಶ"", ""ಜ್ಞಾನ"", ""ತಿಳಿವು""]"
ಜ್ಞಾನ,noun,4792,ಹೊಳಪಿನ ಮಿಲನ ಅಥವಾ ಸ್ಥಿತಿ/ರಂಗು,"[""ತಿಳುವು"", ""ಅರಿವು"", ""ನೆರಳು"", ""ಸಂಕೇತ"", ""ಹೊಳಪು"", ""ಪ್ರಕಾಶ"", ""ಪ್ರತಿಬಿಂಬ"", ""ಜ್ಞಾನ""]"
ಜ್ಞಾನ,noun,6009,"ಜನ-ಸಾಧಾರಣರ ಹಿತಕ್ಕಾಗಿ ವಿಧಾನ/ವಿಚಾರ, ಆಚರಣೆಗಳನ್ನು ಹೇಳುವಂತಹ ಧಾರ್ಮಿಕವಾದ ಗ್ರಂಥ","[""ಶಾಸ್ತ್ರ"", ""ಧರ್ಮಶಾಸ್ತ್ರ"", ""ತತ್ವ"", ""ಜ್ಞಾನ""]"
ಜ್ಞಾನ,noun,6922,ಬುದ್ಧಿಯಿಂದ ಪ್ರಾಪ್ತವಾಗಿರುವ ಜ್ಞಾನ,"[""ಬುದ್ಧಿ"", ""ಪ್ರಜ್ಞೆ"", ""ಜ್ಞಾನ"", ""ವಿವೇಕ"", ""ಅರಿವು""]"
ಜ್ಞಾನ,noun,881,ಜ್ಞಾನವಿರುವಿಕೆಯನ್ನು ಸೂಚಿಸುವುದು,"[""ವಿದ್ಯೆ"", ""ಪಾಂಡಿತ್ಯ"", ""ಜ್ಞಾನ"", ""ತಿಳುವಳಿಕೆ"", ""ಓದು""]"
ಜ್ಞಾನ,noun,99,ಯಾವುದೇ ವಸ್ತು ವಿಷಯದ ಬಗ್ಗೆ ಇರುವ ಹೆಚ್ಚಿನ ತಿಳುವಳಿಕೆ,"[""ಜ್ಞಾನ"", ""ತಿಳಿವು"", ""ಅರಿವು""]"
ದುಃಖ,noun,10045,ಸಂಕಟ ಅಥವಾ ಅಪ್ಪತ್ತಿನ ಸಮಯ,"[""ಸಂಕಟ_ಕಾಲ"", ""ವಿಪ್ಪತ್ತಿನ_ಕಾಲ"", ""ಆಪತ್ತಕಾಲ"", ""ಸಂಕಟ-ಕಾಲ"", ""ಆಪತ್ತಕಾಲ"", ""ತರ್ತುಕಾಲ"", ""ಕಷ್ಟ"", ""ದುಃಖ""]"
ದುಃಖ,noun,11624,ಇನ್ನೊಬ್ಬರಿಂದ ಬಂದೊದಗುವಂತಹ ಹಾನಿ,"[""ಸಂಕಷ್ಟ"", ""ಆಘಾತ"", ""ಶೋಕ"", ""ದುಃಖ""]"
ದುಃಖ,noun,1403,ಮನಸ್ಸಿಗೆ ಅಪ್ರಿಯ ಮತ್ತು ಕಷ್ಟ ಕೊಡುವ ಅವಸ್ಥೆ ಅಥವಾ ಅಂಯಹ ಮಾತುಗಳಿಂದ ಪಾರಾಗಲು ಸ್ವಾಭಾವಿಕೆ ಪ್ರವೃತಿಯನ್ನು ಹೊಂದಿರುವುದು,"[""ದುಃಖ"", ""ಕೆಡುಕು"", ""ಹಾನಿ"", ""ಸಂಕಟ"", ""ತೋಡಕು"", ""ಕಷ್ಟ"", ""ಚಿಂತೆ"", ""ವ್ಯಾಕುಲತೆ""]"
ದುಃಖ,noun,2174,ಬೇಸರ ಪಡುವ ಅಥವಾ ಯಾವುದೇ ಕೆಲಸದಲ್ಲಿ ಮನಸ್ಸು ಮಾಡದೆ ಇರುವ ಅವಸ್ಥೆ ಅಥವಾ ಭಾವನೆ,"[""ಬೇಸರ"", ""ಖಿನ್ನತೆ"", ""ಆತಂಕ"", ""ಖೇದ"", ""ಪರಿತಾಪ"", ""ಪೇಚಾಟ"", ""ಬೇಜಾರು"", ""ಭಯ"", ""ಸಂಕಟ"", ""ಬೇನೆ"", ""ಉದಾಸೀನತೆ"", ""ದುಃಖ"", ""ವ್ಯಥೆ"", ""ಅಸಂತೋಷ"", ""ಅಸಂತುಷ್ಟ"", ""ವಿರಕ್ತಿ""]"
ದುಃಖ,noun,2819,ಸಣ್ಣ ಪುಟ್ಟ ತಪ್ಪುಗಳನ್ನು ಮಾಡಿದಾಗ ವ್ಯಕ್ತಪಡಿಸುವ ಮನಸ್ಸಿನ ವ್ಯಥೆ ಅಥವಾ ವಿಷಾದ,"[""ಖೇದ"", ""ದುಃಖ"", ""ಬಳಲಿಕೆ"", ""ಪರಿತಾಪ"", ""ಅನುತಾಪ""]"
ದುಃಖ,noun,2967,"ತೊಂದರೆ, ದುಃಖದ ಸ್ಥಿತಿ ಅಥವಾ ಭಾವ","[""ದುಃಖ"", ""ತೊಂದರೆ"", ""ಕೊರತೆ"", ""ಕಷ್ಟದ_ಪರಿಸ್ಥಿತಿ"", ""ಉಪದ್ರವದ_ಪರಿಸ್ಥಿತಿ"", ""ಹಿಂಸೆ"", ""ಅಭಾವ""]"
ದುಃಖ,noun,3306,ಮನಸ್ಸಿನಲ್ಲಿಯೇ ಕೊರಗುವಿಕೆ ಅಥವಾ ವ್ಯಥೆಪಡುವಿಕೆ,"[""ಮನೋವ್ಯಥೆ"", ""ಕೊರಗು"", ""ಅಳಲು"", ""ವ್ಯಸನ"", ""ದುಃಖ""]"
ದುಃಖ,noun,3656,ಯಾವುದಾದರು ಅನಿಷ್ಟಕರವಾದ ಘಟನೆಯಲ್ಲಿ ಉತ್ಪತ್ತಿಯಾಗುವ ಸ್ಥಿತಿ ಅದರಿಂದ ದೊಡ್ಡದಾದಂತಹ ಹಾನಿಯುಂಟಾಗುತ್ತದೆ,"[""ಸಂಕಟ"", ""ಕಷ್ಟ"", ""ಆಪತ್ತು"", ""ವಿಷಮಸ್ಥಿತಿ"", ""ಅನಿಷ್ಟ"", ""ಹಾಲಾಹಲ"", ""ನೋವು"", ""ದುಃಖ"", ""ತ್ರಾಸ"", ""ಇರುಕಾದ"", ""ಸಂಕೀರ್ಣವಾದ"", ""ಇಕ್ಕಟ್ಟಾದ"", ""ಕಷ್ಟದಾಯಕವಾದ""]"
ದುಃಖ,noun,5293,ಪ್ರಿಯವಾದ ವ್ಯಕ್ತಿ ಮರಣ ಅಥವಾ ವಿಯೋಗದ/ಅಗಲಿಕೆಯ ಕಾರಣ ಮನಸ್ಸಿನಲ್ಲಿ ಉಂಟಾಗುವಂತಹ ಉತ್ಕೃಷ್ಟವಾದ ದುಃಖ,"[""ದುಃಖ"", ""ಶೋಕ"", ""ವ್ಯಥೆ"", ""ಅಳಲು"", ""ಕಷ್ಟ"", ""ವ್ಯಸನ""]"
ದುಃಖ,noun,6497,ಅಭಿಲಾಶೆಯು ಪೂರ್ತಿಯಾಗದೆ ಇರುವಾಗ ಮನಸ್ಸಿನಲ್ಲಿ ಉಂಟಾಗುವಂತಹ ದುಃಖ,"[""ಶೋಕ"", ""ದುಃಖ"", ""ವಿಷಾದ"", ""ವ್ಯಸನ"", ""ಆಲಸ್ಯ"", ""ದಣಿವು""]"
ದುಃಖ,noun,8092,ಯಾರಾದರೂ ಸತ್ತಾಗ ವ್ಯಥೆಪಡುವುದು,"[""ಶೋಕ"", ""ದುಃಖ""]"
ದುಃಖ,noun,9116,ಯಾರಾದರೊಬ್ಬರ ದುಃಖದ ಅಥವಾ ಕಷ್ಟದ ವರ್ಣನೆ,"[""ದುಗುಡ"", ""ದುಃಖ"", ""ದುಃಖಕಥೆ"", ""ತ್ರಾಸದಕಥೆ"", ""ದುಮ್ಮಾನಕಥೆ"", ""ವ್ಯತೆ""]"
ಪೆಟ್ಟು,noun,10775,"ಯಾವುದೇ ವಸ್ತುವಿಗೆ ಡಿಕ್ಕಿ ಹೊಡೆದಾಗ, ಬೀದ್ದಾಗ ಮತ್ತು ಜಾರಿದಾಗ ದೇಹಕ್ಕೆ ನೋವು ಅಥವಾ ಗಾಯ","[""ಗಾಯ"", ""ಪೆಟ್ಟು""]"
ಪೆಟ್ಟು,noun,11534,"ಯಾವುದಾದರು ವಸ್ತು, ಪರಿಸ್ಥಿತಿ ಮೊದಲಾದವುಗಳ ಹಿಡಿತ ಅಥವಾ ಹೊಡೆತಕ್ಕೆ ಸಿಕ್ಕಿಕೊಳುವ ಕ್ರಿಯೆ","[""ಹೊಡೆತ"", ""ಏಟು"", ""ಆಘಾತ"", ""ಹಾನಿ"", ""ಪೆಟ್ಟು""]"
ಪೆಟ್ಟು,noun,13938,ಆಘಾತವಾದಾಗ ಆಗುವಂತಹ ನೋವಿನ ಅವಸ್ಥೆ ಅಥವಾ ಭಾವ,"[""ಗಾಯ"", ""ಪೆಟ್ಟು""]"
ಪೆಟ್ಟು,noun,23331,ಹೊಡೆಯುವ ಕ್ರಿಯೆ ಅಥವಾ ಭಾವ,"[""ಹೊಡೆ"", ""ಬಡಿ"", ""ಕೊಲ್ಲು"", ""ಕೊಲ್ಲುವಿಕೆ"", ""ವಧೆ"", ""ಏಟು"", ""ಪೆಟ್ಟು""]"
ಪೆಟ್ಟು,noun,36716,"ಬಲ-ಪರೀಕ್ಷೆ, ಮನಸ್ಸಿಗೆ ಆನಂದ, ವ್ಯಾಯಾಮ ಇತ್ಯಾದಿಗಳಿಗಾಗಿ ಇಬ್ಬರು ವ್ಯಕ್ತಿಗಳು ಪರಸ್ಪರ ಹಣೆ ಅಥವಾ ತಲೆಯಿಂದ ಒಬ್ಬರನ್ನೊಬ್ಬರು ಆಘಾತ ಮಾಡುತ್ತಾ ಅಥವಾ ನೂಕುತ್ತಾ ಮಾಡುವ ಕ್ರಿಯೆ ಅಥವಾ ಭಾವನೆ","[""ಪೆಟ್ಟು"", ""ಏಟು"", ""ಹೊಡೆತ""]"
ಪೆಟ್ಟು,noun,5185,ಅಂಗೈಯಿಂದ ಆಗುವಂತಹ ಒಂದು ಆಘಾತ/ಹೊಡೆತ,"[""ಕೆನ್ನೆ_ಏಟು"", ""ಹೊಡೆತ"", ""ಏಟು"", ""ಪೆಟ್ಟು"", ""ಒಡೆ"", ""ಒಡೆತ""]"
ಪೆಟ್ಟು,noun,5615,ಸೀಳು ಮತ್ತು ಕೂಯ್ದುಕೊಂಡಿದ್ದರಿಂದ ಅದ ಗಾಯ/ಪೆಟ್ಟು,"[""ಗಾಯ"", ""ಕಚ್ಚು"", ""ಪೆಟ್ಟು""]"
ಪೆಟ್ಟು,noun,5805,ಮನಸ್ಸಿಗೆ ಆಘಾತವನ್ನುಂಟುಮಾಡುವ ಕ್ರಿಯೆ,"[""ಆಘಾತ"", ""ದಕ್ಕೆ"", ""ಪೆಟ್ಟು"", ""ದಿಗ್ಬ್ರಮೆ"", ""ದಿಗ್ಭ್ರಾಂತಿ""]"
ಪೆಟ್ಟು,noun,593,ಯಾವುದೇ ವಸ್ತು ಅಥವಾ ಸಂಗತಿಯಿಂದ ದೇಹಕ್ಕೆ ಅಥವಾ ಮನಸ್ಸಿಗೆ ನೋವಾಗುವಂತೆ ಪರಿಣಾಮ ಬೀರುವುದು,"[""ಏಟು"", ""ಪೆಟ್ಟು"", ""ಹೊಡೆತ""]"
ಪೆಟ್ಟು,noun,8653,ಹೊಡೆಯುವ ಕ್ರಿಯೆ,"[""ಹೊಡೆಯುವುದು"", ""ಹೊಡೆತ"", ""ಹೊಡೆಯುವಿಕೆ"", ""ಪ್ರಹಾರ"", ""ಬಡಿತ"", ""ಪೆಟ್ಟು"", ""ಆಘಾತ"", ""ಯುದ್ಧ""]"
ಪೆಟ್ಟು,noun,8680,ಚರ್ಮ ಕಿತ್ತು ದೇಹದಲ್ಲುಂಟಾಗುವ ಕಚ್ಚು,"[""ಗಾಯ"", ""ಪೆಟ್ಟು"", ""ಕಚ್ಚು""]"
ಪೆಟ್ಟು,noun,8715,ಒಂದು ವಸ್ತುವಿನಿಂದ ಇನ್ನೊಂದು ವಸ್ತುವಿಗೆ ಆಗುವ ವೇಗಪೂರ್ಣವಾದ ಸ್ಪರ್ಶ,"[""ಹೊಡೆತ"", ""ಪೆಟ್ಟು""]"
ಬಲೆ,noun,12880,"ಒಂದಕ್ಕೊಂದು ಸಂಬಂಧಿಸಿದಂತೆ ಹೆಣದುಕೊಂಡಿರುವ ವಿಷಯಗಳು, ವಸ್ತುಗಳು, ವ್ಯಕ್ತಿಗಳು ಇಲ್ಲವೆ ಪರಿಕಲ್ಪನೆಗಳ ಸಮೂಹ/ಗುಂಪು","[""ಜಾಲ"", ""ಬಲೆ""]"
ಬಲೆ,noun,13950,"ಕ್ರೋಶ, ಸೂಚಿ ಮೊದಲಾದವುಗಳಿಂದ ನೇಯುವ ಒಂದು ಕ್ರಮ","[""ಬಲೆ""]"
ಬಲೆ,noun,26732,"ಬಟ್ಟೆ, ಪ್ಲಾಸ್ಟಿಕ್, ನಾರು ಮುಂತಾದವುಗಳ ಹಗ್ಗದಿಂದ ಹೆಣೆಯಲಾದ ಟೆನಿಸ್ ಮುಂತಾದ ಆಟಾಗಳಿಗಾಗಿ ಮಾಡಲಾದ ಒಂದು ಬಲೆಯಾಕಾರದ ಪಟ್ಟಿ","[""ಬಲೆ"", ""ನೆಟ್"", ""ಜಾಲ"", ""ಬಲೆ""]"
ಬಲೆ,noun,27437,"ಫುಟ್ಬಾಲ್, ಹಾಕಿ ಮೊದಲಾದವುಗಳಲ್ಲಿ ಬಾಲ್ ಹೋಗಿ ಸೇರಬೇಕಾದ ಬಲೆಯಿಂದ ಕೂಡಿದ ಗುರಿ","[""ಬಲೆ""]"
ಬಲೆ,noun,27443,"ಬಟ್ಟೆ, ದಾರ, ನೂಲು ಅಥವಾ ಹಗ್ಗ ಮೊದಲಾದವುಗಳಿಂದ ಹೆಣೆದು ಮಾಡಿವಂತಹ ವಸ್ತು","[""ಬಲೆ"", ""ಜಾಲ"", ""ಜಾಳಿಗೆ""]"
ಬಲೆ,noun,34817,ಲಾಕ್ಷಣಿಕ ಅರ್ಥದಲ್ಲಿ ಹೇಳುವುದಾದರೆ ಯಾರೋ ಒಬ್ಬ ವ್ಯಕ್ತಿ ಕಾರಣಾತರದಿಂದ ಬೇರೆ ವ್ಯಕ್ತಿಯ ಮೊಸಕ್ಕೆ ಒಳಗಾಗುವರು,"[""ಬಲೆ""]"
ಬಲೆ,noun,35155,ಯಾವುದೋ ಒಂದು ವ್ಯವಸ್ಥೆ ಅಥವಾ ಪರಿಸ್ಥಿತಿಯಲ್ಲಿ ಸಿಲುಕಿದಾಗ ಅದರಿಂದ ತಪ್ಪಿಸಿಕೊಂಡು ಬರಲು ಸಾಧ್ಯವಿಲ್ಲ,"[""ಬಲೆ"", ""ಜಾಲ""]"
ಬಲೆ,noun,35161,"ಯಾರೋ ಒಬ್ಬರನ್ನು ನಂಬಿಸಲು ಅಥವಾ ಮೋಸ ಮಾಡಲು ಬಣ್ಣ ಬಣ್ಣದ ಮಾತುಗಳನ್ನು ಆಡಿ ಅದರಿಂದ ಅವರ ಮನಸ್ಸಿನಲ್ಲಿ ಆಸೆ, ಧೈರ್ಯ ಸಾಹಸ ಇತ್ಯಾದಿ ಮೂಡಿಸುವುದು","[""ಜಾಲ"", ""ಬಲೆ""]"
ಬಲೆ,noun,35790,"ವೃತ್ತಿಸಂಬಂಧವಾದ ಅಥವಾ ಸಾಮಾಜಿಕ ಉದ್ದೇಶಗಳಿಗಾಗಿ ಮಾಹಿತಿ, ಸಂಪರ್ಕಗಳು ಮತ್ತು ಅನುಭವಗಳನ್ನು ವಿನಿಯಮ ಮಾಡಿಕೊಳ್ಳುವ ಜನರ ತಂಡ","[""ಜಾಲ"", ""ಬಲೆ"", ""ಜಾಲಬಂಧ""]"
ಬಲೆ,noun,36957,ಯಾವುದಾದರು ಕೀಟ ತನ್ನ ಶರೀರದ ಸುತ್ತ ಜೊಲ್ಲಿನಿಂದ ಹೆಣೆದು ಕೊಳ್ಳುವ ಬಲೆ,"[""ಕೋಶ"", ""ಬಲೆ""]"
ಬಲೆ,noun,600,"ತಂತಿ ಅಥವಾ ದಾರದಿಂದ ಮಾಡಿರುವ ಜಾಲದಿಂದ ಮೀನುಗಳು, ಹಕ್ಕಿಗಳನ್ನು ಹಿಡಿಯಲು ಬಳಸುವರು","[""ಜಾಲ"", ""ಬಲೆ"", ""ಪಾಶ""]"
ಬಲೆ,noun,7019,"ಹಗ್ಗ, ನೂಲು ಮೊದಲಾದವುಗಳ ಬಲೆ ಮಧ್ಯೆದಲ್ಲಿ ಸಿಕ್ಕಿಕೊಳ್ಳುವ ಜೀವಿ ಬಂಧನಕ್ಕೊಳ್ಳಗಾಗುತ್ತದೆ ಮತ್ತು ಬಲೆಯನ್ನು ಗಟ್ಟಿಯಾಗಿ ಕಟ್ಟುವುದರಿಂದ ಪ್ರಾಯಶಃ ಸತ್ತು ಹೋಗುತ್ತದೆ","[""ಬಲೆ"", ""ಬಂಧನ"", ""ಕಟ್ಟು"", ""ಜಾಲ"", ""ಹಗ್ಗ"", ""ಪಾಶ""]"
ಹಗ್ಗ,noun,13156,ಹುಲ್ಲಿನಿಂದ ಮಾಡಿದ ಹಗ್ಗ,"[""ಹುರಿ"", ""ಹಗ್ಗ""]"
ಹಗ್ಗ,noun,2670,ಹೊರಸು ಅಥವಾ ಮಂಚದ ಹೆಣಿಕೆ ಬಿಗಿಯುವ ಹಗ್ಗ,"[""ಹೊರಸು"", ""ಹಗ್ಗ"", ""ಮಂಚದ_ಹೆಣಿಕೆಯನ್ನು_ಕಟ್ಟವ_ಹಗ್ಗ""]"
ಹಗ್ಗ,noun,3827,ಹುಲ್ಲು ಅಥವಾ ನಾರನಿಂದ ಮಾಡಿರುವಂತಹ ದಪ್ಪ ಹಗ್ಗ,"[""ಹಗ್ಗ""]"
ಹಗ್ಗ,noun,5854,"ದಾರ, ರೇಷ್ಮೆ, ಉಣ್ಣೆ ಮುಂತಾದವುಗಳನ್ನು ಸೇರಿಸಿ ಮಾಡಿರುವ ದಪ್ಪವಾದ ನೂಲು","[""ನೂಲು"", ""ದಾರ"", ""ಹುರಿ"", ""ಹಗ್ಗ"", ""ಸೂತ್ರ""]"
ಹಗ್ಗ,noun,5899,"ಹಸುಗಳ ಒಣಗಿದ ಕರುಳ, ಚರ್ಮವನ್ನು ತಿರುಚಿ ಮಾಡಿರುವ ಬಲವಾದ ಹಗ್ಗ","[""ಹುರಿ"", ""ಬೀವು"", ""ಹಗ್ಗ""]"
ಹಗ್ಗ,noun,7019,"ಹಗ್ಗ, ನೂಲು ಮೊದಲಾದವುಗಳ ಬಲೆ ಮಧ್ಯೆದಲ್ಲಿ ಸಿಕ್ಕಿಕೊಳ್ಳುವ ಜೀವಿ ಬಂಧನಕ್ಕೊಳ್ಳಗಾಗುತ್ತದೆ ಮತ್ತು ಬಲೆಯನ್ನು ಗಟ್ಟಿಯಾಗಿ ಕಟ್ಟುವುದರಿಂದ ಪ್ರಾಯಶಃ ಸತ್ತು ಹೋಗುತ್ತದೆ","[""ಬಲೆ"", ""ಬಂಧನ"", ""ಕಟ್ಟು"", ""ಜಾಲ"", ""ಹಗ್ಗ"", ""ಪಾಶ""]"
ಹಗ್ಗ,noun,7177,ಅತಿ ದಪ್ಪವಾದ ಹಗ್ಗ ಅಥವಾ ದಪ್ಪವಾದ ದಾರ,"[""ದಾರ"", ""ಹಗ್ಗ""]"
ಹಗ್ಗ,noun,7178,ದಪ್ಪ ಹಗ್ಗ,"[""ಹಗ್ಗ"", ""ದಾರ""]"
ಹಗ್ಗ,noun,7203,ಬಾವಿಯಿಂದ ನೀರು ತುಂಬಿದ ಬಿಂದುಗೆಯನ್ನು ಎಳೆಯಲು ಬಳಸುವ ಹಗ್ಗ,"[""ಹಗ್ಗ"", ""ಸಣಬಿನ_ದಪ್ಪ_ಹಗ್ಗ""]"
ಹಗ್ಗ,noun,7969,ಒಂದು ತರಹದ ದಪ್ಪ ಹಗ್ಗ ಭಾರವಾದ ಸಮಾನುಗಳನ್ನು ಕಟ್ಟುವ ಕೆಲಸಕ್ಕೆ ಬರುವುದು,"[""ಹಗ್ಗ"", ""ದಾರ"", ""ಸುತ್ಲಿ_ದಾರ""]"
ಹಗ್ಗ,noun,8330,ಸೆಣಬು/ನಾರಿನ ದಾರ,"[""ಹಗ್ಗ"", ""ತೆಳುವಾದ_ದಾರ"", ""ಹುರಿ""]"
ಹಗ್ಗ,noun,848,"ಕತ್ತಾಳಿ ನಾರು, ತೆಂಗಿನ ಜುಪುರು, ಸೆಣಬಿನ ನಾರು, ಬಟ್ಟೆ ಪ್ಲಾಸ್ಟಿಕು ಮುಂತಾದವುಗಳಿಂದ ಹೆಣೆದು ಮಾಡಿರುವಂತಹುದು ವಿಶೇಷವಾಗಿ ಕಟ್ಟಲು ಬಿಗಿಯಲು ಬಳಸಲಾಗುತ್ತದೆ","[""ಹಗ್ಗ"", ""ಹುರಿ"", ""ನೇಣು"", ""ರಜ್ಜು""]"
ಹೇಳು,verb,10711,ಸಂಕಟದ ಸ್ಥಿತಿಯಲ್ಲಿ ಗುಪ್ತವಾದ ವಿಷಯಗಳನ್ನು ಹೇಳುವುದು,"[""ಹೊರಹಾಕು"", ""ಹೊರಗೆಡಹು"", ""ಹೇಳು"", ""ತಪ್ಪು_ಒಪ್ಪಿಸಿಕೊ"", ""ನಿಜಹೇಳು""]"
ಹೇಳು,verb,10933,ಕರೆಯುವ ಪ್ರಕ್ರಿಯೆ,"[""ಹೇಳು""]"
ಹೇಳು,verb,11482,ಇನ್ನೊಬ್ಬರು ಕೇಳಿಸಿಕೊಳ್ಳುವಂತೆ ಮಾಡು,"[""ಹೇಳು"", ""ಕೇಳಿಸು""]"
ಹೇಳು,verb,11483,ನಿಕೃಷ್ಟವಾಗಿ ಹೇಳು,"[""ಹೇಳು"", ""ಕೇಳಿಸು"", ""ಶೃತಪಡಿಸು""]"
ಹೇಳು,verb,11728,"ನೆನಪಿನ ಶಕ್ತಿಯಿಂದ ಅಥವಾ ಪುಸ್ತಕದಿಂದ ಯಾರೋ ಒಬ್ಬರಿಗೆ ಕೇಳಿಸುವಂತೆ ಮಂತ್ರ, ಕವಿತೆ ಮುಂತಾದವುಗಳನ್ನು ಹೇಳುವ ಪ್ರಕ್ರಿಯೆ","[""ಹೇಳು""]"
ಹೇಳು,verb,12069,ಯಾವುದೇ ವಸ್ತು ಅಥವಾ ಕಾರ್ಯದ ಬಗೆಗೆ ಇಂಗಿತವನ್ನು ವ್ಯಕ್ತಪಡಿಸುವ ಪ್ರಕ್ರಿಯೆ,"[""ಹೇಳು"", ""ಸೂಚಿಸು"", ""ತೋರಿಸು""]"
ಹೇಳು,verb,12196,ಅಚಾನಕ್ಕಾಗಿ ಎತ್ತುವ ಅಥವಾ ಆರಂಭಿಸುವ ಪ್ರಕ್ರಿಯೆ,"[""ಎತ್ತು"", ""ಪ್ರಸ್ತಾಪಿಸು"", ""ಹೇಳು""]"
ಹೇಳು,verb,12681,ಯಾವುದೋ ಒಂದರ ಬಗೆಗೆ ನಿರ್ಣಯಿಸುವ ಪ್ರಕ್ರಿಯೆ,"[""ಹೇಳು""]"
ಹೇಳು,verb,12688,ಸುಂದರವಾಗಿ ಮತ್ತು ವ್ಯವಸ್ಥಿತಿ ರೂಪದಲ್ಲಿ ಅಭಿವ್ಯಕ್ತಿಯುವ ಪ್ರಕ್ರಿಯೆ,"[""ಹೇಳು""]"
ಹೇಳು,verb,13369,ಮೌಖಿಕವಾಗಿ ಯಾವುದೋ ಒಂದನ್ನು ವರ್ಣನೆ ಮಾಡುವ ಪ್ರಕ್ರಿಯೆ,"[""ಹೇಳು"", ""ಕೇಳಿಸು""]"
ಹೇಳು,verb,13373,"ಕವಿತೆ, ಗಜಲ್ ಮುಂತಾದವುಗಳನ್ನು ಹಾಡುವ ಪ್ರಕ್ರಿಯೆ","[""ಹಾಡು"", ""ಪಾಡು"", ""ಹೇಳು""]"
ಹೇಳು,verb,13376,"ಬಾಯಿಯ ಮೂಲಕ ಯಾವುದೇ ಮಾತು, ವಿಚಾರ ಇತ್ಯಾದಿ ವ್ಯಕ್ತ ಪಡಿಸುವ ಪ್ರಕ್ರಿಯೆ","[""ಹೇಳು""]"
ಹೇಳು,verb,13377,ಇನ್ನೊಬ್ಬರ ಬಗ್ಗೆ ನಿಶ್ಚಿತ ಮತ್ತು ಆತ್ಮವಿಶ್ವಾಸದ ಜೊತೆಗೆ ಸಕಾರಾತ್ಮಕವಾದ ಹೇಳಿಕೆಯನ್ನು ನೀಡುವ ಪ್ರಕ್ರಿಯೆ,"[""ಹೇಳು"", ""ತಿಳಿಸು""]"
ಹೇಳು,verb,13530,ಯಾವುದೋ ಮಾತು ಅಥವಾ ಶಬ್ದ ಬಾರಿ-ಬಾರಿ ಹೇಳುವ ಪ್ರಕ್ರಿಯೆ,"[""ಹೇಳು""]"
ಹೇಳು,verb,13942,"ಗಿಳಿ, ಮೈನಾ ಮುಂತಾದ ಪಕ್ಷಿ ಮನುಷ್ಯನ ಮಾತನ್ನು ಕಲಿಸುವ ಪ್ರಕ್ರಿಯೆ","[""ಹೇಳು"", ""ಹೇಳಿಸು""]"
ಹೇಳು,verb,18363,ಯಾರೋ ಒಬ್ಬರ ಮುಂದೆ ಘಟನೆ ಮುಂತಾದವುಗಳಿಗೆ ಸಂಬಂಧಿಸಿದ ವ್ಯಕ್ತಿಯ ಹೆಸರನ್ನು ಹೇಳುವ ಪ್ರಕ್ರಿಯೆ,"[""ಹೇಳು""]"
ಹೇಳು,verb,1912,ಇಬ್ಬರು ಇಲ್ಲವೇ ಇಬ್ಬರಿಗಿಂತ ಹೆಚ್ಚು ವ್ಯಕ್ತಿಗಳ ನಡುವೆ ನಡೆಯುವ ಮೌಖಿಕ ಸಂವಹನದ ಪ್ರಕ್ರಿಯೆ,"[""ಮಾತಾಡು"", ""ಮಾತನಾಡು"", ""ಹೇಳು"", ""ಮಾತುಕತೆಯಾಡು"", ""ಸಂಭಾಷಿಸು"", ""ಸಂವಾದಿಸು"", ""ಸಂವಾದಮಾಡು"", ""ಸಂವಾದ_ಮಾಡು"", ""ಸಂವಾದ-ಮಾಡು""]"
ಹೇಳು,verb,27671,"ಚಿಹ್ನೆ, ಸೂತ್ರ ಮುಂಗಾದವುಗಳ ಮಾಧ್ಯಮದಿಂದ ಹೇಳುವ ಅಥವಾ ಮಾಹಿತಿ ನೀಡುವ ಪ್ರಕ್ರಿಯೆ","[""ಹೇಳು""]"
ಹೇಳು,verb,4300,ಏನನ್ನಾದರೂ ಮಾಡುವುದಕ್ಕೆ ಆದೇಶ ನೀಡುವುದು,"[""ಆಜ್ಞೆ_ಮಾಡು"", ""ಆಜ್ಞೆ_ಮಾಡು"", ""ಆಜ್ಞೆ_ಕೊಡು"", ""ಆಜ್ಞೆ_ಕೊಡು"", ""ಆಜ್ಞೆ_ನೀಡು"", ""ಆಜ್ಞೆ_ನೀಡು"", ""ಆದೇಶ_ಮಾಡು"", ""ಆದೇಶ_ಮಾಡು"", ""ಆದೇಶ_ನೀಡು"", ""ಆದೇಶ_ನೀಡು"", ""ಹೇಳು""]"
ಹೇಳು,verb,4899,ವಿಸ್ತಾರ ಪೂರ್ವಕವಾಗಿ ಏನನ್ನಾದರೂ ಹೇಳುವುದು,"[""ವರ್ಣನೆ"", ""ವರ್ಣಿಸು"", ""ವರ್ಣನೆ_ಮಾಡು"", ""ಹೇಳು"", ""ತಿಳಿಸು"", ""ಪ್ರಶಂಸೆ"", ""ಪ್ರಶಂಸೆ_ಮಾಡು"", ""ಪ್ರಶಂಸಿಸು""]"
ಹೇಳು,verb,7106,"ಯಾವುದಾದರು ಕಾರ್ಯದ ಆಕಾರ, ಪ್ರಕಾರ ಅಥವಾ ವಿಧಿ ಮೊದಲಾದವುಗಳ ತಿಳುವಳಿಕೆಯನ್ನು ನೀಡುವುದು","[""ಹೇಳು"", ""ತಿಳಿಸು"", ""ನಿರ್ದೇಶಿಸು"", ""ನಿರ್ದೇಶನ_ನೀಡು""]"
ಹೇಳು,verb,7125,ಯಾವುದಾದರೂ ವಿಷಯವನ್ನು ತಿಳಿಯಪಡಿಸುವ ಕ್ರಿಯೆ,"[""ತಿಳಿಸು"", ""ಅರುಹು"", ""ನಿವೇದಿಸು"", ""ಶ್ರುತಪಡಿಸು"", ""ಹೇಳು""]"
ಹೇಳು,verb,7302,ಭೋದನೆ ಮಾಡುವುದು,"[""ಹೇಳು"", ""ವಿವರಿಸು"", ""ವಿಶದವಾಗಿ_ಹೇಳು"", ""ಸ್ಪಷ್ಟೀಕರಿಸು"", ""ಬಿಡಿಸಿ_ಹೇಳು"", ""ವಿವರಣೆ_ಕೊಡು""]"
ಮುಚ್ಚು,verb,10276,ಹೊದಿಸುವ ಕೆಲಸವನ್ನು ಇನ್ನೊಬ್ಬರಿಂದ ಮಾಡಿಸು,"[""ಹೊದಿಸು"", ""ಮುಚ್ಚು""]"
ಮುಚ್ಚು,verb,10745,ಅಡ್ಡಿ ಅಥವಾ ಅಡಚಣೆಯನ್ನು ಮಾಡು,"[""ಮುಚ್ಚು"", ""ತಡೆ"", ""ನಿಲ್ಲಿಸು"", ""ಅಡ್ಡಿ_ಮಾಡು"", ""ಅಡಚಣೆ_ಮಾಡು""]"
ಮುಚ್ಚು,verb,11556,ಇನ್ನೊಬ್ಬರ ಶರೀರ ಅಥವಾ ಶರೀರದ ಭಾಗವನ್ನು ವಸ್ತ್ರದಿಂದ ಮುಚ್ಚುವುದು,"[""ಹೊದಿಸು"", ""ಮುಚ್ಚು""]"
ಮುಚ್ಚು,verb,11571,ಮೇಲಿಂನಿಂದ ಬಾರವನ್ನು ಇಡುವುದರಿಂದ ಯಾವುದೇ ವಸ್ತು ಕೆಳಗುಳಿದು ಆಕಡೆ-ಈಕಡೆ ಹೋಗದಂತಾಗುವುದು,"[""ಒತ್ತು"", ""ಹಿಸುಕು"", ""ಹೂಳು"", ""ಮುಚ್ಚು""]"
ಮುಚ್ಚು,verb,11575,ಯಾವುದೇ ವಿಷವನ್ನು ಬೆಳೆಯುವುದಕ್ಕೆ ಬಿಡದಿರುವ ಕ್ರಿಯೆ,"[""ಮುಚ್ಚು""]"
ಮುಚ್ಚು,verb,12446,"ದ್ವಾರ,ಬಾಯಿ ಇತ್ಯಾದಿಗಳಿಗೆ ಏನನ್ನಾದರು ಅಡ್ಡವಿಟ್ಟು ಅದನ್ನು ಮುಚ್ಚುವ ಪ್ರಕ್ರಿಯೆ","[""ಮುಚ್ಚು"", ""ಬಂದು_ಮಾಡು""]"
ಮುಚ್ಚು,verb,12709,ಬಾಗಿಲನ್ನು ಮುಚ್ಚುವ ಪ್ರಕ್ರಿಯೆ,"[""ಮುಚ್ಚು"", ""ಹಚ್ಚು""]"
ಮುಚ್ಚು,verb,12819,ಕಣ್ಣು ದೃಷ್ಟಿಗೆ ಬೀಳದ ಹಾಗೆ ಎಲ್ಲೋ ಹೋಗುವ ಪ್ರಕ್ರಿಯೆ,"[""ಮುಚ್ಚು"", ""ಮರೆಯಾಗು"", ""ಮುಚ್ಚಿಟುಕೊ"", ""ಮಾಯವಾಗು""]"
ಮುಚ್ಚು,verb,18896,ಹೊಂಡ ಹಳ್ಳ ಮುಂತಾದವುಗಳನ್ನು ಭರ್ತಿ ಮಾಡಿ ಸಮನಾಗಿ ಮಾಡುವ ಪ್ರಕ್ರಿಯೆ,"[""ಮುಚ್ಚು""]"
ಮುಚ್ಚು,verb,23652,ವಾದ್ಯದ ಬಾಯಿಗೆ ಚರ್ಮ ಮುಂತಾದವುಗಳನ್ನು ಮುಚ್ಚುವ ಪ್ರಕ್ರಿಯೆ,"[""ಹೊದ್ದಿಸು"", ""ಮುಚ್ಚು""]"
ಮುಚ್ಚು,verb,32634,ಯಾವುದೋ ಒಂದು ವಸ್ತು ಒಳಗಿನಿಂದ ಹೊರಗೆ ಅಥವಾ ಹೊರಗಿನಿಂದ ಒಳಗೆ ಹೋಗದಂತೆ ಮಾಡುವ ಅಥವಾ ಅದರ ಉಪಯೋಗವಾಗದಂತೆ ಮಾಡುವ ಪ್ರಕ್ರಿಯೆ,"[""ಮುಚ್ಚು"", ""ಬಂದು_ಮಾಡು"", ""ಹಾಕು""]"
ಮುಚ್ಚು,verb,34297,ನೆರಳಿಗಾಗಿ ಯಾವುದಾದರು ಗುಡಿಸಲು ಅಥವಾ ಸ್ಥಾನದ ಮೇಲೆ ಚಪ್ಪರವನ್ನು ಹೊದಿಸುವ ಕ್ರಿಯೆ,"[""ಹೊದಿಸು"", ""ಮುಚ್ಚು"", ""ಹರವು"", ""ಹಾಸು""]"
ಮುಚ್ಚು,verb,34298,ನೆರಳಿಗಾಗಿ ಯಾವುದಾದರು ಸ್ಥಾನದ ಮೇಲ್ಬಾಗದಲ್ಲಿ ಯಾವುದಾದರು ವಸ್ತ್ರವನ್ನು ಹೊದಿಸುವ ಅಥವಾ ಹಾಸುವ ಕ್ರಿಯೆ,"[""ಹೊದಿಸು"", ""ಮುಚ್ಚು"", ""ಹರವು"", ""ಹಾಸು""]"
ಮುಚ್ಚು,verb,34536,ಜಾರಿಯಲ್ಲಿ ಇಲ್ಲದ ಹಾಗೆ ಮಾಡುವ ಪ್ರಕ್ರಿಯೆ,"[""ಮುಚ್ಚು""]"
ಮುಚ್ಚು,verb,35504,ಯಾವುದಾದರು ವಸ್ತು ಒಳಗಿನಿಂದ ಹೊರಗೆ ಅಥವಾ ಹೊರಗಿನಿಂದ ಒಳಗೆ ಹೋಗುವುದಕ್ಕೆ ಆಗದಂತೆ ಮಾಡುವಂತಹ ಕ್ರಿಯೆ,"[""ತಡೆಗಟ್ಟು"", ""ಮುಚ್ಚು""]"
ಮುಚ್ಚು,verb,35505,ಇಂತಹ ಸ್ಥಿತಿಯಲ್ಲಿ ಕೆಲಸ ಮಾಡುವುದನ್ನು ನಿಲ್ಲಿಸುವುದು,"[""ಮುಚ್ಚು""]"
ಮುಚ್ಚು,verb,5275,ಕಣ್ಣು ತಪ್ಪಿಸು ಅಥವಾ ಇನ್ನೊಬ್ಬರ ದೃಷ್ಟಿಯಿಂದ ತಪ್ಪಿಸುವುದು,"[""ಅವಿಸು"", ""ಅವಿಸಿಡು"", ""ಬಚ್ಚಿಡು"", ""ಅಡಗಿಸು"", ""ಮರೆಮಾಡು"", ""ಮುಚ್ಚು"", ""ಗುಪ್ತವಾಗಿಡು""]"
ಮುಚ್ಚು,verb,8956,ಯಾವುದಾದರು ವಸ್ತುವನ್ನು ಮುಚ್ಚಿಡುವ ಅಥವಾ ಅಡಗಿಸಿಡುವ ಪ್ರಕ್ರಿಯೆ,"[""ಮುಚ್ಚು"", ""ಮುಚ್ಚಿಡು"", ""ಅಡಗಿಸು""]"
ಮುಚ್ಚು,verb,9803,(ಕಣ್ಣುಗಳು) ಮುಚ್ಚು,"[""ಮುಚ್ಚು""]"
ಹೊಡೆ,verb,10295,"ಗಾಡಿ, ರಥ ಮೊದಲಾದವುಗಳನ್ನು ಓಡಿಸುವುದು","[""ಓಡಿಸು"", ""ಹೊಡೆ""]"
ಹೊಡೆ,verb,12499,ಯಾವುದಾದರು ವಸ್ತುವನ್ನು ಉಪಯೋಗಿಸಿ ಕೆಡಹುದು ಅಥವಾ ಹೊಡೆಯವ ಪ್ರಕ್ರಿಯೆ (ವಿಶೇಷವಾಗಿ ಆಟದಲ್ಲಿ),"[""ಹೊಡೆ"", ""ಕೆಡಹು""]"
ಹೊಡೆ,verb,13501,ಏಟನ್ನು ಕೊಟ್ಟು ಭೇದಿಸುವ ಅಥವಾ ನುಗ್ಗುವ ಪ್ರಕ್ರಿಯೆ,"[""ಬಡಿ"", ""ಹೊಡೆ"", ""ಭೇದಿಸು""]"
ಹೊಡೆ,verb,13677,ಢಿಕ್ಕಿ ಹೊಡೆ,"[""ಗುದ್ದು"", ""ಹೊಡೆ"", ""ಬಡೆ""]"
ಹೊಡೆ,verb,16819,ಚರ್ಮ ಹಾಕಿ ಸುತ್ತಿ ಮಾಡಿದ ವಾದ್ಯವನ್ನು ಕೋಲು ಮುಂತಾದವುಗಳಿಂದ ಬಡಿಯುವ ಪ್ರಕ್ರಿಯೆ,"[""ಹೊಡೆ""]"
ಹೊಡೆ,verb,19118,ಸರಪಳಿ ಅಥವಾ ಗಟ್ಟಿಯಾದ ವಸ್ತುಗಳು ಮೇಲೆ ಬಿದ್ದಾಗ ಹೊಡಿದು ಹೋಗುವ ಪ್ರಕ್ರಿಯೆ,"[""ಹೊಡೆ"", ""ಬಿರುಕು_ಬಿಡು"", ""ಬಿರುಕು_ಬಿಡು"", ""ಭಗ್ನವಾಗು""]"
ಹೊಡೆ,verb,19122,ಯಾವುದೋ ಒಂದು ತುಂಬಿ ಹೋದ ಕಾರಣ ಅದರ ಆವರಣ ಹೊಡೆದು ಹೋಗುವ ಪ್ರಕ್ರಿಯೆ,"[""ಮುರಿದು_ಬೀಳು"", ""ಮುರಿದು_ಬೀಳು"", ""ಮುರಿದು-ಬೀಳು"", ""ಮುರಿ"", ""ಹೊಡೆ"", ""ಹೊಡೆದು_ಹೋಗು"", ""ಹೊಡೆದು_ಹೋಗು"", ""ಹೊಡೆದು_ಬೀಳು"", ""ಹೊಡೆದು_ಬೀಳು"", ""ಹೊಡೆದು_ಬಿಡು"", ""ಹೊಡೆದು_ಬಿಡು""]"
ಹೊಡೆ,verb,23699,"ಕೈ, ಕಾಲುಗಳಿಂದ ಜೋರಾಗಿ ತಳಿಸುವುದು ಅಥವಾ ಹೊಡೆಯುವ ಕ್ರಿಯೆ","[""ತುಳಿ"", ""ಹೊಡೆ"", ""ಬಡಿ"", ""ಬಡೆ"", ""ಜಡಿ""]"
ಹೊಡೆ,verb,26693,"ಆಟ, ಸ್ಪರ್ಧೆ ಮುಂತಾದವುಗಳಲ್ಲಿ ಅಂಕ ಅಥವಾ ಯಾವುದೋ ಲಕ್ಷ್ಯವನ್ನು ದೊರಕಿಸಿಕೊಳ್ಳುವ ಪ್ರಕ್ರಿಯೆ","[""ಹೊಡೆ""]"
ಹೊಡೆ,verb,34874,ಇಡೀ ಕೈಯಿಂದ ನೋವು ಮಾಡುವುದು ಅಥವ ಹೊಡಿಯುವ ಪ್ರಕ್ರಿಯೆ,"[""ಏಟು_ಕೊಡು"", ""ಹೊಡೆ"", ""ಕಪ್ಪಾಳ_ಮೋಕ್ಷ_ಮಾಡು""]"
ಹೊಡೆ,verb,35499,ಪೂರ್ಣಗೊಳಿಸುವುದು ಅಥವಾ ಮಾಡುವುದು,"[""ಹೊಡೆ""]"
ಹೊಡೆ,verb,36669,ಸರಿಯಾದ ಜಾಗಕ್ಕೆ ಗುರಿಯನ್ನು ಇಟ್ಟು ಹೊಡೆಯುವ ಪ್ರಕ್ರಿಯೆ,"[""ಹೊಡೆ""]"
ಹೊಡೆ,verb,38062,ಯಾವುದೋ ಒಂದು ನಿಂತಿರುವ ವಸ್ತುವನ್ನು ಇನ್ನೊಂದು ವಸ್ತುವಿನ ಜೊತೆ ಸೇರಿಸುವ ಅಥವಾ ಅದನ್ನು ಉಜ್ಜಿ ಹೊಳೆಯುವಂತೆ ಅಥವಾ ಸಣ್ಣದಾಗಿ ಆಗುವ ಹಾಗೆ ಮಾಡುವ ಪ್ರಕ್ರಿಯೆ,"[""ಹೊಡೆ""]"
ಹೊಡೆ,verb,5438,ಅಸ್ತ್ರ-ಶಸ್ತ್ರ ಮೊದಲಾದವುಗಳನ್ನು ಬಿಡುವ ಅಥವಾ ಹೊಡೆಯುವ ಪ್ರಕ್ರಿಯೆ,"[""ಹೊಡೆ"", ""ಬಿಡು""]"
ಹೊಡೆ,verb,5596,ಯಾವುದಾದರೂ ವಸ್ತುವಿನ ಮೇಲೆ ಇರುವ ಧೂಳು ಅಥವಾ ಕೊಳೆ ತೆಗೆಯುವುದು,"[""ತೆಗೆ"", ""ಹೊಡೆ""]"
ಹೊಡೆ,verb,591,ಒಂದು ವಸ್ತುವಿನಿಂದ ಇನ್ನೊಂದು ವಸ್ತು ಇಲ್ಲವೇ ವ್ಯಕ್ತಿಗಳ ಮೇಲೆ ಭೌತಿಕವಾಗಿ ಬಲಪ್ರಯೋಗಿಸುವ ಪ್ರಕ್ರಿಯೆ,"[""ಹೊಡೆ"", ""ಹೊಡಿ"", ""ಬಡೆ"", ""ಬಡಿ"", ""ಜಡೆ"", ""ಜಡಿ"", ""ಬಾರಿಸು"", ""ತಾಡಿಸು"", ""ಅಪ್ಪಳಿಸು"", ""ಥಳಿಸು"", ""ಏಟುಹಾಕು"", ""ಏಟು_ಹಾಕು"", ""ಏಟು-ಹಾಕು"", ""ಪೆಟ್ಟುಹಾಕು"", ""ಪೆಟ್ಟು_ಹಾಕು"", ""ಪೆಟ್ಟು-ಹಾಕು"", ""ಪ್ರಹಾರಿಸು"", ""ಪ್ರಹಾರಮಾಡು"", ""ಪ್ರಹಾರ_ಮಾಡು"", ""ಪ್ರಹಾರ-ಮಾಡು""]"
ಹೊಡೆ,verb,7884,ಯಾರೋ ಒಬ್ಬರನ್ನು ಹಿಡಿದುಕೊಂಡು ಹೊಡೆಯುವ ಪ್ರಕ್ರಿಯೆ,"[""ಹೊಡೆ"", ""ಬಿಡಿ"", ""ಏಟು_ಕೊಡು"", ""ಪೆಟ್ಟು_ಕೊಡು""]"
ಹೊಡೆ,verb,8938,ಒಳಕ್ಕೆ ಹೋಗುವುದಕ್ಕಾಗಿ ಹೊರಗಿನಿಂದ ಜೋರಾಗಿ ಹೊಡೆಯುವ ಕ್ರಿಯೆ,"[""ಹೊಡೆ""]"
ಹೊಡೆ,verb,9582,ವಾದ್ಯಗಳನ್ನು ಬಾರಿಸಿದಾಗ ಅದರಿಂದ ಹೊರಬರುವ ಧ್ವನಿ,"[""ಹೊಡೆ"", ""ಬಾರಿಸು"", ""ಮೊಳಗು"", ""ಧ್ವನಿಮಾಡು""]"
ಮುರಿ,verb,10860,ಯಾವುದಾದರು ವಸ್ತು ಒಡೆದು ಹೋಗು,"[""ಒಡೆ"", ""ಮುರಿ"", ""ತುಂಡಾಗು"", ""ಒಡೆಸು"", ""ತುಂಡುಮಾಡು"", ""ತುಂಡರಿಸು"", ""ಮುರಿಸು"", ""ಭಂಗವಾಗು""]"
ಮುರಿ,verb,10863,ಹಿಂಡು ಹಿಂಡಾಗಿ ಬರುವ ಪ್ರಕ್ರಿಯೆ,"[""ಮುರಿ""]"
ಮುರಿ,verb,11316,ಅಂಟಿಕೊಂಡಿರುವ ಅಥವಾ ಮೇಲಿನ ಭಾಗವನ್ನು ಬೇರೆ ಮಾಡುವುದು,"[""ತೆಗೆದಿಡು"", ""ಮುರಿ"", ""ಕಳಚು"", ""ಕಳೆದಿಡು""]"
ಮುರಿ,verb,11427,"ಯಾವುದಾದರು ವಸ್ತುವಿನ ಒಂದು ಅಂಗವನ್ನು ಮುರಿದು, ಭಗ್ನಮಾಡಿ ನಿರ್ತಥಕವನ್ನಾಗಿ ಮಾಡುವುದು","[""ಒಡಿ"", ""ಮುರಿ"", ""ಹರಿ"", ""ತುಂಡರಿಸು"", ""ನಾಶಮಾಡು""]"
ಮುರಿ,verb,12516,ಯಾವುದೋ ಒಂದು ಭಿನ್ನವಾಗುವ ಅಥವಾ ಭೇರೆಯಾಗುವ ಪ್ರಕ್ರಿಯೆ,"[""ಮುರಿ"", ""ಮುರಿದು_ಹೋಗು""]"
ಮುರಿ,verb,12521,ಬಂಧುತ್ವ ಅಥವಾ ಸಂಬಂಧ ಮೊದಲಾದವುಗಳು ಮುರಿದು ಹೋಗುವ ಪ್ರಕ್ರಿಯೆ,"[""ಮುರಿ""]"
ಮುರಿ,verb,12522,ಅಸ್ತಿತ್ವದಲ್ಲಿ ಇಲ್ಲದಿರುವ ಅಥವಾ ಮುರಿದು ಹೋಗಿರುವ ಪ್ರಕ್ರಿಯೆ,"[""ಮುರಿ""]"
ಮುರಿ,verb,12523,"ರೂಪಾಯಿ, ಪೈಸೆ ಮೊದಲಾದವುಗಳನ್ನು ಮುರಿಯುವುದು ಅಥವಾ ಚಿಲ್ಲರೆ ಮಾಡಿಸುವ ಪ್ರಕ್ರಿಯೆ","[""ಮುರಿ"", ""ಚಿಲ್ಲರೆ_ಮಾಡಿಸು""]"
ಮುರಿ,verb,18273,"ರೂಪಾಯಿ, ನೋಟು ಇತ್ಯಾದಿಗಳನ್ನು ಸಣ್ಣ ನಾಣ್ಯ ರೂಗಾಗಲಿ ಪರಿವರ್ತಿಸುವ ಪ್ರಕ್ರಿಯೆ","[""ಮುರಿ"", ""ಚಿಲ್ಲರೆ_ಮಾಡಿಸು"", ""ಚಿಲ್ಲರೆ-ಮಾಡಿಸು""]"
ಮುರಿ,verb,18384,ಇಸ್ಪೀಟಿನ ಆಟದಲ್ಲಿ ತುರುಫಿನ ರಂಗನ್ನು ನಿರ್ಧರಿಸಲು ಮೇಲ್ಮೊಗ ಮಾಡಿದ ಎಲೆ ಹಾಕಿ ಆಡುವ ಪ್ರಕ್ರಿಯೆ,"[""ಮುರಿ""]"
ಮುರಿ,verb,1861,ಯಾವುದೋ ಒಂದು ಹರಿದುಹೋಗಿರುವುದರಿಂದ ಅದರ ಒಳಗಿರುವ ಎಲ್ಲವು ಹೊರಗೆ ಕಾಣುತ್ತಿದೆ,"[""ಹರಿದು_ಹೋಗು"", ""ಹರಿ"", ""ಮುರಿ"", ""ಮುರಿದು_ಹೋಗು""]"
ಮುರಿ,verb,19119,ಯಾವುದೋ ಒಂದು ತುಂಬಿ ಹೋದ ಕಾರಣ ಅದರ ಆವರಣ ಒಡೆದು ಹೋಗುವ ಪ್ರಕ್ರಿಯೆ,"[""ಒಡೆದು_ಬೀಳು"", ""ಒಡೆದು_ಬೀಳು"", ""ಒಡೆದು_ಬಿಡು"", ""ಒಡೆದು_ಬಿಡು"", ""ಮುರಿದು_ಬೀಳು"", ""ಮುರಿದು_ಬಿಳು"", ""ಮುರಿ"", ""ಒಡೆ"", ""ಒಡೆದು_ಹೋಗು"", ""ಒಡೆದು_ಹೋಗು""]"
ಮುರಿ,verb,19122,ಯಾವುದೋ ಒಂದು ತುಂಬಿ ಹೋದ ಕಾರಣ ಅದರ ಆವರಣ ಹೊಡೆದು ಹೋಗುವ ಪ್ರಕ್ರಿಯೆ,"[""ಮುರಿದು_ಬೀಳು"", ""ಮುರಿದು_ಬೀಳು"", ""ಮುರಿದು-ಬೀಳು"", ""ಮುರಿ"", ""ಹೊಡೆ"", ""ಹೊಡೆದು_ಹೋಗು"", ""ಹೊಡೆದು_ಹೋಗು"", ""ಹೊಡೆದು_ಬೀಳು"", ""ಹೊಡೆದು_ಬೀಳು"", ""ಹೊಡೆದು_ಬಿಡು"", ""ಹೊಡೆದು_ಬಿಡು""]"
ಮುರಿ,verb,32327,ಮುಗಿಸು ಬಿಡು ಅಥವಾ ಇರಲು ಬಿಡದೆ ಇರುವ ಪ್ರಕ್ರಿಯೆ,"[""ಮುರಿ"", ""ಸಮಾಪ್ತಿ_ಮಾಡು""]"
ಮುರಿ,verb,35383,ಚಟ್ ಎಂಬ ಶಬ್ಧವನ್ನು ಉತ್ಪತ್ತಿ ಮಾಡುತ್ತಾ ಯಾವುದಾದರು ವಸ್ತುವನ್ನು ಒಡೆಯುವ ಕ್ರಿಯೆ,"[""ಮುರಿ"", ""ಸೀಳು"", ""ಮುರಿದು_ಹಾಕು"", ""ತುಂಡರಿಸು"", ""ಒಡೆ"", ""ಒಡೆದು_ಹಾಕು""]"
ಮುರಿ,verb,36805,"ಯಾವುದೇ ಪ್ರಕಾರದ ಅನಿಷ್ಟ, ಅಪ್ರಿಯ, ಬಾದಕ ಅಥವಾ ವಿಪರೀತ ಘಟನೆ ಅಥವಾ ಪರಿಸ್ಥಿತಿಯ ಕಾರಣ ಯಾವುದೇ ಸ್ಥಿತಿ ನಮ್ಮ ಮೊದಲಿನ ಸಮರ್ಥ ಮತ್ತು ಆರೋಗ್ಯವಾಗಿ ಇಲ್ಲದಿರುವುದು","[""ಒಡೆ"", ""ಮುರಿ"", ""ತುಂಡಾಗು"", ""ದುರ್ಬಲವಾಗು""]"
ಮುರಿ,verb,8886,ಹೊಡೆತದಿಂದ ಯಾವುದಾದರು ಪದಾರ್ಥವನ್ನು ತುಂಡು ಮಾಡುವುದು ಅಥವಾ ಭಾಗ ಮಾಡುವುದು,"[""ತುಂಡು_ಮಾಡು"", ""ಭಾಗ_ಮಾಡು"", ""ಚೂರು_ಮಾಡು"", ""ಹೋಳು_ಮಾಡು"", ""ಒಡೆ"", ""ಮುರಿ"", ""ತುಂಡರಿಸು"", ""ತುಂಡು_ಹಾಕು""]"
ಮುರಿ,verb,9847,ಯಾವುದಾದರು ಅಂಗವನ್ನು ಮೂಲ ವಸ್ತುವಿನಿಂದ ಬೇರೆ ಮಾಡುವುದು,"[""ಕೀಳು"", ""ಮುರಿ"", ""ಒಡಿ"", ""ಒಡೆ"", ""ಮುರಿ"", ""ಕೊಯ್ಯು""]"
ಹರಡು,verb,11413,ಮೇಲೆ ಹಾಸಿ ಕಟ್ಟುವ ಕ್ರಿಯೆ,"[""ಹಾಸು"", ""ಹರಡು"", ""ವಿಸ್ತರಿಸು""]"
ಹರಡು,verb,11858,ಒಂದು ವಸ್ತುವಿನ ಮೇಲೆ ಇನ್ನೊಂದು ವಸ್ತು ವ್ಯಾಪಿಸು ಅಥವಾ ಹರಡು,"[""ಹರಡು"", ""ವ್ಯಾಪಿಸು""]"
ಹರಡು,verb,11861,ಕೆಟ್ಟ ಪರಿಣಾಮ ಉಂಟಾಗು,"[""ಹರಡು"", ""ಏರು""]"
ಹರಡು,verb,11953,"(ವಿಶೇಷವಾಗಿ ನಕಾರಾತ್ಮಕ) ಸೂಚನೆ, ಮಾತು ಮೊದಲಾದವುಗಳನ್ನು ಹರಡುವ ಪ್ರಕ್ರಿಯೆ","[""ಹರಡು"", ""ಗಾಳಿಗೆ_ತೂರು"", ""ಹಬ್ಬಿಸು""]"
ಹರಡು,verb,13571,ಹರಡಲಾಗಿರುವ ಪ್ರಕ್ರಿಯೆ,"[""ಹರಡು"", ""ಹಾಸು""]"
ಹರಡು,verb,27571,ಯಾವುದೋ ಒಂದನ್ನು ವಿಸ್ತಾರವಾಗುವ ಹಾಗೆ ಮಾಡುವ ಪ್ರಕ್ರಿಯೆ,"[""ಹರಡು""]"
ಹರಡು,verb,27832,ಒಂದು ಸ್ಥಳದ ವಿಸ್ತಾರ ಎಲ್ಲಿಂದ ಎಲ್ಲಿಯವರೆಗೂ ಇದೆ ಎಂದು ಕಾಣುವ ಪ್ರಕ್ರಿಯೆ,"[""ಹರಡು"", ""ವಿಸ್ತಾರವಾಗು"", ""ವಿಸ್ತೃತವಾಗು""]"
ಹರಡು,verb,34300,ಯಾವುದಾದರು ವಸ್ತು ಅಥವಾ ಮಾತು ಈ ಪ್ರಕಾರವಾಗಿ ನಾಲ್ಕು ದಿಕ್ಕುಗಳಲ್ಲಿಯೂ ಹರಡುವುದು ಅಂದರೆ ತನ್ನ ಕ್ಷೇತ್ರದಿಂದ ಎಲ್ಲಾ ಜಾಗಗಳಿಗೂ ವ್ಯಾಪಿಸುವುದು,"[""ಹರಡು"", ""ವ್ಯಾಪಿಸು"", ""ಹಬ್ಬು"", ""ಪಸರಿಸು"", ""ಹರಡಿತು""]"
ಹರಡು,verb,35243,"ಉಗ್ರ, ಉತ್ಘಟ ಅಥವಾ ವಿಕಟ ರೂಪವನ್ನು ಧಾರಣೆ ಮಾಡುವಂತಹ ಪ್ರಕ್ರಿಯೆ","[""ಪ್ರಬಲವಾಗು"", ""ಹರಡು""]"
ಹರಡು,verb,35836,ಯಾವುದಾದರು ವಸ್ತುವಿನ ನಿರ್ಮಾಣಕ್ಕಾಗಿ ಅದರಲ್ಲಿ ಅಳವಡಿಸುವ ವಸ್ತುಗಳನ್ನು ವ್ಯವಸ್ಥಿತವಾಗಿ ಇಡುವಂತಹ ಅಥವಾ ನಿರ್ಮಾಣವಾಗುವಂತಹ,"[""ವಿಸ್ತಾರ_ಮಾಡು"", ""ಮ_ಹರವು"", ""ಹಾಸು"", ""ಹರಡು"", ""ಪಸರಿಸು""]"
ಹರಡು,verb,35905,ಆಕಡೆ-ಈಕಡೆ ದೂರದ ವರೆಗೆ ತಲುಪುವುದು,"[""ವ್ಯಾಪಿಸು"", ""ಪಸರಿಸು"", ""ಹಬ್ಬು"", ""ಹರಡು"", ""ಪ್ರಚಾರವಾಗು""]"
ಹರಡು,verb,38100,ಗಾಯಕ್ಕೆ ಉಪಚಾರ ಮಾಡದೆ ಅದು ವೃದ್ಧಿಯಾಗುವ ಹಾಗೆ ಮಾಡುವ ಪ್ರಕ್ರಿಯೆ,"[""ಹರಡು"", ""ಹೆಚ್ಚಾಗು""]"
ಹರಡು,verb,4604,"ಹಾಸಿಗೆ, ಬಟ್ಟೆ ಮೊದಲಾದವುಗಳನ್ನು ನೆಲ ಅಥವಾ ಯಾವುದಾದರು ಸಮತಲದ ಮೇಲೆ ವಿಸ್ತಾರವಾಗಿ ಹರವುದು","[""ಹರವು"", ""ಹಾಸು"", ""ಹರಡು"", ""ಪಸರಿಸು""]"
ಹರಡು,verb,5345,ನಾಲ್ಕು ಕಡೆಯೂ ಹರಡುವುದು,"[""ಚಲ್ಲು"", ""ಹರಡು""]"
ಹರಡು,verb,5348,ಹರಡಿದ,"[""ಹರಡು"", ""ಚಾಚು""]"
ಹರಡು,verb,5349,ಅಲ್ಲಿ-ಇಲ್ಲಿ ಎರಚುವುದು,"[""ಹರಡು"", ""ಚೆಲ್ಲು"", ""ಎರಚು""]"
ಹರಡು,verb,5350,ಅಸ್ತವ್ಯಸ್ಥವಾಗಿ ಹರಡುವುದು,"[""ಚದುರು"", ""ಹರಡು""]"
ಹರಡು,verb,8371,"ಹೊಳೆ, ಕೀರ್ತಿ ಮೊದಲಾದವುಗಳ ಹರಡುವುದು ಅಥವಾ ವ್ಯಾಪಿಸುವುದು","[""ವ್ಯಾಪಿಸು"", ""ಹರಡು"", ""ಹಬ್ಬು""]"
ಆರಿಸು,verb,12051,ಹಲವಾರು ವಸ್ತುಗಳಲ್ಲಿ ನಿಮ್ಮ ಮನಸ್ಸಿಗೆ ಇಷ್ಟವಾದ ವಸ್ತುಗಳನ್ನು ಆರಿಸಿ ಬೇರೆ ಇಡುವ ಪ್ರಕ್ರಿಯೆ,"[""ಆರಿಸು"", ""ಆಯ್ಕೆ_ಮಾಡು"", ""ಹಕ್ಕಿ_ತೆಗೆ""]"
ಆರಿಸು,verb,12055,ಒಳೆಯ ಅಥವಾ ಕೆಲಸಕ್ಕೆ ಬರುವ ವಸ್ತುಗಳನ್ನು ಬೇರೆ ಇಡುವ ಕ್ರಿಯೆ,"[""ಆರಿಸು"", ""ಆಯು""]"
ಆರಿಸು,verb,12772,"ಅಕ್ಕಿಯಲ್ಲಿರುವ ಕಸ, ಕಡ್ಡಿಯನ್ನು ಆರಿಸಿ ಅದನ್ನು ಸ್ವಚ್ಛ ಮಾಡುವ ಪ್ರಕ್ರಿಯೆ","[""ಆರಿಸು"", ""ಸ್ವಚ್ಛ_ಮಾಡು""]"
ಆರಿಸು,verb,14102,ಉರಿಯುತ್ತಿರುವ ವಸ್ತುಗಳನ್ನು ಆರಿಸುವ ಪ್ರಕ್ರಿಯೆ,"[""ಆರಿಸು"", ""ನಂದಿಸು""]"
ಆರಿಸು,verb,14103,ಹಸಿವು ಇತ್ಯಾದಿಗಳು ಶಾಂತವಾಗುವ ಪ್ರಕ್ರಿಯೆ,"[""ಆರಿಸು"", ""ನಂದಿಸು""]"
ಆರಿಸು,verb,14104,ಉರಿಯುತ್ತಿರುವ ವಸ್ತುವನ್ನು ನೀರು ಹಾಕಿ ಆರಿಸುವ ಪ್ರಕ್ರಿಯೆ,"[""ಆರಿಸು"", ""ತಣಿಸು"", ""ತಣ್ಣಗಾಗಿಸು""]"
ಆರಿಸು,verb,21529,ಹಸಿ ಇರುವ ವಸ್ತುಗಳನ್ನು ಒಣಗಿಸುವ ಪ್ರಕ್ರಿಯೆ,"[""ಒಣಗಿಸು"", ""ಆರಿಸು""]"
ಆರಿಸು,verb,23657,ವಿದ್ಯುತ್ ಮೂಲಕ ಚಾಲನೆಗೊಂಡ ವಸ್ತುವನ್ನು ಆರಿಸಲು ಅಥವಾ ಉರಿಯದಂತೆ ಅಥವಾ ಬೆಳಕು ಬರದಂತೆ ಮಾಡವ ಪ್ರಕ್ರಿಯೆ,"[""ಆರಿಸು""]"
ಆರಿಸು,verb,27072,"(ದೀಪ, ಬತ್ತಿ ಇತ್ಯಾದಿ)ಆರಿಸು","[""ಆರಿಸು""]"
ಆರಿಸು,verb,27849,ವಿದ್ವತ್ ಮಂಡಲದಲ್ಲಿ ಸಂಪರ್ಕ ಕೊಡಿಸು ಅಥವಾ ತಪ್ಪಿಸಲು ಬಳಸುವ ಸಾಧನ,"[""ಆರಿಸು""]"
ಆರಿಸು,verb,3080,ಯಾವುದಾದರೊಂದು ವಸ್ತು ಇಲ್ಲವೇ ವಿಷಯಗಳ ಗುಂಪಿನಿಂದ ತಮಗೆ ಬೇಕೆನಿಸಿದ ಅಂಶಗಳ ಆಧಾರದ ಮೇಲೆ ಕೆಲವು ವಸ್ತು ಇಲ್ಲವೇ ವಿಷಯಗಳನ್ನು ತೆಗೆದು ಬೇರೆಮಾಡುವ ಪ್ರಕ್ರಿಯೆ,"[""ಆರಿಸು"", ""ಬೇರ್ಪಡಿಸು"", ""ಆಯ್ದಿಡು"", ""ಹುಡುಕಿತೆಗೆ"", ""ಆಯು""]"
ಆರಿಸು,verb,3081,ಯಾವುದಾದರೊಂದು ವಸ್ತು ಇಲ್ಲವೇ ವಿಷಯಗಳ ಗುಂಪಿನಿಂದ ತಮಗೆ ಬೇಕೆನಿಸಿದ ಅಂಶಗಳ ಆಧಾರದ ಮೇಲೆ ಕೆಲವು ವಸ್ತು ಇಲ್ಲವೇ ವಿಷಯಗಳನ್ನು ತೆಗೆದು ಬೇರೆಮಾಡುವ ಪ್ರಕ್ರಿಯೆ,"[""ಆರಿಸು"", ""ಬೇರ್ಪಡಿಸು"", ""ಆಯ್ದಿಡು"", ""ಹುಡುಕಿತೆಗೆ"", ""ಆಯು""]"
ಆರಿಸು,verb,36419,ಯಾವುದೇ ವಸ್ತು ಇತ್ಯಾದಿಗಳ ಬಿಸಿಯನ್ನು ಕಡಿಮೆ ಮಾಡುವುದು ಅಥವಾ ಅರಿಸುವುದು ಅಥವಾ ಅದನ್ನು ತಣ್ಣಗಾಗಿಸುವ ಪ್ರಕ್ರಿಯೆ,"[""ಆರಿಸು"", ""ನಂದಿಸು""]"
ಆರಿಸು,verb,37406,ಯಾವುದಾದರು ವಸ್ತುವಿನ ತಾಪಮಾನ ಅಥವಾ ಬಿಸಿಯನ್ನು ಕಡಿಮೆ ಮಾಡುವುದು,"[""ಆರಿಸು"", ""ತಣ್ಣಗಾಗಿಸು"", ""ತಣ್ಣಗೆ_ಮಾಡು""]"
ಆರಿಸು,verb,37421,ಯಾವುದಾದರು ವಸ್ತುವಿನ ತಾಪಮಾನ ಅಥವಾ ಬಿಸಿ ಕಡಿಮೆಯಾಗಿಸುವ ಕ್ರಿಯೆ,"[""ಆರಿಸು"", ""ತಣ್ಣಗಾಗಿಸು""]"
ಆರಿಸು,verb,37702,"ಚುನಾವಣೆ, ಆಟ ಮೊದಲಾದವುಗಳಲ್ಲಿ ಉಮೇದುವಾರ ಅಥವಾ ಎದುರಾಳಿಗಳನ್ನು ಸ್ಪರ್ಧೆಯಲ್ಲಿ ಭಾಗವಹಿಸಲು ಆರಿಸಿಕೊಳ್ಳುವುದು","[""ಆರಿಸು"", ""ಚುನಾಯಿಸು"", ""ಕೂಡಿಸು"", ""ಆಯ್ದುಕೊಳ್ಳು""]"
ಆರಿಸು,verb,7300,ಹೊತ್ತಿಕೊಂಡಿರುವ ಬೆಂಕಿಯನ್ನು ಆರಿಸುವುದು ಅಥವಾ ಶಾಂತಗೊಳಿಸುವುದು,"[""ನಂದಿಸು"", ""ಆರಿಸು"", ""ಹೊತ್ತಿಸು""]"
ಓಡಿಸು,verb,10294,ಪ್ರಾಣಿಗಳನ್ನು ಓಡಿಸುವ ಅಥವಾ ಅಟ್ಟುವ ಪ್ರವೃತ್ತಿ,"[""ಅಟ್ಟು"", ""ಓಡಿಸು""]"
ಓಡಿಸು,verb,10295,"ಗಾಡಿ, ರಥ ಮೊದಲಾದವುಗಳನ್ನು ಓಡಿಸುವುದು","[""ಓಡಿಸು"", ""ಹೊಡೆ""]"
ಓಡಿಸು,verb,11932,ಓಡಿಸುವ ಕೆಲಸವನ್ನು ಇನ್ನೊಬ್ಬರಿಂದ ಮಾಡಿಸುವುದು,"[""ಓಡಿಸು"", ""ಹೊರೆಗೆ_ಹಾಕು"", ""ಕಳುಹಿಸು""]"
ಓಡಿಸು,verb,11955,ಓಡಿಸುವ ಕೆಲಸವನ್ನು ಬೇರೆಯವರಿಂದ ಮಾಡಿಸುವ ಕ್ರಿಯೆ,"[""ಓಡಿಸು""]"
ಓಡಿಸು,verb,11970,ಓಡಿಸುವ ಕೆಲಸವನ್ನು ಬೇರೆಯವರಿಂದ ಮಾಡಿವ ಕ್ರಿಯೆ,"[""ಓಡಿಸು""]"
ಓಡಿಸು,verb,11981,ಓಡುವ ಕೆಲಸವನ್ನು ಇನ್ನೊಬ್ಬರಿಂದ ಮಾಡಿಸುವ ಪ್ರಕ್ರಿಯೆ,"[""ಓಡಿಸು""]"
ಓಡಿಸು,verb,13059,ಯಾವುದೇ ಸೀಮೆಯನ್ನು ದಾಟಿ ಆ ಕಡೆ ಅಥವಾ ಹೊರಗೆ ಹೋಗುವ ಪ್ರಕ್ರಿಯೆ,"[""ಹೊರಗೆ_ಹಾಕು"", ""ಓಡಿಸು""]"
ಓಡಿಸು,verb,20481,ಓಡಿಸುವ ಕೆಲಸವನ್ನು ಬೇರೆಯವರಿಂದ ಮಾಡಿಸುವ ಪ್ರಕ್ರಿಯೆ,"[""ಓಡಿಸು"", ""ಓಡಿಸುವಂತೆ_ಮಾಡಿಸು"", ""ಓಡಿಸುವಂತೆ_ಮಾಡಿಸು""]"
ಓಡಿಸು,verb,35385,ಯಾರದ್ದಾದರು ಮನಸ್ಸಿನಲ್ಲಿ ವಿರಕ್ತಿಯನ್ನು ಉತ್ಪತ್ತಿ ಮಾಡಿ ಅವರನ್ನು ಅಲ್ಲಿಂದ ಕಳುಹಿಸುವ ಅಥವಾ ಓಡಿಸುವ ಪ್ರವೃತ್ತಿ,"[""ಓಡಿಸು"", ""ಕಳುಹಿಸು"", ""ದೂರಮಾಡು"", ""ಹೊರ_ಹಾಕು""]"
ಓಡಿಸು,verb,37430,"ಯಾವುದಾದರು ಆಟದಲ್ಲಿ, ಗೆದ್ದಂತಹ ದಳದ ಆಟಗಾರರಿಂದ ಸೋತ್ತಂತಹ ದಳದ ಆಟಗಾರರನ್ನು ತುಂಬಾ ಪೀಡಿಸುವುದ ಅಥವಾ ತಿರುಗಾಡಿಸುವುದು","[""ಪೀಡಿಸು"", ""ಓಡಿಸು"", ""ತ್ರಾಸಕೊಡು""]"
ಓಡಿಸು,verb,37431,ಇನ್ನೊಬ್ಬರಿಗೆ ತ್ರಾಸಕೊಡುವ ಪ್ರವೃತ್ತಿ ಮಾಡುವುದು,"[""ತ್ರಾಸಕೊಡು"", ""ಪೀಡಿಸು"", ""ಓಡಿಸು""]"
ಓಡಿಸು,verb,37432,ತುಂಬಾ ತ್ರಾಸ ಅಥವಾ ಪೀಡಿಸಿದಂತಹ,"[""ತ್ರಾಸಕೊಡು"", ""ಪೀಡಿಸು"", ""ಓಡಿಸು""]"
ಓಡಿಸು,verb,5864,ಹೆದರಿಸಿ ಯಾರನ್ನಾದರು ಎಲ್ಲಿಂದಾದರು ಓಡಿಸುವ ಕ್ರಿಯೆ,"[""ಓಡಿಸು"", ""ಅಟ್ಟು"", ""ಕದಲಿಸು"", ""ತರುಬು""]"
ಓಡಿಸು,verb,8349,ಯಾರೋ ಒಬ್ಬರನ್ನು ಒಂದು ಜಾಗದಿಂದ ತುರ್ತಾಗಿ ಹೋಗುವ ಅಥವಾ ಓಡಿ ಹೋಗುವ ಹಾಗೆ ಮಾಡುವ ಪ್ರಕ್ರಯೆ,"[""ಓಡಿಸು"", ""ಹೊರಗೆ_ಹಾಕು"", ""ತಳ್ಳು"", ""ಅಟ್ಟು"", ""ದೂರ_ಮಾಡು"", ""ತೊಲಗಿಸು""]"
ಓಡಿಸು,verb,8511,ಓಡಿಸುವ ಕೆಲಸವನ್ನು ಇನ್ನೊಬ್ಬರಿಂದ ಮಾಡಿಸು,"[""ಓಡಿಸು"", ""ಅಗಲಿಸು"", ""ನೂಕು"", ""ತೊಲಗಿಸು"", ""ಹಿಮ್ಮೆಟ್ಟಿಸು""]"
ಓಡಿಸು,verb,9172,ಇನ್ನೊಬ್ಬರನ್ನು ಓಡಿಸುವ ಪ್ರವೃತ್ತಿ ಮಾಡುವುದು,"[""ಓಡಿಸು"", ""ಡೌಡಾಯಿಸು""]"
ಓಡಿಸು,verb,9173,ಯಾರನ್ನಾದರೂ ಯಾವುದಾದರು ಕೆಲಸವನ್ನು ಮಾಡುವುದಕ್ಕಾಗಿ ಬೇಗನೆ ಕಳುಹಿಸು,"[""ಓಡಿಸು""]"
ಹಾಕು,verb,10844,ಯಾವುದಾದರು ವಸ್ತುವಿಗೆ ಬೇರೆ ಇನ್ನಾವುದೋ ವಸ್ತುವನ್ನು ಹಾಕುವುದು ಅಥವಾ ಸೇರಿಸುವುದು,"[""ಹಾಕು"", ""ಸೇರಿಸು"", ""ಕೂಡಿಸು""]"
ಹಾಕು,verb,11050,ಯಾವುದಾದರು ವಸ್ತುವನ್ನು ಒಳಕ್ಕೆ ಹಾಕು ಅಥವಾ ತುಂಬು,"[""ತುಂಬು_ಹಿಡಿಸು"", ""ಸೇರಿಸು"", ""ಭರ್ತಿ_ಮಾಡು"", ""ಹಾಕು""]"
ಹಾಕು,verb,11580,"ಯಾವುದಾದರು ವಸ್ತುವಿನ ಮೇಲೆ ಹೊಲಿಗೆ, ಟಾಕಾ, ಗುಂಡಿ ಮೊದಲಾದವುಗಳನ್ನು ಹಾಕುವುದು","[""ಹಾಕು""]"
ಹಾಕು,verb,11596,ಉಪಯೋಗ ಅಥವಾ ಕೆಲಸಕ್ಕೆ ಬರುವಂತೆ ಮಾಡುವ ಪ್ರಕ್ರಿಯೆ,"[""ಹಾಕು""]"
ಹಾಕು,verb,11600,ಕನ್ನಡಕ ಧರಿಸುವ ಪ್ರಕ್ರಿಯೆ,"[""ಹಾಕು"", ""ಧರಿಸು""]"
ಹಾಕು,verb,13570,ಹಾಕಲಾಗಿರುವ ಪ್ರಕ್ರಿಯೆ,"[""ಹಾಕು"", ""ಹಾಕಲಾಗು""]"
ಹಾಕು,verb,13572,ಹಾಕಲಾಗಿರುವ ಪ್ರಕ್ರಿಯೆ,"[""ಹಾಕು""]"
ಹಾಕು,verb,13911,ಯಾವುದೇ ವಸ್ತುಗಳನ್ನು ಕೆಳಗೆ ಹಾಕುವ ಪ್ರಕ್ರಿಯೆ,"[""ಬೀಳಿಸು"", ""ಹಾಕು"", ""ಕೆಳಗೆ_ಹಾಕು"", ""ಕೆಳಗೆ_ಹಾಕು""]"
ಹಾಕು,verb,18793,ಯಾವುದೋ ಒಂದು ವಸ್ತು ಇತ್ಯಾದಿಗಳನ್ನು ಒಂದು ಜಾಗದಿಂದ ಮತ್ತೊಂದು ಜಾಗಕ್ಕೆ ಇಡುವ ಪ್ರಕ್ರಿಯೆ,"[""ಹಾಕು""]"
ಹಾಕು,verb,26516,ದ್ರವ ಪದಾರ್ಥವನ್ನು ಒಂದು ಪಾತ್ರೆಯಿಂದ ಮತ್ತೊಂದು ಪಾತ್ರೆಗೆ ಹಾಕುವ ಪ್ರಕ್ರಿಯೆ,"[""ಸುರಿ"", ""ಹಾಕು"", ""ಬಗ್ಗಿಸು""]"
ಹಾಕು,verb,32634,ಯಾವುದೋ ಒಂದು ವಸ್ತು ಒಳಗಿನಿಂದ ಹೊರಗೆ ಅಥವಾ ಹೊರಗಿನಿಂದ ಒಳಗೆ ಹೋಗದಂತೆ ಮಾಡುವ ಅಥವಾ ಅದರ ಉಪಯೋಗವಾಗದಂತೆ ಮಾಡುವ ಪ್ರಕ್ರಿಯೆ,"[""ಮುಚ್ಚು"", ""ಬಂದು_ಮಾಡು"", ""ಹಾಕು""]"
ಹಾಕು,verb,34538,ಇನ್ನೊಬ್ಬರ ಮೇಲೆ ಏನನ್ನಾದರೂ ಹಾಕುವುದು,"[""ಹಾಕು"", ""ವಿಧಿಸು""]"
ಹಾಕು,verb,7051,ಯಾವುದಾದರೂ ವಸ್ತುವನ್ನು ಉರಿಯುತ್ತಿರುವ ಬೆಂಕಿಗೆ ಹಾಕುವುದು,"[""ಹಾಕು""]"
ಹಾಕು,verb,7389,ಖಾಲಿ ಇರುವ ಜಾಗವನ್ನು ಪೂರ್ಣಮಾಡುವುದಕ್ಕಾಗಿ ಅದರಲ್ಲಿ ಯಾವುದಾದರು ವಸ್ತುವನ್ನು ತುಂಬುವ ಕ್ರಿಯೆ,"[""ಭರ್ತಿ_ಮಾಡು"", ""ತುಂಬು"", ""ಹಾಕು""]"
ಹಾಕು,verb,9407,ಯಾರಿಗಾದರು ಒಡವೆ ಅಥವಾ ಬಟ್ಟೆ ಮುಂತಾದವುಗಳನ್ನು ತೊಡುವಂತೆ ಮಾಡುವುದು,"[""ತೊಡಿಸು"", ""ಹಾಕು""]"
ಹಾಕು,verb,9534,ಕಸ ಎಸೆಯುವ ಕೆಲಸವನ್ನು ಬೇರೆಯವರಿಂದ ಮಾಡಿಸುವ ಕ್ರಿಯೆ,"[""ಎಸೆ"", ""ಹಾಕು"", ""ಚಲ್ಲು""]"
ಹಾಕು,verb,9553,ಎಲ್ಲರಿಗೂ ಯಾವುದೋ ಒಂದನ್ನು ತಂದು ಹಾಕುವ ಪ್ರಕ್ರಿಯೆ,"[""ಬಡಿಸು"", ""ಹಾಕು""]"
ತೆಗೆ,verb,10852,ಮುಚ್ಚಿರುವ ಅಥವಾ ತೆಡೆಹಿಡಿಯುವಂತಹ ವಸ್ತುವನ್ನು ತೆಗೆಯುವ ಕ್ರಿಯೆ,"[""ತೆಗೆ""]"
ತೆಗೆ,verb,11317,ಧರಿಸಿರುವಂತಹ ವಸ್ತುವನ್ನು ಬೇರೆ ಮಾಡು,"[""ತೆಗೆ"", ""ಹೊರತೆಗೆ"", ""ಬೇರ್ಪಡಿಸು"", ""ಹೊರಪಡಿಸು""]"
ತೆಗೆ,verb,11318,ಬೆಂಕಿಯ ಮೇಲೆ ಪದಾರ್ಥಗಳನ್ನು ಬೇಯಿಸಿ ಸಿದ್ಧಪಡಿಸು,"[""ತೆಗೆ"", ""ಕರೆ""]"
ತೆಗೆ,verb,11484,ಜೊತೆಯಾಗಿರುವಂತಹ ಅಥವಾ ಒಂದಾಗಿರುವಂತಹ ವಸ್ತುಗಳನ್ನು ಬೇರೆ ಮಾಡುವುದು,"[""ಹೊರತೆಗೆ"", ""ತೆಗೆ"", ""ಬೇರ್ಪಡಿಸು"", ""ಬೇರೆ_ಮಾಡು""]"
ತೆಗೆ,verb,11846,"ಕಲೆ, ಚುಕ್ಕೆ ಮೊದಲಾದವುಗಳನ್ನು ಸ್ವಚ್ಛ ಮಾಡುವುದು","[""ತೆಗೆ"", ""ಸ್ವಚ್ಛ_ಮಾಡು"", ""ತೊಳೆ""]"
ತೆಗೆ,verb,12023,ಆರಿಸಿ ತೆಗೆದುಕೊಳ್ಳುವ ಪ್ರಕ್ರಿಯೆ,"[""ತೆಗೆ"", ""ತೆಗೆದುಕೊ"", ""ಆರಿಸಿ_ತೆಗೆದುಕೊ"", ""ಆರಿಸಿ_ತೆಗೆದುಕೊಳ್ಳು""]"
ತೆಗೆ,verb,12232,ಕಟ್ಟಿರುವ ಗಂಟು ಮುಂತಾದುವಗಳನ್ನು ಬಿಚ್ಚುವ ಪ್ರಕ್ರಿಯೆ,"[""ಬಿಚ್ಚು"", ""ತೆಗೆ""]"
ತೆಗೆ,verb,12233,ಗುಪ್ತ ಮತ್ತು ನಿಗೂಡ ಮಾತುಗಳನ್ನು ಪ್ರಕಟ ಅಥವಾ ಸ್ಪಷ್ಟೀಕರಿಸುವ ಪ್ರಕ್ರಿಯೆ,"[""ಬಿಚ್ಚು"", ""ತೆಗೆ"", ""ರಟ್ಟು_ಮಾಡು"", ""ತೆರೆ_ಎಳಿ""]"
ತೆಗೆ,verb,12234,ಹೊಸ ಮಳಿಗೆ ಅಥವಾ ಅಂಗಡಿಗಳನ್ನು ತೆರೆಯುವ ಪ್ರಕ್ರಿಯೆ,"[""ತೆರೆ"", ""ತೆಗೆ""]"
ತೆಗೆ,verb,12238,ಯಾವುದೇ ಉಪಕರಣಗಳ ಬಿಡಿಭಾಗಗಳನ್ನು ಬೇರೆಯಾಗಿಸುವ ಪ್ರಕ್ರಿಯೆ,"[""ಬಿಚ್ಚು"", ""ತೆಗೆ""]"
ತೆಗೆ,verb,27530,ಗಣಕಯಂತ್ರದಲ್ಲಿ ಯಾವುದೇ ಕಡತ ಮುಂತಾದವುಗಳನ್ನು ತೆರೆಯುವ ಪ್ರಕ್ರಿಯೆ,"[""ತೆರೆ"", ""ತೆಗೆದಿಡು"", ""ತೆಗೆ""]"
ತೆಗೆ,verb,35420,ಯಾವುದಾದರು ಪ್ರಮಾಣ ಮೊದಲಾದವುಗಳನ್ನು ಪಡೆಯುವುದಕ್ಕಾಗಿ ಗಣನೆಯನ್ನು ಮಾಡುವುದು,"[""ಹೊರತೆಗೆ"", ""ಬೇರ್ಪಡಿಸು"", ""ತೆಗೆ""]"
ತೆಗೆ,verb,35565,ಒಳಗಿನ ವಸ್ತುಗಳನ್ನು ತೆಗೆಯುವುದು ಅಥವಾ ಬೇರ್ಪಡಿಸುವುದು,"[""ತೆಗೆ"", ""ಬೇರ್ಪಡಿಸು"", ""ಹೊರತೆಗೆ"", ""ಹೊರಗಿಡು""]"
ತೆಗೆ,verb,36481,ಛಾತಾಚಿತ್ರ ಮುಂತಾದವುಗಳನ್ನು ತೆಗೆದು ಮಾಡುವ ಪ್ರಕ್ರಿಯೆ,"[""ತೆಗೆ""]"
ತೆಗೆ,verb,37115,ಗಂಟು ಅಥವಾ ತೊಡಕು ಮೊದಲಾದವುಗಳನ್ನು ಬಿಡಿಸುವುದು,"[""ಬಿಚ್ಚು"", ""ತೆಗೆ"", ""ಬಿಡಿಸು""]"
ತೆಗೆ,verb,5596,ಯಾವುದಾದರೂ ವಸ್ತುವಿನ ಮೇಲೆ ಇರುವ ಧೂಳು ಅಥವಾ ಕೊಳೆ ತೆಗೆಯುವುದು,"[""ತೆಗೆ"", ""ಹೊಡೆ""]"
ನಿಲ್ಲಿಸು,verb,10641,ರೀತಿ ಅಥವಾ ರೂಢಿಗಳನ್ನು ಅಂತ್ಯಗೊಳಿಸುವ ಕ್ರಿಯೆ,"[""ಸಮಾಪ್ತಿಗೊಳಿಸು"", ""ಮುಗಿಸು"", ""ನಿಲ್ಲಿಸು"", ""ಅಂತ್ಯಗೊಳಿಸು""]"
ನಿಲ್ಲಿಸು,verb,10745,ಅಡ್ಡಿ ಅಥವಾ ಅಡಚಣೆಯನ್ನು ಮಾಡು,"[""ಮುಚ್ಚು"", ""ತಡೆ"", ""ನಿಲ್ಲಿಸು"", ""ಅಡ್ಡಿ_ಮಾಡು"", ""ಅಡಚಣೆ_ಮಾಡು""]"
ನಿಲ್ಲಿಸು,verb,10746,ಬಂಧನಗೊಳಿಸುವುದು ಅಥವಾ ನಿರ್ಭಂದವನ್ನು ಹೇರುವುದು,"[""ತಡೆ"", ""ನಿಲ್ಲಿಸು"", ""ಅಡ್ಡಿಮಾಡು"", ""ನಿಷೇಧಿಸು"", ""ನಿರೋಧಿಸು"", ""ನಿರ್ಭಂದಿಸು""]"
ನಿಲ್ಲಿಸು,verb,11130,ಚಲನೆಯಲ್ಲಿರುವ ವಸ್ತುವಿನ ಗತಿಯನ್ನು ನಿಲ್ಲಿಸುವುದು,"[""ನಿಲ್ಲಿಸು""]"
ನಿಲ್ಲಿಸು,verb,11595,ಯಾವುದಾದರು ಜಾಗಕ್ಕೆ ತಲುಪಿಸು,"[""ನಿಲ್ಲಿಸು"", ""ತಲುಪು""]"
ನಿಲ್ಲಿಸು,verb,11606,ಯಾವುದೋ ಒಂದರ ಆಧಾರದ ಮೇಲೆ ನಿಂತಿರುವ ಪ್ರಕ್ರಿಯೆ,"[""ನಿಲ್ಲಿಸು"", ""ಹಿಡಿದು_ನಿಲ್ಲಿಸು"", ""ತಡೆಹಿಡಿ"", ""ತಡೆಹಿಡಿದು_ನಿಲ್ಲಿಸು""]"
ನಿಲ್ಲಿಸು,verb,12225,ಯಾರೋ ಒಬ್ಬರನ್ನು ಮುಂದೆ ಹೋಗದಂತೆ ತಡೆಯುವ ಪ್ರಕ್ರಿಯೆ,"[""ನಿಲ್ಲಿಸು""]"
ನಿಲ್ಲಿಸು,verb,12226,ಹಿಂದಿನಿಂದ ನಡೆದುಕೊಂಡು ಬಂದ ಪದ್ದತಿಯನ್ನು ನಿಲ್ಲಿಸುವ ಪ್ರಕ್ರಿಯೆ,"[""ನಿಷೇದಿಸು"", ""ರದ್ದು_ಮಾಡು"", ""ನಿಲ್ಲಿಸು""]"
ನಿಲ್ಲಿಸು,verb,12227,ಕೊಡುವುದಿಲ್ಲ,"[""ನಿಲ್ಲಿಸು"", ""ತಡೆಹಿಡಿ"", ""ಕೊಡದೆಯಿರು""]"
ನಿಲ್ಲಿಸು,verb,13992,ನಿಶ್ಚಯಿಸಿದ ಸಮಯಕ್ಕಿಂತ ಹೆಚ್ಚಿನ ಸಮಯವನ್ನು ತೆಗೆದುಕೊಳ್ಳುವ ಪ್ರಕ್ರಿಯೆ,"[""ಸ್ಥಗಿತಗೊಳಿಸು"", ""ನಿಂತು_ಹೋಗು"", ""ನಿಲ್ಲಿಸು""]"
ನಿಲ್ಲಿಸು,verb,2528,ತಡ ತಡೆದು ಮಾತನಾಡುವ ಕ್ರಿಯೆ,"[""ನಿಲ್ಲಿಸು"", ""ನಿಲ್ಲು"", ""ತಾಳು""]"
ನಿಲ್ಲಿಸು,verb,34516,ಇಷ್ಟಕ್ಕೆ ನಿಂತು ಹೋಗುವ ಅಥವಾ ಮುಂದೆ ಹೋಗದೇ ಇರುವುದು (ವಿಶೇಷವಾಗಿ ಯಾವುದಾದರು ಆಟ ಅಥವಾ ಪಂದ್ಯಗಳಲ್ಲಿ),"[""ನಿಂತುಹೋಗು"", ""ನಿಲ್ಲಿಸು""]"
ನಿಲ್ಲಿಸು,verb,34883,ಮಾಡಲು ಹೋರಟಿರುವ ಅಥವಾ ಮಾಡುತ್ತಿರುವ ಕೆಲಸವನ್ನು ನಿಲ್ಲಿಸುವ ಪ್ರಕ್ರಿಯೆ,"[""ನಿಲ್ಲಿಸು""]"
ನಿಲ್ಲಿಸು,verb,38316,ಚನ್ನಾಗಿ ನಡೆಯುತ್ತಿರುವ ಕೆಲಸವನ್ನು ಗುಪ್ತವಾಗಿ ನಿಲ್ಲಿಸುವ ಪ್ರಕ್ರಿಯೆ,"[""ನಿಲ್ಲಿಸು"", ""ಅಡ್ಡಗಟ್ಟು"", ""ತಡೆಯೊಡ್ಡು"", ""ಅಡಚಣೆ_ಮಾಡು""]"
ನಿಲ್ಲಿಸು,verb,9925,ನಿಲ್ಲಿಸುವ ಕೆಲವನ್ನು ಬೇರೆಯವರಿಂದ ಮಾಡಿಸು,"[""ನಿಲ್ಲಿಸು""]"
ಹಾಳು_ಮಾಡು,verb,12177,ವ್ಯಕ್ತಿಯ ಗುಣ ಮೊದಲಾದವುಗಳನ್ನು ನಾಶ ಮಾಡುವುದು,"[""ಕುಗ್ಗಿಸು"", ""ನಾಶ_ಮಾಡು"", ""ಹಾಳು_ಮಾಡು"", ""ಮಣ್ಣು_ಪಾಲು_ಮಾಡು"", ""ಭಂಗ_ಮಾಡು""]"
ಹಾಳು_ಮಾಡು,verb,13826,ಯಾವುದನ್ನಾದರು ಹಾಳು ಮಾಡುವುದಕ್ಕೆ ಹೇಳುವ ಪ್ರಕ್ರಿಯೆ,"[""ಹಾಳು_ಮಾಡು"", ""ನೆಲಸಮ_ಮಾಡು"", ""ಹಾಳು_ಮಾಡು"", ""ನೆಲಸಮ_ಮಾಡು""]"
ಹಾಳು_ಮಾಡು,verb,15072,ಯಾವುದೋ ಒಂದು ಪದಾರ್ಥದಿಂದ ಸ್ವಾಭಾವಿಕ ಗುಣ ಅಥವಾ ಸ್ವಭಾವವನ್ನೇ ನಾಶ ಮಾಡುವ ಪ್ರಕ್ರಿಯೆ,"[""ಹಾಳು_ಮಾಡು"", ""ಹಾಳು_ಮಾಡು"", ""ಹಾನಿ_ಮಾಡು"", ""ಹಾನಿ_ಮಾಡು"", ""ನಾಶ_ಮಾಡು"", ""ನಾಶ_ಮಾಡು""]"
ಹಾಳು_ಮಾಡು,verb,15073,ಬಟ್ಟೆಯನ್ನು ಹೊಲಿಯುವ ಸಮಯದಲ್ಲಿ ಅದನ್ನು ಸರಿಯಾಗಿ ಹೊಲಿಯದೆ ಕೆಡಿಸುವ ಪ್ರಕ್ರಿಯೆ,"[""ಹಾಳು_ಮಾಡು"", ""ಕೆಡಿಸು""]"
ಹಾಳು_ಮಾಡು,verb,15074,ವಸ್ತುಗಳನ್ನು ಕೆಡಿಸುವ ಕ್ರಿಯೆ,"[""ಹಾಳು_ಮಾಡು"", ""ಕೆಡಿಸು""]"
ಹಾಳು_ಮಾಡು,verb,15075,"ನೀತಿ, ಸಂಸ್ಕಾರ ಮುಂತಾದವುಗಳನ್ನು ಕಲಿಸದೆ ಭ್ರಷ್ಟರಾಗುವಂತೆ ಮಾಡುವ ಕ್ರಿಯೆ","[""ಹಾಳು_ಮಾಡು"", ""ಕೆಡಿಸು"", ""ಕೆಟ್ಟ_ದಾರಿ_ತೋರಿಸು"", ""ಕೆಟ್ಟದನ್ನು_ಹೇಳು"", ""ಕೆಟ್ಟದನ್ನು_ಹೇಳಿಕೊಡು"", ""ಕೆಟ್ಟದನ್ನು_ಕಲಿಸು""]"
ಹಾಳು_ಮಾಡು,verb,15076,ಹೆಂಗಸಿನ ಮಾನ ಭಂಗ ಮಾಡುವ ಪ್ರಕ್ರಿಯೆ,"[""ಕೆಡಿಸು"", ""ಮಾನಭಂಗ_ಮಾಡು"", ""ಹಾಳು_ಮಾಡು""]"
ಹಾಳು_ಮಾಡು,verb,22025,ಯಾವುದೋ ಒಂದು ನಿಧಾನವಾಗಿ ನಶಿಸಿ ಹೋಗುವ ಅಥವಾ ಕಡಿಮೆಯಾಗುತ್ತಾ ಹೋಗುವ ಕ್ರಿಯೆ,"[""ನಾಶ_ಮಾಡು"", ""ಹಾಳು_ಮಾಡು"", ""ಹಾನಿ_ಮಾಡು"", ""ನಾಶ_ಮಾಡು"", ""ಹಾಳು_ಮಾಡು"", ""ಹಾನಿ_ಮಾಡು""]"
ಹಾಳು_ಮಾಡು,verb,32293,ಮನುಷ್ಯ ಇದ್ದ ಹಾಗೆ ರೋಗ ತಗುಲುವ ಪ್ರಕ್ರಿಯೆ,"[""ನಾಶ_ಮಾಡು"", ""ಹಾಳು_ಮಾಡು""]"
ಹಾಳು_ಮಾಡು,verb,3432,ಯಾವುದೇ ವಸ್ತು ಅಥವಾ ಸಂಗತಿಯನ್ನು ಇರುವ ಸ್ಥಿತಿಗಿಂತ ಇನ್ನಷ್ಟು ಕೆಳಸ್ಥಿತಿಗೆ ಒಯ್ಯುವ ಪ್ರಕ್ರಿಯೆ,"[""ಕೆಡಿಸು"", ""ಹಾಳುಮಾಡು"", ""ಹಾಳು_ಮಾಡು""]"
ಹಾಳು_ಮಾಡು,verb,35204,ಪೂರ್ಣವಾಗಿ ನಷ್ಟ ಮಾಡುವುದು ಅಥವಾ ನಾಶ ಮಾಡುವ ಪ್ರಕ್ರಿಯೆ,"[""ನಾಶ_ಮಾಡು"", ""ಹಾಳು_ಮಾಡು""]"
ಹಾಳು_ಮಾಡು,verb,36034,"ವಸ್ತು, ಸಮಯ ಮೊದಲಾದವುಗಳನ್ನು ಸರಿಯಾದ ರೀತಿಯಲ್ಲಿ ಉಪಯೋಗಿಸದೆ ಇರುವ ಪ್ರಕ್ರಿಯೆ","[""ಹಾಳು_ಮಾಡು"", ""ನಾಶಮಾಡು"", ""ಕೆಡಿಸು""]"
ಹಾಳು_ಮಾಡು,verb,36173,"ಬಾಂಬು, ಕ್ಷಿಪಣಿ ಇತ್ಯಾದಿಗಳಿಂದ ನಾಶ ಮಾಡುವ ಪ್ರಕ್ರಿಯೆ","[""ನಾಶ_ಮಾಡು"", ""ಹಾಳು_ಮಾಡು"", ""ಧ್ವಂಸ_ಮಾಡು""]"
ಹಾಳು_ಮಾಡು,verb,36675,ಯಾವುದೋ ಒಂದು ಕೆಲಸವನ್ನು ಕಠಿಣವಾಗಿ ಮತ್ತು ಅಸಂಭವದ ಹಾಗೆ ಮಾಡುವ ಪ್ರಕ್ರಿಯೆ,"[""ಹಾಳು_ಮಾಡು""]"
ಹಾಳು_ಮಾಡು,verb,7644,ದ್ವಂಸ ಮಾಡು ಅಥವಾ ನಷ್ಟ-ಭ್ರಷ್ಟಗೊಳಿಸು,"[""ನಾಶ_ಮಾಡು"", ""ನಷ್ಟ_ಮಾಡು"", ""ನಾಶಗೊಳಿಸು"", ""ದ್ವಂಸ_ಮಾಡು"", ""ಹಾಳು_ಮಾಡು"", ""ಉಧ್ವಸ್ತಮಾಡು""]"
ಮಾಡು,verb,11879,ಜನರು ವಿದ್ಯಾಭ್ಯಾಸ ಮಾಡಿ ಒಂದು ಹಂತಕ್ಕೆ ತಲುಪುವ ಪ್ರಕ್ರಿಯೆ,"[""ಮಾಡು""]"
ಮಾಡು,verb,11959,ಬಾಡಿಗೆಗೆ ವಾಹವನ್ನು ತೆಗೆದು ಕೊಳ್ಳುಅಥವಾ ಮಾಡಿಕೊ,"[""ಮಾಡು"", ""ಮಾಡಿಕೊ"", ""ಮಾಡಿಕೊಳ್ಳು_ಬಾಡಿಗೆಗೆ_ತೆಗೊ""]"
ಮಾಡು,verb,11967,ಅತುರ ಆತುರವಾಗಿ ಮಾಡುವ ಪ್ರಕ್ರಿಯೆ,"[""ಮಾಡು""]"
ಮಾಡು,verb,27508,ಯಾರೋ ಒಬ್ಬರಿಗೆ ನಿಶ್ಚಿತ ಗುಣ ನೀಡುವ ಅಥವಾ ಗುಣ ಅಥವಾ ಲಕ್ಷಣಗಳನ್ನು ಯುಕ್ತ ಪಡಿಸುವ ಪ್ರಕ್ರಿಯೆ,"[""ಮಾಡು""]"
ಮಾಡು,verb,27520,"ಯಾವುದೇ ಕೆಲಸ, ವಸ್ತು ಮುಂತಾದುವುಗಳಿಗೆ ಉಪಯೋಗಕ್ಕೆ ಬರುವ ಪ್ರಕ್ರಿಯೆ","[""ಮಾಡು"", ""ತಯಾರಿಸು""]"
ಮಾಡು,verb,27521,ಯಾವುದೋ ಒಂದು ಪರಿಸ್ಥಿ ಉಂಟಾಗುವಂತೆ ಮಾಡುವ ಅಥವಾ ಯಾವುದೋ ಭಾವನೆ ಹುಟ್ಟುವಂತೆ ಮಾಡುವ ಪ್ರಕ್ರಿಯೆ,"[""ಮಾಡು""]"
ಮಾಡು,verb,27523,ಉನ್ನತಿ ಅಥವಾ ಅವನತಿಯಲ್ಲು ಸಹಾಯ ಮಾಡುವ ಪ್ರಕ್ರಿಯೆ,"[""ಮಾಡು""]"
ಮಾಡು,verb,27599,ಹುದುಗು ಬರುವಂತೆ ಮಾಡುವ ಪ್ರಕ್ರಿಯೆ,"[""ಕಿಣ್ವಕರಣ"", ""ಮಾಡು"", ""ಹುದುಗು_ಬರುವಂತೆ_ಮಾಡು""]"
ಮಾಡು,verb,27688,ಯಾವುದೋ ಒಂದು ಲೋಹಕ್ಕೆ ಆಕಾರ ನೀಡು ಅಥವಾ ಉಪಯೋಗಿಸುವಂತೆ ಮಾಡು ಅಥವಾ ಸುಧಾರಣೆ ಅಥವಾ ಉನ್ನತವಾಗಿ ಮಾಡುವ ಪ್ರಕ್ರಿಯೆ,"[""ಮಾಡು"", ""ತಯಾರಿಸು""]"
ಮಾಡು,verb,27799,ಯಾವುದೇ ಘಟನೆ ಇತ್ಯಾದಿ ಘಟಿಸುವ ಕಾರಣ ಅದರ ಫಲಿತಾಂಶದ ರೂಪ ಹೊರಬರುವ ಪ್ರಕ್ರಿಯೆ,"[""ಮಾಡು""]"
ಮಾಡು,verb,3295,ಯಾವುದಾದರೊಂದು ಕ್ರಿಯೆಯನ್ನು ನಡೆಸುವ ಪ್ರಕ್ರಿಯೆ,"[""ಮಾಡು"", ""ಕೆಲಸಮಾಡು"", ""ಕಾರ್ಯಮಾಡು""]"
ಮಾಡು,verb,34299,ವಾಸ ಸ್ಥಾನವನ್ನು ನಿರ್ಮಾಣ ಮಾಡು,"[""ಮಾಡು"", ""ತಯಾರಿ_ಮಾಡು"", ""ನಿರ್ಮಾಣ_ಮಾಡು"", ""ಕಟ್ಟು""]"
ಮಾಡು,verb,35030,ಉಪಯೋಗಕ್ಕೆ ಬರುವ ವಸ್ತುಗಳ ಬಗೆಗೆ ಚಿಂತನೆ ಮಾಡುವ ಪ್ರಕ್ರಿಯೆ,"[""ಮಾಡು""]"
ಮಾಡು,verb,4115,ಯಾವುದೇ ಕೆಲಸವನ್ನು ಆರಂಭಿಸಿ ಮುಗಿಸುವವರೆಗಿನ ಕ್ರಿಯೆ,"[""ಮಾಡು"", ""ಮಾಡಿದ_ಕೆಲಸ"", ""ಮಾಡಿದ_ಕೆಲಸ"", ""ರಚಿಸು"", ""ತಯಾರಿಸು"", ""ಕೆಲಸವನ್ನು_ನಿರ್ವಹಿಸು"", ""ಕೆಲಸವನ್ನು_ನಿರ್ವಹಿಸು""]"
ಬರು,verb,11863,ತೂಕದಲ್ಲಿ ಬರುವ ಅಥವಾ ಹಿಡಿಯುವಂತಹ,"[""ಬರು"", ""ಹಿಡಿ"", ""ತೂಗು""]"
ಬರು,verb,11881,ಕಾಲ ಅಥವಾ ಸಮಯ ಪ್ರಾರಂಭಿಸುವ ಪ್ರಕ್ರಿಯೆ,"[""ಬರು""]"
ಬರು,verb,11882,ಯಾವುದಾದರು ಭಾವನೆ ಅಥವಾ ಅವಸ್ಥೆ ಉತ್ಪನ್ನವಾಗುವುದು,"[""ಆಗು"", ""ಬರು""]"
ಬರು,verb,11884,ಖರೀದಿಸುವುದರಿಂದ ಯಾವುದಾದರು ವಸ್ತು ಪ್ರಾಪ್ತಿಯಾಗು,"[""ಬರು""]"
ಬರು,verb,12183,ನೆನಪಿಗೆ ಬರುವುದು ಅಥವಾ ಸ್ಮರಣೆ ಬರುವುದು,"[""ಬರು""]"
ಬರು,verb,12185,ಬಾಡಿಗೆಗೆ ನೀಡು,"[""ನೀಡು"", ""ಬರು""]"
ಬರು,verb,12188,ಶರೀರದ ಮೇಲೆ ಗುಳ್ಳೆಗಳು ಏಳುವ ಪ್ರಕ್ರಿಯೆ,"[""ಎಳು"", ""ಬರು""]"
ಬರು,verb,12505,ಉತ್ಪನ್ನವಾಗು ಅಥವಾ ಬರುವಂತಹ ಪ್ರಕ್ರಿಯೆ,"[""ಬರು""]"
ಬರು,verb,12511,"ಅಭ್ಯಾಸವಾಗುವ, ಚಟವಾಗುವ ಪ್ರಕ್ರಿಯೆ","[""ಹುಟ್ಟು"", ""ಬರು""]"
ಬರು,verb,28203,ಒಂದು ನಿಶ್ಚಿತ ಸ್ಥಾನದಲ್ಲಿ ಯಾವುದೋ ಒಂದು ಇರುವ ಪ್ರಕ್ರಿಯೆ,"[""ಬರು""]"
ಬರು,verb,3437,ಒಂದು ಸ್ಥಾನದಿಂದ ಬಂದು ಇನ್ನೊಂದು ಸ್ಥಾನದಲ್ಲಿ ಉಪಸ್ಥಿತಿಯಾಗುವುದು,"[""ಬರು"", ""ಆಗಮಿಸು"", ""ತಲುಪು""]"
ಬರು,verb,37549,ಮಣ್ಣನು ಅಗೆಯುವಾಗ ಯಾವುದೋ ಒಂದು ದೊರೆಯುವ ಪ್ರಕ್ರಿಯೆ,"[""ಬರು""]"
ಬರು,verb,7452,ಯಾವುದೇ ವ್ಯಕ್ತಿ ಅಥವಾ ವಸುವನ್ನು ಒಂದು ಸ್ಥಳದಿಂದ ಇನ್ನೊಂದು ಸ್ಥಳಕ್ಕೆ ಹೋಗಿ ಸೇರುವುದು,"[""ತಲುಪುವುದು"", ""ತಲುಪಿಸುವುದು"", ""ಬರು"", ""ಇಡು""]"
ರಕ್ಷಿಸು,verb,11184,ನಮ್ಮ ರಕ್ಷಣೆ ಅಥವಾ ಅಧಿಕಾರದಲ್ಲಿ ಇಟ್ಟಿರುವಂತಹ,"[""ಇಡು"", ""ರಕ್ಷಿಸು"", ""ಇಟ್ಟುಕೊಳ್ಳು""]"
ರಕ್ಷಿಸು,verb,11506,ವಿಪತ್ತು ಅಥವಾ ಕಷ್ಟಕ್ಕೆ ಸಿಲುಕದಂತೆ ಮಾಡುವುದು,"[""ರಕ್ಷಿಸು"", ""ಉಳಿಸು"", ""ಕಾಪಾಡು""]"
ರಕ್ಷಿಸು,verb,14195,ಯಾವುದಾದರು ವಸ್ತುವನ್ನು ರಕ್ಷಣೆ ಮಾಡುವ ಪ್ರಕ್ರಿಯೆ,"[""ರಕ್ಷಿಸು"", ""ರಕ್ಷಣೆ_ಮಾಡು"", ""ರಕ್ಷಣೆ_ಮಾಡು""]"
ರಕ್ಷಿಸು,verb,27374,ನಷ್ಟ ಅಥವಾ ಅಂತ್ಯ ಅಥವಾ ಭಂಗವಾಗುವುದರಿಂದ ರಕ್ಷಿಸುವ ಅಥವಾ ಸುರಕ್ಷಿತವಾಗಿರುವ ಇಡುವ ಪ್ರಕ್ರಿಯೆ,"[""ಕಾಪಾಡು"", ""ರಕ್ಷಿಸು""]"
ರಕ್ಷಿಸು,verb,27473,"ಆತಿಕ್ರಮಣ ಬೆಟೆಯಾಡುವುದು, ಮೀನು ಹಿಡಿಯುವುದು ಇತ್ಯಾದಿ ಮಾಡದೆ ದೂರ ಉಳಿಯುವುದು ಅಥವಾ ಉಪಯೋಗಿಸದೆ ಇರುವ ಪ್ರಕ್ರಿಯೆ","[""ಉಳಿಸು"", ""ಸಂರಕ್ಷಿಸು"", ""ರಕ್ಷಿಸು""]"
ರಕ್ಷಿಸು,verb,3457,ಮೃತ ಶರೀರಕ್ಕೆ ಜೀವನ್ನು ಬರಿಸುವುದು,"[""ಬದುಕಿಸು"", ""ರಕ್ಷಿಸು"", ""ಕಾಪಾಡು""]"
ರಕ್ಷಿಸು,verb,35493,ಮಧ್ಯದಲ್ಲಿ ಬಂದು ಅಥವಾ ಹಾಳಾಗುತ್ತಿರುವ ಸ್ಥಿತಿಯನ್ನು ಮತ್ತು ಇನ್ನೂ ಹಾಳಾಗುವುದನ್ನು ತಡೆಯುವುದು,"[""ಸಂಭಾಳಿಸು"", ""ರಕ್ಷಿಸು"", ""ಹಿಡಿದಿಡು"", ""ನಿರ್ವಹಿಸು""]"
ರಕ್ಷಿಸು,verb,35984,ಯಾವುದನ್ನಾದರು ಅಥವಾ ಯಾರನ್ನಾದರೂ ಉಳಿಸುವ ಕ್ರಿಯೆ,"[""ರಕ್ಷಣೆ_ಮಾಡು"", ""ರಕ್ಷಿಸು"", ""ಉಳಿಸು""]"
ರಕ್ಷಿಸು,verb,38319,ಕಷ್ಟ ಅಥವಾ ಸಂಕಟದಿಂದ ಯಾರನ್ನಾದರೂ ಮುಕ್ತಗೊಳಿಸುವ ಪ್ರಕ್ರಿಯೆ,"[""ಪಾರು_ಮಾಡು"", ""ಪಾರುಮಾಡು"", ""ಕಾಪಾಡು"", ""ರಕ್ಷಿಸು"", ""ಮುಕ್ತರಾಗು"", ""ಮುಕ್ತಿಗೊಳಿಸು""]"
ರಕ್ಷಿಸು,verb,4692,ಪೋಷಣೆ ಅಥವಾ ರಕ್ಷಣೆಯಂತಹ ಕೆಲಸ ಮಾಡುವುದು,"[""ಪೋಷಿಸು"", ""ರಕ್ಷಿಸು""]"
ರಕ್ಷಿಸು,verb,9140,ತೊಂದರೆಯಿಂದ ಕಾಪಾಡುವುದು,"[""ಸಂಭಾಲಿಸು"", ""ಸಂರಕ್ಷಿಸು"", ""ಸಂರಕ್ಷೆ_ಮಾಡು"", ""ರಕ್ಷಿಸು"", ""ಉಳಿಸು""]"
ರಕ್ಷಿಸು,verb,9156,ಯಾರೋ ಒಬ್ಬ ವ್ಯಕ್ತಿ ಅಥವಾ ವಸ್ತು ಮೊದಲಾದವುಗಳ ಮೇಲೆ ಧ್ಯಾನವನ್ನು ನೀಡು,"[""ಸಂಬಾಳಿಸು"", ""ಪಾಲನೆಮಾಡು"", ""ಉಳಿಸು"", ""ರಕ್ಷಿಸು"", ""ಸಂರಕ್ಷಿಸು_ನಿಭಾಯಿಸು""]"
ರಕ್ಷಿಸು,verb,9192,ಯಾವುದೋ ಒಂದು ವಸ್ತುವನ್ನು ಇಡುವ ಕ್ರಿಯೆ,"[""ಇಡು"", ""ರಕ್ಷಿಸು"", ""ಇಟ್ಟುಕೊಳ್ಳು""]"
ಆಗು,verb,11582,ಸಂಬಂಧ ಅಥವಾ ಬಾಂಧವ್ಯದಲ್ಲಿ ಏನಾದರೂ ಆಗುವುದು,"[""ಆಗು""]"
ಆಗು,verb,11593,ಯಾವುದೋ ಒಂದರ ಬಗೆಗೆ ಅನುಭವವಾಗುವ ಪ್ರಕ್ರಿಯೆ,"[""ಆಗು"", ""ಅನುಭವವಾಗು"", ""ಅನಿಸು""]"
ಆಗು,verb,11860,"ವರ್ಷ, ಮಾಸ ಮೊದಲಾದವುಗಳು ಆರಂಭವಾಗುವುದು","[""ಆಗು"", ""ಪ್ರಾರಂಭವಾಗು"", ""ಆರಂಭಿಸು""]"
ಆಗು,verb,11877,"ಯಾವುದೇ ಪದವಿ, ಸ್ಥಾನ ಮುಂತಾದವುಗಳ ವರೆಗೂ ತಲುಪುವ ಪ್ರಕ್ರಿಯೆ","[""ತಲುಪು"", ""ಆಗು"", ""ಸೇರು""]"
ಆಗು,verb,11882,ಯಾವುದಾದರು ಭಾವನೆ ಅಥವಾ ಅವಸ್ಥೆ ಉತ್ಪನ್ನವಾಗುವುದು,"[""ಆಗು"", ""ಬರು""]"
ಆಗು,verb,11883,"ಬಟ್ಟೆ, ಒಡವೆ ಮೊದಲಾದವುಗಳನ್ನು ಶರೀರಕ್ಕೆ ಸರಿಯಾಗಿ ಕೂರುವುದು","[""ಆಗು"", ""ಸರಿಯಾಗು""]"
ಆಗು,verb,12174,"ಚಿಂತೆ, ಹುಷಾರಿಲ್ಲದ ಕಾರಣದಿಂದಾಗಿ ಶರೀರ ಕೃಷವಾಗುವುದು ಅಥವಾ ಯಾರಾದರೂ ಸಾಯುವುದು","[""ಆಗು"", ""ಉಂಟಾಗು""]"
ಆಗು,verb,27519,ವರ್ತಮಾನದ ಸ್ಥಿತಿಯಲ್ಲಿ ಅಂತರ ತರುವ ಅಥವಾ ಮೇಲು-ಕೀಳು ಬೇದ ಮಾಡುವ ಪ್ರಕ್ರಿಯೆ,"[""ತರು"", ""ಆಗು""]"
ಆಗು,verb,36203,ಪ್ರಯೋಗ ಮತ್ತು ವ್ಯವಹಾರದ ದೃಷ್ಟಿಯಿಂದ ಮಾಡುವ ಕ್ರಿಯೆಯ ಅಕರ್ಮಕ ರೂಪದ ಕೆಲಸವನ್ನು ನೀಡುವುಂತಹ ತುಂಬಾ ಪ್ರಚಲಿತ ಮತ್ತು ಪ್ರಸಿದ್ಧವಾದ ಕ್ರಿಯೆ,"[""ಆಗು""]"
ಆಗು,verb,4918,ಘಟನೆಯ ರೂಪದಲ್ಲಿ ಆಗುವುದು,"[""ಆಗು"", ""ಆದ"", ""ಸಂಭವಿಸು"", ""ಸಂಭವಿಸಿದ""]"
ಆಗು,verb,5023,ಯಧಾರ್ಥವಾಗಿ ಸಿದ್ಧಿಯಾಗುವುದು,"[""ಆಗು"", ""ಸಂಭವಿಸು""]"
ಆಗು,verb,7132,ರೂಪವನ್ನು ನೀಡುವುದು,"[""ಆಗು"", ""ಸಿದ್ಧವಾಗು"", ""ತಯಾರಿ_ಮಾಡು""]"
ಕಠಿಣವಾದ,adjective,11241,ಯಾವುದೋ ಸುಲಭವಿಲ್ಲ,"[""ಕಠಿಣವಾದ"", ""ವಿಕಟವಾದ"", ""ಪ್ರಚಂಡವಾದ"", ""ಕ್ಲಿಷ್ಟವಾದ"", ""ವಿಷಮ"", ""ದೊಡ್ಡ""]"
ಕಠಿಣವಾದ,adjective,13388,ತುಂಬಾ ಕಠೋರ ಅಥವಾ ಬಿರುಸಾದಂತಹ,"[""ಕಠಿಣ"", ""ಕಠಿಣವಾದ"", ""ಕಠಿಣವಾದಂತ"", ""ಕಠಿಣವಾದಂತಹ""]"
ಕಠಿಣವಾದ,adjective,13855,ಯಾವುದು ಸುಲಭವಾಗಿ ಅಥವಾ ಸಹಜತೆಯಿಂದ ತಿಳಿದುಕೊಳ್ಳಲಾಗುವುದಿಲ್ಲವೋ,"[""ಗೂಢವಾದ"", ""ಗೂಢವಾದಂತ"", ""ಗೂಢವಾದಂತಹ"", ""ಕಠಿಣವಾದ"", ""ಕಠಿಣವಾದಂತ"", ""ಕಠಿಣವಾದಂತಹ"", ""ಕ್ಲಿಷ್ಟವಾದ"", ""ಕ್ಲಿಷ್ಟವಾದಂತ"", ""ಕ್ಲಿಷ್ಟವಾದಂತಹ""]"
ಕಠಿಣವಾದ,adjective,13856,ಬೇಗ ಹಿಡಿಯುವುದಕ್ಕೆ ಸಿಗದಂತಹ ಅಥವಾ ಯಾವುದನ್ನು ಹಿಡಿಯಲು ಕಠಿಣವಾಗಿದೆಯೋ,"[""ಗೂಢವಾದ"", ""ಗೂಢವಾದಂತ"", ""ಗೂಢವಾದಂತಹ"", ""ಕಠಿಣವಾದ"", ""ಕಠಿಣವಾದಂತ"", ""ಕಠಿಣವಾದಂತಹ"", ""ಕ್ಲಿಷ್ಟವಾದ"", ""ಕ್ಲಿಷ್ಟವಾದಂತ"", ""ಕ್ಲಿಷ್ಟವಾದಂತಹ""]"
ಕಠಿಣವಾದ,adjective,16286,ಯಾವುದೋ ಒಂದು ಪೂರ್ಣವಾಗಿ ಅಥವಾ ಸುಲಭವಾಗಿ ಅರ್ಥವಾಗುವುದಿಲ್ಲವೋ,"[""ಕಠಿಣವಾದ"", ""ಕಠಿಣವಾದಂತ"", ""ಕಠಿಣವಾದಂತಹ"", ""ಕಷ್ಟವಾದ"", ""ಕಷ್ಟವಾದಂತ"", ""ಕಷ್ಟವಾದಂತಹ"", ""ಕ್ಲಿಷ್ಟವಾದ"", ""ಕ್ಲಿಷ್ಟವಾದಂತ"", ""ಕ್ಷಿಷ್ಟವಾದಂತಹ""]"
ಕಠಿಣವಾದ,adjective,22109,ಯಾವುದನ್ನು ಪೂರ್ಣ ಮಾಡುವುದು ಕಠಿಣವೋ,"[""ಕಠಿಣವಾದ"", ""ಕಠಿಣವಾದಂತ"", ""ಕಠಿಣವಾದಂತಹ""]"
ಕಠಿಣವಾದ,adjective,23070,ಯಾವುದು ಬಹು ಬೇಗನೆ ಅರ್ಥಮಾಡಿಕೊಳ್ಳಲು ಸಾಧ್ಯವಿಲ್ಲವೋ,"[""ಕಠಿಣವಾದ"", ""ಕಠಿಣವಾದಂತ"", ""ಕಠಿಣವಾದಂತಹ"", ""ಸುಲಭವಲ್ಲದ"", ""ಸುಲಭವಲ್ಲದಂತ"", ""ಸುಲಭವಲ್ಲದಂತಹ"", ""ಕಷ್ಟಕರವಾದ"", ""ಕಷ್ಟಕರವಾದಂತ"", ""ಕಷ್ಟಕರವಾದಂತಹ""]"
ಕಠಿಣವಾದ,adjective,2347,ಯಾವುದೋ ಒಂದು ಪ್ರದೇಶಕ್ಕೆ ಹೋಗಲು ಯೋಗ್ಯವಲ್ಲವೋ,"[""ಕಠಿಣ"", ""ಕಠಿಣವಾದ"", ""ಕಠಿಣವಾದಂತ"", ""ಕಠಿಣವಾದಂತಹ"", ""ಕಷ್ಟವಾದ"", ""ಕಷ್ಟವಾದಂತ"", ""ಕಷ್ಟವಾದಂತಹ"", ""ಕ್ಲಿಷ್ಟವಾದ"", ""ಕ್ಲಿಷ್ಟವಾದಂತ"", ""ಕ್ಲಿಷ್ಟವಾದಂತಹ"", ""ದುರ್ಗಮ"", ""ದುರ್ಗಮವಾದ"", ""ದುರ್ಗಮವಾದಂತ"", ""ದುರ್ಗಮವಾದಂತಹ"", ""ಅಗಮ್ಯ"", ""ಅಗಮ್ಯವಾದ"", ""ಅಗಮ್ಯವಾದಂತ"", ""ಅಗಮ್ಯವಾದಂತಹ"", ""ದುರ್ಗಮ್ಯ"", ""ದುರ್ಗಮ್ಯವಾದ"", ""ದುರ್ಗಮ್ಯವಾದಂತ"", ""ದುರ್ಗಮ್ಯವಾದಂತಹ"", ""ಅನಾಗಮ್ಯ"", ""ಅನಾಗಮ್ಯವಾದ"", ""ಅನಾಗಮ್ಯವಾದಂತ"", ""ಅನಾಗಮ್ಯವಾದಂತಹ""]"
ಕಠಿಣವಾದ,adjective,26844,ಒಂದು ಇನ್ನೊಂದಕ್ಕೆ ಸೇರಿಸಿ ಗಂಟು ಹಾಕಿಕೊಂಡಿರುವಂತಹ,"[""ಜಠಿಲ"", ""ಜಠಿಲವಾದ"", ""ಜಠಿಲವಾದಂತಹ"", ""ಕಠಿಣ"", ""ಕಠಿಣವಾದ"", ""ಕಠಿಣವಾದಂತಹ""]"
ಕಠಿಣವಾದ,adjective,3194,"ಯಾವುದೇ ವಸ್ತು ಸಂಗತಿಯನ್ನು ಪಳಗಿಸಲು, ಸಡಿಲಿಸಲು, ಅಲುಗಾಡಿಸಲು, ಒಡೆಯಲು ಮುಂತಾದ ಕ್ರಿಯೆಗಳು ಸಾಧ್ಯವಾಗದೇ ಇರುವ ಸ್ಥಿತಿ","[""ಅಸಾಧ್ಯ"", ""ಅಸಾಧ್ಯವಾದ"", ""ಅಸಾಧ್ಯವಾದಂತ"", ""ಅಸಾಧ್ಯವಾದಂತಹ"", ""ಕಠಿಣವಾದ"", ""ಕಠಿಣವಾದಂತ"", ""ಕಠಿಣವಾದಂತಹ""]"
ಕಠಿಣವಾದ,adjective,37113,ಮಂದ ಗತಿಯಲ್ಲಿ ನಡೆಯುತ್ತಿರುವ ಕಾರಣದಿಂದ ತುಂಬಾ ಸಮಯ ತೆಗೆದುಕೊಳ್ಳುವಂತಹ,"[""ಪ್ರಯಾಸದ"", ""ಕಠಿಣವಾದ"", ""ಪ್ರಯಾಸಪೂರಿತ"", ""ಶ್ರಮಭರಿತ"", ""ಶ್ರಮಪೂರಿತ"", ""ಕಷ್ಟಕರ"", ""ಕಷ್ಟವಾದ"", ""ಕಷ್ಟಕರವಾದ""]"
ಕಠಿಣವಾದ,adjective,38348,ಯಾವುದು ಅಧಿಕಾ ಪ್ರಮಾಣದಲ್ಲಿ ಇರುವ ಕಾರಣದಿಂದ ಅದನ್ನು ಸಹಿಸಿಕೊಳ್ಳುವುದು ಕಠಿಣವಾಗಿರುತ್ತದೆಯೋ,"[""ಬಿರುಸು"", ""ಬಿರುಸಾದ"", ""ಬಿರುಸಾದಂತ"", ""ಬಿರುಸಾದಂತಹ"", ""ಕಠೋರ"", ""ಕಠೋರವಾದ"", ""ಕಠೋರವಾದಂತ"", ""ಕಠೋರವಾದಂತಹ"", ""ಕಠಿಣ"", ""ಕಠಿಣವಾದ"", ""ಕಠಿಣವಾದಂತ"", ""ಕಠಿಣವಾದಂತಹ""]"
ಕಠಿಣವಾದ,adjective,4177,ತುಂಬಾ ಒರಟಾದ ಅಥವಾ ಕಿವಿಗೆ ಕೇಳಲಿಕ್ಕೆ ಸಾಧ್ಯವಾಗದಂತಹ ಧ್ವನಿ ಅಥವಾ ಶಬ್ದ,"[""ಕರ್ಕಶ"", ""ಕರ್ಕಶವಾದ"", ""ಕರ್ಕಶವಾದಂತ"", ""ಕರ್ಕಶವಾದಂತಹ"", ""ಕಠೋರ"", ""ಕಠೋರವಾದ"", ""ಕಠೋರವಾದಂತ"", ""ಕಠೋರವಾದಂತಹ"", ""ಕಠಿಣ"", ""ಕಠಿಣವಾದ"", ""ಕಠಿಣವಾದಂತ"", ""ಕಠಿಣವಾದಂತಹ""]"
ಗಟ್ಟಿಯಾದ,adjective,10833,ಯಾವುದೋ ಒಂದನ್ನು ಗಟ್ಟಿಯಾಗುವ ಹಾಗೆ ಮಾಡಿರುವುದು,"[""ಗಟ್ಟಿಯಾದ"", ""ಘನವಾದ""]"
ಗಟ್ಟಿಯಾದ,adjective,11712,ಯಾವುದೋ ಒಂದು ಸೀದು ಅಥವಾ ತಳ ಹಿಡಿದು ತುಂಬಾ ಕಮ್ಮಿಯಾಗಿರುವ ಅಥವಾ ಅದೆಷ್ಟೊಂದು ಸೀದಿತ್ತೆಂದರೆ ಅದನ್ನು ಸ್ವೀಕರಸಲು ಆಗುವುದಿಲ್ಲ ಅಥವಾ ಅದನ್ನು ಮೃದುಮಾಡಲು ಆಗುವುದಿಲ್ಲ,"[""ಗಟ್ಟಿ"", ""ಸಡುವಾದ"", ""ಗಟ್ಟಿಯಾದ"", ""ಗಡಸಾದ""]"
ಗಟ್ಟಿಯಾದ,adjective,12811,ಯಾವುದನ್ನು ಎಳೆದಾಗ ಅಥವಾ ಮುರಿದಾಗ ಅದು ಮುರಿಯುವುದಿಲ್ಲವೋ,"[""ಗಟ್ಟಿ"", ""ಗಟ್ಟಿಯಾದ"", ""ಗಟ್ಟಿಯಾದಂತ"", ""ಗಟ್ಟಿಯಾದಂತಹ"", ""ಗಟ್ಟಿಯಾಗಿರುವ"", ""ಗಟ್ಟಿಯಾಗಿರುವಂತ"", ""ಗಟ್ಟಿಯಾಗಿರುವಂತಹ""]"
ಗಟ್ಟಿಯಾದ,adjective,1611,ಯಾವುದರಿಂದಲೂ ಹಿಂದೆ ಸರಿಯದ ಅಥವಾ ವಿಮುಕನಾಗಿ ನಡೆಯದ ಗುಣ,"[""ದೃಢವಾದ"", ""ದೃಢವಾಗಿರುವ"", ""ನಿಶ್ಚಲವಾಗಿರುವ"", ""ಸ್ಥಿರವಾಗಿ_ನಿಲ್ಲುವ"", ""ಸ್ಥಿರವಾದ"", ""ಗಟ್ಟಿಯಾದ"", ""ಅಚಲವಾದ"", ""ವಿಮುಖನಲ್ಲದ"", ""ಪಲಾಯನ_ಮಾಡದ""]"
ಗಟ್ಟಿಯಾದ,adjective,1612,"ಛಿದ್ರವಾಗದ, ಒಡೆಯಲಾಗದ, ಯಾವುದೇ ಸಂಗತಿ ಅಥವಾ ವಸ್ತು","[""ಗಟ್ಟಿಯಾದ"", ""ಅಖಂಡನೀಯ"", ""ಕಡಿಯಲಾಗದ"", ""ಅನಾಕ್ರಮಣೀಯ""]"
ಗಟ್ಟಿಯಾದ,adjective,16370,ಯಾವುದೋ ಒಂದಕ್ಕೆ ನೀರನ್ನು ಬೆರೆಸಿ ತೆಳುವಾಗಿ ಮಾಡಿಲ್ಲದ (ಕಬ್ಬಿನ ಹಾಲು),"[""ಗಟ್ಟಿಯಾದ"", ""ಗಟ್ಟಿಯಾದಂತ"", ""ಗಟ್ಟಿಯಾದಂತಹ""]"
ಗಟ್ಟಿಯಾದ,adjective,2433,ಯಾರೋ ಒಬ್ಬರು ನಿರ್ಣಯ ಬದಲಾಯಿಸದೇ ಇರುವುದು,"[""ದೃಡ"", ""ದೃಡವಾದ"", ""ದೃಡವಾದಂತ"", ""ದೃಡವಾದಂತಹ"", ""ಗಟ್ಟಿಯಾದ"", ""ಗಟ್ಟಿಯಾದಂತ"", ""ಗಟ್ಟಿಯಾದಂತಹ""]"
ಗಟ್ಟಿಯಾದ,adjective,4003,ನಿಶ್ಚಿಂತ ಆಯತದ ಅಥವಾ ಆಕಾರವಿರುವ ಅಥವಾ ದ್ರವೀಕರಣವಲ್ಲದ,"[""ಘನವಾದ"", ""ಘನವಾದಂತ"", ""ಘನವಾದಂತಹ"", ""ದೃಢವಾದ"", ""ದೃಢವಾದಂತ"", ""ದೃಢವಾದಂತಹ"", ""ಗಟ್ಟಿಯಾದ"", ""ಗಟ್ಟಿಯಾದಂತ"", ""ಗಟ್ಟಿಯಾದಂತಹ""]"
ಗಟ್ಟಿಯಾದ,adjective,4022,ಬಲಿಷ್ಟವಾಗಿರುವ ಅಥವಾ ಸುಲಭವಾಗಿ ಮುರಿಯಲು ಆಗದ,"[""ಗಟ್ಟಿಮುಟ್ಟಾದ"", ""ಗಟ್ಟಿಮುಟ್ಟಾದಂತ"", ""ಗಟ್ಟಿಮುಟ್ಟಾದಂತಹ"", ""ಗಟ್ಟಿಯಾದ"", ""ಗಟ್ಟಿಯಾದಂತ"", ""ಗಟ್ಟಿಯಾದಂತಹ"", ""ಬಿಲಿಷ್ಟವಾದ"", ""ಬಿಲಿಷ್ಟವಾದಂತ"", ""ಬಿಲಿಷ್ಟವಾದಂತಹ"", ""ಭದ್ರವಾದ"", ""ಭದ್ರವಾದಂತ"", ""ಭದ್ರವಾದಂತಹ""]"
ಗಟ್ಟಿಯಾದ,adjective,6010,ಮಾಮೂಲಿಗಿಂತ ಸ್ವಲ್ಪ ಜೋರಾದ,"[""ಗಟ್ಟಿಯಾದ"", ""ಗಟ್ಟಿಯಾದ"", ""ಗಟ್ಟಿಯಾದಂತ"", ""ಗಟ್ಟಿಯಾದಂತಹ"", ""ಜೋರಾದ"", ""ಜೋರಾದಂತ"", ""ಜೋರಾದಂತಹ"", ""ತೀವ್ರವಾದ"", ""ತೀವ್ರವಾದಂತ"", ""ತೀವ್ರವಾದಂತಹ""]"
ಗಟ್ಟಿಯಾದ,adjective,6727,ನೀರಿನ ಅಂಶ ಕಡಿಮೆಯಿರುವ,"[""ಗಟ್ಟಿ"", ""ಗಟ್ಟಿಯಾದ"", ""ಗಟ್ಟಿಯಾದಂತ"", ""ಗಟ್ಟಿಯಾದಂತಹ"", ""ಗಾಢ"", ""ಗಾಢವಾದ"", ""ಗಾಢವಾದಂತ"", ""ಗಾಢವಾದಂತಹ""]"
ಗಟ್ಟಿಯಾದ,adjective,918,ಸ್ಥಿರವಾದ ಮನಸ್ಸಿನಿಂದ ಏನನ್ನಾದರೂ ಮಾಡುವುದು,"[""ದೃಢವಾದ"", ""ದೃಢವಾದಂತ"", ""ದೃಢವಾದಂತಹ"", ""ಗಟ್ಟಿಯಾದ"", ""ಗಟ್ಟಿಯಾದಂತ"", ""ಗಟ್ಟಿಯಾದಂತಹ"", ""ಭದ್ರವಾದ"", ""ಭದ್ರವಾದಂತ"", ""ಭದ್ರವಾದಂತಹ"", ""ಸ್ಥಿರವಾದ"", ""ಸ್ಥಿರವಾದಂತ"", ""ಸ್ಥಿರವಾದಂತಹ""]"
ಸ್ಥಿರವಾದ,adjective,15503,ಸಮನಾಗಿರುವಂತ ಅಥವಾ ಕೆಲವನ್ನು ಮಾಡುವುಂತಹ ಅಥವಾ ನಿರಂತರವಾಗಿ ಮಾಡಲ್ಪಟ್ಟ,"[""ಸ್ಥಿರವಾದ"", ""ಸ್ಥಿರವಾದಂತ"", ""ಸ್ಥಿರವಾದಂತಹ"", ""ಸ್ಥಿರವಾಗಿರುವ"", ""ಸ್ಥಿರವಾಗಿರುವಂತ"", ""ಸ್ಥಿರವಾಗಿರುವಂತಹ"", ""ದೃಢವಾದ"", ""ದೃಢವಾದಂತ"", ""ದೃಢವಾದಂತಹ"", ""ದೃಢವಾಗಿರುವ"", ""ದೃಢವಾಗಿರುವಂತ"", ""ದೃಢವಾಗಿರುವಂತಹ"", ""ಅಳಿಸಲಾರದ"", ""ಅಳಿಸಲಾರದಂತ"", ""ಅಳಿಸಲಾರದಂತಹ"", ""ನಾಶವಾಗಲಾರದ"", ""ನಾಶವಾಗಲಾರದಂತ"", ""ನಾಶವಾಗಲಾರದಂತಹ""]"
ಸ್ಥಿರವಾದ,adjective,15505,ತುಂಬಾ ದಿನಗಳವರೆವಿಗೂ ಉಳಿಯುವಂತಹ,"[""ಸ್ಥಿರವಾದ"", ""ಸ್ಥಿರವಾದಂತ"", ""ಸ್ಥಿರವಾದಂತಹ"", ""ಶಾಶ್ವತವಾದ"", ""ಶಾಶ್ವತವಾದಂತ"", ""ಶಾಶ್ವತವಾದಂತಹ"", ""ಚಿರಕಾಲವಿರುವ"", ""ಚಿರಕಾಲವಿರುವಂತ"", ""ಚಿರಕಾಲವಿರುವಂತಹ"", ""ಚಿರಸ್ಥಾಯಿಯಾದ"", ""ಚಿರಸ್ಥಾಯಿಯಾದಂತ"", ""ಚಿರಸ್ಥಾಯಿಯಾದಂತಹ"", ""ಕಾಯಂ_ಆದ"", ""ಕಾಯಂ_ಆದಂತ"", ""ಕಾಯಂ_ಆದಂತಹ"", ""ಕಾಯಂ_ಆದ"", ""ಕಾಯಂ_ಆದಂತ"", ""ಕಾಯಂ_ಆದಂತಹ""]"
ಸ್ಥಿರವಾದ,adjective,1611,ಯಾವುದರಿಂದಲೂ ಹಿಂದೆ ಸರಿಯದ ಅಥವಾ ವಿಮುಕನಾಗಿ ನಡೆಯದ ಗುಣ,"[""ದೃಢವಾದ"", ""ದೃಢವಾಗಿರುವ"", ""ನಿಶ್ಚಲವಾಗಿರುವ"", ""ಸ್ಥಿರವಾಗಿ_ನಿಲ್ಲುವ"", ""ಸ್ಥಿರವಾದ"", ""ಗಟ್ಟಿಯಾದ"", ""ಅಚಲವಾದ"", ""ವಿಮುಖನಲ್ಲದ"", ""ಪಲಾಯನ_ಮಾಡದ""]"
ಸ್ಥಿರವಾದ,adjective,2420,ಚಂಚಲವಾಗದ ವ್ಯಕ್ತಿ,"[""ಗಂಭೀರ"", ""ಗಂಭೀರವಾದ"", ""ಗಂಭೀರವಾದಂತ"", ""ಗಂಭೀರವಾದಂತಹ"", ""ಶಾಂತ"", ""ಶಾಂತವಾದ"", ""ಶಾಂತವಾದಂತ"", ""ಶಾಂತವಾದಂತಹ"", ""ಸೌಮ್ಯ"", ""ಸೌಮ್ಯವಾದ"", ""ಸೌಮ್ಯವಾದಂತ"", ""ಸೌಮ್ಯವಾದಂತಹ"", ""ಚಂಚಲವಲ್ಲದ"", ""ಚಂಚಲವಲ್ಲದಂತ"", ""ಚಂಚಲವಲ್ಲದಂತಹ"", ""ಅಚಂಚಲದ"", ""ಅಚಂಚಲವಾದ"", ""ಅಚಂಚಲವಾದಂತ"", ""ಅಚಂಚಲವಾದಂತಹ"", ""ಸ್ಥಿರ"", ""ಸ್ಥಿರವಾದ"", ""ಸ್ಥಿರವಾದಂತ"", ""ಸ್ಥಿರವಾದಂತಹ"", ""ಸಮಾಧಾನ"", ""ಸಮಾಧಾನವಾದ"", ""ಸಮಾಧಾನವಾದಂತ"", ""ಸಮಾಧಾನವಾದಂತಹ""]"
ಸ್ಥಿರವಾದ,adjective,25572,"ಸುಲಭವಾಗಿ ಜಗ್ಗದೆ, ಒಡೆಯದೆ, ಹೆದರದೆ, ಮುರಿಯದೆ, ಹರಿಯದೆ, ಸವೆಯದೆ ಇರುವ ಸ್ಥಿತಿ ಅಥವಾ ಅಂತಹ ಗಟ್ಟಿತನ","[""ಬಲವಾದ"", ""ಬಲವಾದಂತ"", ""ಬಲವಾದಂತಹ"", ""ದೃಢವಾದ"", ""ದೃಢವಾದಂತ"", ""ದೃಢವಾದಂತಹ"", ""ಸ್ಥಿರವಾದ"", ""ಸ್ಥಿರವಾದಂತ"", ""ಸ್ಥಿರವಾದಂತಹ"", ""ಅಚಲವಾದ"", ""ಅಚಲವಾದಂತ"", ""ಅಚಲವಾದಂತಹ"", ""ಭದ್ರವಾದ"", ""ಭದ್ರವಾದಂತ"", ""ಭದ್ರವಾದಂತಹ""]"
ಸ್ಥಿರವಾದ,adjective,26361,ಯಾವುದರಲ್ಲಿ ತರಂಗಗಳು ಏಳುತ್ತಿಲ್ಲವೋ,"[""ಸ್ಥಿರವಾದ"", ""ಸ್ಥಿರವಾದಂತ"", ""ಸ್ಥಿರವಾದಂತಹ"", ""ನಿಂತಿರುವ"", ""ನಿಂತಿರುವಂತ"", ""ನಿಂತಿರುವಂತಹ"", ""ತರಂಗವಿಲ್ಲದ"", ""ತರಂಗವಿಲ್ಲದಂತ"", ""ತರಂಗವಿಲ್ಲದಂತಹ"", ""ಶಾಂತವಾದ"", ""ಶಾಂತವಾದಂತ"", ""ಶಾಂತವಾದಂತಹ""]"
ಸ್ಥಿರವಾದ,adjective,26906,ಯಾವುದರಲ್ಲಿ ಬದಲಾವಣೆಯಿಲ್ಲವೋ ಅಥವಾ ಇಲ್ಲಿ-ಇಲ್ಲಿ ಇಡಲಾಗುವುದಿಲ್ಲವೋ ಅಥವಾ ಒಂದೇ ಸ್ಥತಿಯಲ್ಲಿರುವಂತಹ,"[""ಸ್ಥಿರವಾದ"", ""ಅಚಲವಾದ"", ""ದೃಢವಾದ""]"
ಸ್ಥಿರವಾದ,adjective,31274,ಸ್ವಂತವಾಗಿ ಇಟ್ಟುಕೊಳ್ಳಲು ಯೋಗ್ಯವಾದ,"[""ಸ್ಥಿರವಾದ"", ""ಸ್ವಂತ""]"
ಸ್ಥಿರವಾದ,adjective,35365,ಯಾವುದು ನಮ್ಮ ಪ್ರಸ್ತುತ ಅಥವಾ ವರ್ತಮಾನ ರೂಪ ಅಥವಾ ಸ್ಥಿತಿಯಲ್ಲಿದ್ದು ಅದನ್ನೇ ಮುಂದುವರೆಸಿಕೊಂಡು ಹೋಗುವ,"[""ಸ್ಥಿರವಾದ"", ""ಸ್ಥಿರವಾದಂತ"", ""ಸ್ಥಿರವಾದಂತಹ"", ""ದೃಢವಾದ"", ""ದೃಢವಾದಂತ"", ""ದೃಢವಾದಂತಹ"", ""ಖಾಯಂ_ಇರುವ""]"
ಸ್ಥಿರವಾದ,adjective,447,"ಹರಿಯುವಿಕೆ, ಸಾಗುವಿಕೆ ಇಲ್ಲದ ಸ್ಥಗಿತ ಸ್ಥಿತಿ","[""ನಿಂತ"", ""ನಿಂತಂತ"", ""ನಿಂತಂತಹ"", ""ಸ್ಥಗಿತ"", ""ಸ್ಥಗಿತವಾದ"", ""ಸ್ಥಗಿತವಾದಂತ"", ""ಸ್ಥಗಿತವಾದಂತಹ"", ""ಸ್ಥಿರ"", ""ಸ್ಥಿರವಾದ"", ""ಸ್ಥಿರವಾದಂತ"", ""ಸ್ಥಿರವಾದಂತಹ""]"
ಸ್ಥಿರವಾದ,adjective,6944,ಒಂದು ಸ್ಥಾನದಿಂದ ಇನ್ನೊಂದು ಸ್ಥಾನಕ್ಕೆ ಕೊಂಡೊಯ್ಯಲಾರದಂಥ,"[""ಸ್ಥಿರ"", ""ಸ್ಥಿರವಾದ"", ""ಸ್ಥಿರವಾದಂತ"", ""ಸ್ಥಿರವಾದಂತಹ""]"
ಸ್ಥಿರವಾದ,adjective,918,ಸ್ಥಿರವಾದ ಮನಸ್ಸಿನಿಂದ ಏನನ್ನಾದರೂ ಮಾಡುವುದು,"[""ದೃಢವಾದ"", ""ದೃಢವಾದಂತ"", ""ದೃಢವಾದಂತಹ"", ""ಗಟ್ಟಿಯಾದ"", ""ಗಟ್ಟಿಯಾದಂತ"", ""ಗಟ್ಟಿಯಾದಂತಹ"", ""ಭದ್ರವಾದ"", ""ಭದ್ರವಾದಂತ"", ""ಭದ್ರವಾದಂತಹ"", ""ಸ್ಥಿರವಾದ"", ""ಸ್ಥಿರವಾದಂತ"", ""ಸ್ಥಿರವಾದಂತಹ""]"
ಕಠಿಣವಾದಂತಹ,adjective,13388,ತುಂಬಾ ಕಠೋರ ಅಥವಾ ಬಿರುಸಾದಂತಹ,"[""ಕಠಿಣ"", ""ಕಠಿಣವಾದ"", ""ಕಠಿಣವಾದಂತ"", ""ಕಠಿಣವಾದಂತಹ""]"
ಕಠಿಣವಾದಂತಹ,adjective,13855,ಯಾವುದು ಸುಲಭವಾಗಿ ಅಥವಾ ಸಹಜತೆಯಿಂದ ತಿಳಿದುಕೊಳ್ಳಲಾಗುವುದಿಲ್ಲವೋ,"[""ಗೂಢವಾದ"", ""ಗೂಢವಾದಂತ"", ""ಗೂಢವಾದಂತಹ"", ""ಕಠಿಣವಾದ"", ""ಕಠಿಣವಾದಂತ"", ""ಕಠಿಣವಾದಂತಹ"", ""ಕ್ಲಿಷ್ಟವಾದ"", ""ಕ್ಲಿಷ್ಟವಾದಂತ"", ""ಕ್ಲಿಷ್ಟವಾದಂತಹ""]"
ಕಠಿಣವಾದಂತಹ,adjective,13856,ಬೇಗ ಹಿಡಿಯುವುದಕ್ಕೆ ಸಿಗದಂತಹ ಅಥವಾ ಯಾವುದನ್ನು ಹಿಡಿಯಲು ಕಠಿಣವಾಗಿದೆಯೋ,"[""ಗೂಢವಾದ"", ""ಗೂಢವಾದಂತ"", ""ಗೂಢವಾದಂತಹ"", ""ಕಠಿಣವಾದ"", ""ಕಠಿಣವಾದಂತ"", ""ಕಠಿಣವಾದಂತಹ"", ""ಕ್ಲಿಷ್ಟವಾದ"", ""ಕ್ಲಿಷ್ಟವಾದಂತ"", ""ಕ್ಲಿಷ್ಟವಾದಂತಹ""]"
ಕಠಿಣವಾದಂತಹ,adjective,16286,ಯಾವುದೋ ಒಂದು ಪೂರ್ಣವಾಗಿ ಅಥವಾ ಸುಲಭವಾಗಿ ಅರ್ಥವಾಗುವುದಿಲ್ಲವೋ,"[""ಕಠಿಣವಾದ"", ""ಕಠಿಣವಾದಂತ"", ""ಕಠಿಣವಾದಂತಹ"", ""ಕಷ್ಟವಾದ"", ""ಕಷ್ಟವಾದಂತ"", ""ಕಷ್ಟವಾದಂತಹ"", ""ಕ್ಲಿಷ್ಟವಾದ"", ""ಕ್ಲಿಷ್ಟವಾದಂತ"", ""ಕ್ಷಿಷ್ಟವಾದಂತಹ""]"
ಕಠಿಣವಾದಂತಹ,adjective,22109,ಯಾವುದನ್ನು ಪೂರ್ಣ ಮಾಡುವುದು ಕಠಿಣವೋ,"[""ಕಠಿಣವಾದ"", ""ಕಠಿಣವಾದಂತ"", ""ಕಠಿಣವಾದಂತಹ""]"
ಕಠಿಣವಾದಂತಹ,adjective,23070,ಯಾವುದು ಬಹು ಬೇಗನೆ ಅರ್ಥಮಾಡಿಕೊಳ್ಳಲು ಸಾಧ್ಯವಿಲ್ಲವೋ,"[""ಕಠಿಣವಾದ"", ""ಕಠಿಣವಾದಂತ"", ""ಕಠಿಣವಾದಂತಹ"", ""ಸುಲಭವಲ್ಲದ"", ""ಸುಲಭವಲ್ಲದಂತ"", ""ಸುಲಭವಲ್ಲದಂತಹ"", ""ಕಷ್ಟಕರವಾದ"", ""ಕಷ್ಟಕರವಾದಂತ"", ""ಕಷ್ಟಕರವಾದಂತಹ""]"
ಕಠಿಣವಾದಂತಹ,adjective,2347,ಯಾವುದೋ ಒಂದು ಪ್ರದೇಶಕ್ಕೆ ಹೋಗಲು ಯೋಗ್ಯವಲ್ಲವೋ,"[""ಕಠಿಣ"", ""ಕಠಿಣವಾದ"", ""ಕಠಿಣವಾದಂತ"", ""ಕಠಿಣವಾದಂತಹ"", ""ಕಷ್ಟವಾದ"", ""ಕಷ್ಟವಾದಂತ"", ""ಕಷ್ಟವಾದಂತಹ"", ""ಕ್ಲಿಷ್ಟವಾದ"", ""ಕ್ಲಿಷ್ಟವಾದಂತ"", ""ಕ್ಲಿಷ್ಟವಾದಂತಹ"", ""ದುರ್ಗಮ"", ""ದುರ್ಗಮವಾದ"", ""ದುರ್ಗಮವಾದಂತ"", ""ದುರ್ಗಮವಾದಂತಹ"", ""ಅಗಮ್ಯ"", ""ಅಗಮ್ಯವಾದ"", ""ಅಗಮ್ಯವಾದಂತ"", ""ಅಗಮ್ಯವಾದಂತಹ"", ""ದುರ್ಗಮ್ಯ"", ""ದುರ್ಗಮ್ಯವಾದ"", ""ದುರ್ಗಮ್ಯವಾದಂತ"", ""ದುರ್ಗಮ್ಯವಾದಂತಹ"", ""ಅನಾಗಮ್ಯ"", ""ಅನಾಗಮ್ಯವಾದ"", ""ಅನಾಗಮ್ಯವಾದಂತ"", ""ಅನಾಗಮ್ಯವಾದಂತಹ""]"
ಕಠಿಣವಾದಂತಹ,adjective,26844,ಒಂದು ಇನ್ನೊಂದಕ್ಕೆ ಸೇರಿಸಿ ಗಂಟು ಹಾಕಿಕೊಂಡಿರುವಂತಹ,"[""ಜಠಿಲ"", ""ಜಠಿಲವಾದ"", ""ಜಠಿಲವಾದಂತಹ"", ""ಕಠಿಣ"", ""ಕಠಿಣವಾದ"", ""ಕಠಿಣವಾದಂತಹ""]"
ಕಠಿಣವಾದಂತಹ,adjective,3194,"ಯಾವುದೇ ವಸ್ತು ಸಂಗತಿಯನ್ನು ಪಳಗಿಸಲು, ಸಡಿಲಿಸಲು, ಅಲುಗಾಡಿಸಲು, ಒಡೆಯಲು ಮುಂತಾದ ಕ್ರಿಯೆಗಳು ಸಾಧ್ಯವಾಗದೇ ಇರುವ ಸ್ಥಿತಿ","[""ಅಸಾಧ್ಯ"", ""ಅಸಾಧ್ಯವಾದ"", ""ಅಸಾಧ್ಯವಾದಂತ"", ""ಅಸಾಧ್ಯವಾದಂತಹ"", ""ಕಠಿಣವಾದ"", ""ಕಠಿಣವಾದಂತ"", ""ಕಠಿಣವಾದಂತಹ""]"
ಕಠಿಣವಾದಂತಹ,adjective,38348,ಯಾವುದು ಅಧಿಕಾ ಪ್ರಮಾಣದಲ್ಲಿ ಇರುವ ಕಾರಣದಿಂದ ಅದನ್ನು ಸಹಿಸಿಕೊಳ್ಳುವುದು ಕಠಿಣವಾಗಿರುತ್ತದೆಯೋ,"[""ಬಿರುಸು"", ""ಬಿರುಸಾದ"", ""ಬಿರುಸಾದಂತ"", ""ಬಿರುಸಾದಂತಹ"", ""ಕಠೋರ"", ""ಕಠೋರವಾದ"", ""ಕಠೋರವಾದಂತ"", ""ಕಠೋರವಾದಂತಹ"", ""ಕಠಿಣ"", ""ಕಠಿಣವಾದ"", ""ಕಠಿಣವಾದಂತ"", ""ಕಠಿಣವಾದಂತಹ""]"
ಕಠಿಣವಾದಂತಹ,adjective,4177,ತುಂಬಾ ಒರಟಾದ ಅಥವಾ ಕಿವಿಗೆ ಕೇಳಲಿಕ್ಕೆ ಸಾಧ್ಯವಾಗದಂತಹ ಧ್ವನಿ ಅಥವಾ ಶಬ್ದ,"[""ಕರ್ಕಶ"", ""ಕರ್ಕಶವಾದ"", ""ಕರ್ಕಶವಾದಂತ"", ""ಕರ್ಕಶವಾದಂತಹ"", ""ಕಠೋರ"", ""ಕಠೋರವಾದ"", ""ಕಠೋರವಾದಂತ"", ""ಕಠೋರವಾದಂತಹ"", ""ಕಠಿಣ"", ""ಕಠಿಣವಾದ"", ""ಕಠಿಣವಾದಂತ"", ""ಕಠಿಣವಾದಂತಹ""]"
ಕಠಿಣವಾದಂತ,adjective,13388,ತುಂಬಾ ಕಠೋರ ಅಥವಾ ಬಿರುಸಾದಂತಹ,"[""ಕಠಿಣ"", ""ಕಠಿಣವಾದ"", ""ಕಠಿಣವಾದಂತ"", ""ಕಠಿಣವಾದಂತಹ""]"
ಕಠಿಣವಾದಂತ,adjective,13855,ಯಾವುದು ಸುಲಭವಾಗಿ ಅಥವಾ ಸಹಜತೆಯಿಂದ ತಿಳಿದುಕೊಳ್ಳಲಾಗುವುದಿಲ್ಲವೋ,"[""ಗೂಢವಾದ"", ""ಗೂಢವಾದಂತ"", ""ಗೂಢವಾದಂತಹ"", ""ಕಠಿಣವಾದ"", ""ಕಠಿಣವಾದಂತ"", ""ಕಠಿಣವಾದಂತಹ"", ""ಕ್ಲಿಷ್ಟವಾದ"", ""ಕ್ಲಿಷ್ಟವಾದಂತ"", ""ಕ್ಲಿಷ್ಟವಾದಂತಹ""]"
ಕಠಿಣವಾದಂತ,adjective,13856,ಬೇಗ ಹಿಡಿಯುವುದಕ್ಕೆ ಸಿಗದಂತಹ ಅಥವಾ ಯಾವುದನ್ನು ಹಿಡಿಯಲು ಕಠಿಣವಾಗಿದೆಯೋ,"[""ಗೂಢವಾದ"", ""ಗೂಢವಾದಂತ"", ""ಗೂಢವಾದಂತಹ"", ""ಕಠಿಣವಾದ"", ""ಕಠಿಣವಾದಂತ"", ""ಕಠಿಣವಾದಂತಹ"", ""ಕ್ಲಿಷ್ಟವಾದ"", ""ಕ್ಲಿಷ್ಟವಾದಂತ"", ""ಕ್ಲಿಷ್ಟವಾದಂತಹ""]"
ಕಠಿಣವಾದಂತ,adjective,16286,ಯಾವುದೋ ಒಂದು ಪೂರ್ಣವಾಗಿ ಅಥವಾ ಸುಲಭವಾಗಿ ಅರ್ಥವಾಗುವುದಿಲ್ಲವೋ,"[""ಕಠಿಣವಾದ"", ""ಕಠಿಣವಾದಂತ"", ""ಕಠಿಣವಾದಂತಹ"", ""ಕಷ್ಟವಾದ"", ""ಕಷ್ಟವಾದಂತ"", ""ಕಷ್ಟವಾದಂತಹ"", ""ಕ್ಲಿಷ್ಟವಾದ"", ""ಕ್ಲಿಷ್ಟವಾದಂತ"", ""ಕ್ಷಿಷ್ಟವಾದಂತಹ""]"
ಕಠಿಣವಾದಂತ,adjective,22109,ಯಾವುದನ್ನು ಪೂರ್ಣ ಮಾಡುವುದು ಕಠಿಣವೋ,"[""ಕಠಿಣವಾದ"", ""ಕಠಿಣವಾದಂತ"", ""ಕಠಿಣವಾದಂತಹ""]"
ಕಠಿಣವಾದಂತ,adjective,23070,ಯಾವುದು ಬಹು ಬೇಗನೆ ಅರ್ಥಮಾಡಿಕೊಳ್ಳಲು ಸಾಧ್ಯವಿಲ್ಲವೋ,"[""ಕಠಿಣವಾದ"", ""ಕಠಿಣವಾದಂತ"", ""ಕಠಿಣವಾದಂತಹ"", ""ಸುಲಭವಲ್ಲದ"", ""ಸುಲಭವಲ್ಲದಂತ"", ""ಸುಲಭವಲ್ಲದಂತಹ"", ""ಕಷ್ಟಕರವಾದ"", ""ಕಷ್ಟಕರವಾದಂತ"", ""ಕಷ್ಟಕರವಾದಂತಹ""]"
ಕಠಿಣವಾದಂತ,adjective,2347,ಯಾವುದೋ ಒಂದು ಪ್ರದೇಶಕ್ಕೆ ಹೋಗಲು ಯೋಗ್ಯವಲ್ಲವೋ,"[""ಕಠಿಣ"", ""ಕಠಿಣವಾದ"", ""ಕಠಿಣವಾದಂತ"", ""ಕಠಿಣವಾದಂತಹ"", ""ಕಷ್ಟವಾದ"", ""ಕಷ್ಟವಾದಂತ"", ""ಕಷ್ಟವಾದಂತಹ"", ""ಕ್ಲಿಷ್ಟವಾದ"", ""ಕ್ಲಿಷ್ಟವಾದಂತ"", ""ಕ್ಲಿಷ್ಟವಾದಂತಹ"", ""ದುರ್ಗಮ"", ""ದುರ್ಗಮವಾದ"", ""ದುರ್ಗಮವಾದಂತ"", ""ದುರ್ಗಮವಾದಂತಹ"", ""ಅಗಮ್ಯ"", ""ಅಗಮ್ಯವಾದ"", ""ಅಗಮ್ಯವಾದಂತ"", ""ಅಗಮ್ಯವಾದಂತಹ"", ""ದುರ್ಗಮ್ಯ"", ""ದುರ್ಗಮ್ಯವಾದ"", ""ದುರ್ಗಮ್ಯವಾದಂತ"", ""ದುರ್ಗಮ್ಯವಾದಂತಹ"", ""ಅನಾಗಮ್ಯ"", ""ಅನಾಗಮ್ಯವಾದ"", ""ಅನಾಗಮ್ಯವಾದಂತ"", ""ಅನಾಗಮ್ಯವಾದಂತಹ""]"
ಕಠಿಣವಾದಂತ,adjective,3194,"ಯಾವುದೇ ವಸ್ತು ಸಂಗತಿಯನ್ನು ಪಳಗಿಸಲು, ಸಡಿಲಿಸಲು, ಅಲುಗಾಡಿಸಲು, ಒಡೆಯಲು ಮುಂತಾದ ಕ್ರಿಯೆಗಳು ಸಾಧ್ಯವಾಗದೇ ಇರುವ ಸ್ಥಿತಿ","[""ಅಸಾಧ್ಯ"", ""ಅಸಾಧ್ಯವಾದ"", ""ಅಸಾಧ್ಯವಾದಂತ"", ""ಅಸಾಧ್ಯವಾದಂತಹ"", ""ಕಠಿಣವಾದ"", ""ಕಠಿಣವಾದಂತ"", ""ಕಠಿಣವಾದಂತಹ""]"
ಕಠಿಣವಾದಂತ,adjective,38348,ಯಾವುದು ಅಧಿಕಾ ಪ್ರಮಾಣದಲ್ಲಿ ಇರುವ ಕಾರಣದಿಂದ ಅದನ್ನು ಸಹಿಸಿಕೊಳ್ಳುವುದು ಕಠಿಣವಾಗಿರುತ್ತದೆಯೋ,"[""ಬಿರುಸು"", ""ಬಿರುಸಾದ"", ""ಬಿರುಸಾದಂತ"", ""ಬಿರುಸಾದಂತಹ"", ""ಕಠೋರ"", ""ಕಠೋರವಾದ"", ""ಕಠೋರವಾದಂತ"", ""ಕಠೋರವಾದಂತಹ"", ""ಕಠಿಣ"", ""ಕಠಿಣವಾದ"", ""ಕಠಿಣವಾದಂತ"", ""ಕಠಿಣವಾದಂತಹ""]"
ಕಠಿಣವಾದಂತ,adjective,4177,ತುಂಬಾ ಒರಟಾದ ಅಥವಾ ಕಿವಿಗೆ ಕೇಳಲಿಕ್ಕೆ ಸಾಧ್ಯವಾಗದಂತಹ ಧ್ವನಿ ಅಥವಾ ಶಬ್ದ,"[""ಕರ್ಕಶ"", ""ಕರ್ಕಶವಾದ"", ""ಕರ್ಕಶವಾದಂತ"", ""ಕರ್ಕಶವಾದಂತಹ"", ""ಕಠೋರ"", ""ಕಠೋರವಾದ"", ""ಕಠೋರವಾದಂತ"", ""ಕಠೋರವಾದಂತಹ"", ""ಕಠಿಣ"", ""ಕಠಿಣವಾದ"", ""ಕಠಿಣವಾದಂತ"", ""ಕಠಿಣವಾದಂತಹ""]"
ಒಣಗಿದ,adjective,10057,"ಯಾವುದೇ ವಸ್ತು, ಪದಾರ್ಥ ಮುಂತಾದವುಗಳು ಖಾಲಿಯಾದ ಅಥವಾ ಇಲ್ಲದ","[""ಬತ್ತಿಹೋದ"", ""ಒಣಗಿದ""]"
ಒಣಗಿದ,adjective,12848,ಚಳಿಗಾಳದಲ್ಲಿ ಮರದ ಎಲೆಗಳೆಲ್ಲಾ ಉದುರಿ ಹೋಗುತ್ತದೆ,"[""ಒಣಗಿದ""]"
ಒಣಗಿದ,adjective,12849,ಯಾವುದು ಒಣಗಿ ಹೋಗಿದೆಯೋ,"[""ಒಣಗಿದ"", ""ಒಣಗಿದಂತ"", ""ಒಣಗಿದಂತಹ""]"
ಒಣಗಿದ,adjective,19110,"ಯಾವುದರಲ್ಲಿ ಎಣ್ಣೆ, ತುಪ್ಪ ಮೊದಲಾದ ಜಿಟ್ಟಿನ ವಸ್ತುವಿಲ್ಲವೋ","[""ಒಣತನ"", ""ಒಣಗಿದ"", ""ಒಣಗಿದಂತ"", ""ಒಣಗಿದಂತಹ"", ""ಶುಷ್ಕತೆ"", ""ಶುಷ್ಕತೆಯ"", ""ಶುಷ್ಕತೆಯಂತ"", ""ಶುಷ್ಕತೆಯಂತಹ"", ""ನೀರಸವಾದ"", ""ನೀರಸವಾದಂತ"", ""ನೀರಸವಾದಂತಹ"", ""ರಸಹೀನವಾದ"", ""ರಸಹೀನವಾದಂತ"", ""ರಸಹೀನವಾದಂತಹ""]"
ಒಣಗಿದ,adjective,32769,ಯಾವುದು ಒಣಗಿ ಹೋಗಿದೆಯೋ,"[""ಒಣಗಿದ"", ""ಒಣಗಿದಂತ"", ""ಒಣಗಿದಂತಹ"", ""ಬಾಡಿದ"", ""ಬಾಡಿದಂತ"", ""ಬಾಡಿದಂತಹ""]"
ಒಣಗಿದ,adjective,35927,ಒಣಗಿದ ಅಥವಾ ಬಾಡಿದಂತಹ,"[""ಒಣಗಿದ"", ""ಒಣಗಿದಂತ"", ""ಒಣಗಿದಂತಹ"", ""ಬಾಡಿದ"", ""ಬಾಡಿದಂತ"", ""ಬಾಡಿದಂತಹ"", ""ಸೊರಗಿದ"", ""ಸೊರಗಿದಂತ"", ""ಸೊರಗಿದಂತಹ""]"
ಒಣಗಿದ,adjective,4021,ಯಾವುದೋ ಒಂದು ಒದ್ದೆ ಅಥವಾ ಶುಷ್ಕವಾದಂತಹ,"[""ಒಣಗಿದ"", ""ಒಣಗಿದಂತ"", ""ಒಣಗಿದಂತಹ"", ""ನಿಸ್ತೇಜ"", ""ನಿಸ್ತೇಜವಾದ"", ""ನಿಸ್ತೇಜವಾದಂತ"", ""ನಿಸ್ತೇಜವಾದಂತಹ"", ""ಶುಷ್ಕ"", ""ಶುಷ್ಕವಾದ"", ""ಶುಷ್ಕವಾದಂತ"", ""ಶುಷ್ಕವಾದಂತಹ""]"
ಒಣಗಿದ,adjective,5795,"ಎಲೆ, ಹೂವುಗಳಿಲ್ಲದ, ಬೋಳಾದಂತಹ","[""ಒಣಗಿದ"", ""ಒಣಗಿದಂತ"", ""ಒಣಗಿದಂತಹ""]"
ಒಣಗಿದ,adjective,8078,ಯಾವುದೋ ಒಂದರಲ್ಲಿ ಜೀವಂತವಾಗಿ ಇರಲು ಶಕ್ತಿ ಇಲ್ಲದಿರುವ,"[""ಒಣಗಿದ"", ""ಒಣ""]"
ಒಳ್ಳೆಯ,adjective,10186,ಯಾವುದು ಹೇಗೆ ನಡೆಯಬೇಕೊ ಹಾಗೆ ಆಗಬೇಕು,"[""ಒಳ್ಳೆಯ"", ""ಉಚಿತವಾದ"", ""ಯುಕ್ತವಾದ"", ""ಸರಿಯಾದ"", ""ಯೋಗ್ಯವಾದ"", ""ಲಾಯಕ್ಕಾದ"", ""ಪ್ರಷಸ್ತವಾದ"", ""ಉಪಯುಕ್ತವಾದ""]"
ಒಳ್ಳೆಯ,adjective,11763,ಯಾವುದೋ ಒಂದು ಶುಭಪ್ರದಾಯ ಅಥವಾ ಒಳ್ಳೆಯ ಕೆಲಸವನ್ನು ಮಾಡುವುದು,"[""ಶುಭ"", ""ಪುಣ್ಯ"", ""ಒಳ್ಳೆಯ"", ""ಮಂಗಳದಾಯಕ"", ""ಶುಭವಾದ"", ""ಶುಭಕರವಾದ"", ""ಮಂಗಳಕಾರ್ಯ""]"
ಒಳ್ಳೆಯ,adjective,1672,ಯಾರಿಗೂ ಕೆಟ್ಟದ್ದನ್ನು ಬಯಸದ ಅಥವಾ ಯಾವುದೇ ಸಮಾಜ ಬಾಹಿರ ಕೆಲಸದಲ್ಲಿ ತೊಡಗಿಕೊಳ್ಳದೆ ಒಳ್ಳೆಯ ಗುಣಗಳನ್ನು ಹೊಂದಿದ ವ್ಯಕ್ತಿ,"[""ಸಜ್ಜನ"", ""ಒಳ್ಳೆಯ"", ""ಸಚ್ಚಾರಿತ್ರ್ಯವಂತ"", ""ಶೀಲವಂತ"", ""ಸತ್ಪಜೆ""]"
ಒಳ್ಳೆಯ,adjective,18101,ಬೇರೆಯ ದಿನ ಸಂಭವಿಸುವ,"[""ಉಚಿತವಾದ"", ""ಉಚಿತವಾದಂತ"", ""ಉಚಿತವಾದಂತ"", ""ಒಳ್ಳೆಯ"", ""ಒಳ್ಳೆಯದಾದ"", ""ಒಳ್ಳೆಯದಾದಂತ"", ""ಒಳ್ಳೆಯದಾದಂತಹ""]"
ಒಳ್ಳೆಯ,adjective,28106,ಯಾವುದು ಒಳ್ಳೆಯ ಪ್ರರಿಣಾಮದ ರೂಪದಲ್ಲಿರುವುದೋ,"[""ಒಳ್ಳೆಯ"", ""ಒಳ್ಳೆಯದಾದ"", ""ಒಳ್ಳೆಯದಾಂತ"", ""ಒಳ್ಳೆಯದಾಂತಹ"", ""ಶ್ರೇಷ್ಠವಾದ"", ""ಶ್ರೇಷ್ಠವಾದಂತ"", ""ಶ್ರೇಷ್ಠವಾದಂತಹ"", ""ಉತ್ತಮವಾದ"", ""ಉತ್ತಮವಾದಂತ"", ""ಉತ್ತಮವಾದಂತಹ"", ""ಉತ್ಕೃಷ್ಟವಾದ"", ""ಉತ್ಕೃಷ್ಟವಾದಂತ"", ""ಉತ್ಕೃಷ್ಟವಾದಂತಹ""]"
ಒಳ್ಳೆಯ,adjective,35206,ಸಫಲತೆಯ ಪಲಿತಾಂಶ ದೊರೆಯುವಂತೆ ಮಾಡುವವ,"[""ಒಳ್ಳೆಯ""]"
ಒಳ್ಳೆಯ,adjective,37693,ಶ್ರೇಣಿಯ ಅಥವಾ ಶ್ರೇಣಿಗೆ ಸಂಬಂಧಿಸಿದ,"[""ಒಳ್ಳೆಯ"", ""ಉನ್ನತಮಟ್ಟದ"", ""ಶಿಷ್ಟವಾದ""]"
ಒಳ್ಳೆಯ,adjective,3775,ಇನ್ನೊಂದಕ್ಕಿಂತ ಅಥವಾ ಇತರರಿಗಿಂತ ಹೆಚ್ಚು ಒಳ್ಳೆಯದಾದ ಗುಣ ಅಥವಾ ಸ್ಥಿತಿ,"[""ಉತ್ತಮ"", ""ಉತ್ತಮವಾದ"", ""ಉತ್ತಮವಾದಂತ"", ""ಉತ್ತಮವಾದಂತಹ"", ""ಉನ್ನತ"", ""ಉನ್ನತವಾದ"", ""ಉನ್ನತವಾದಂತ"", ""ಉನ್ನತವಾದಂತಹ"", ""ಒಳ್ಳೆಯ"", ""ಒಳ್ಳೆಯವನಾದ"", ""ಒಳ್ಳೆಯವನಾದಂತ"", ""ಒಳ್ಳೆಯವನಾದಂತಹ"", ""ಚೆನ್ನಾದ"", ""ಚೆನ್ನಾದಂತ"", ""ಚೆನ್ನಾದಂತಹ"", ""ಮೇಲಾದ"", ""ಮೇಲಾದಂತ"", ""ಮೇಲಾದಂತಹ""]"
ಒಳ್ಳೆಯ,adjective,7438,ಬಹಳ ಅವಶ್ಯಕವಾದ,"[""ಅತ್ಯುತ್ತಮ"", ""ಉತ್ತಮವಾದ"", ""ಅವಶ್ಯವಾದ"", ""ಒಳ್ಳೆಯ""]"
ನೀಚ,adjective,13177,ಕೆಟ್ಟ ಚರಿತ್ರೆಯನ್ನು ಹೊಂದಿರುವವ,"[""ನೀಚ"", ""ದುಷ್ಟ"", ""ಪಾಪಿಷ್ಟ"", ""ಶೀಲಹೀನ"", ""ಕೆಟ್ಟಚರಿತ್ರೆಯ""]"
ನೀಚ,adjective,13225,ಬಹಳ ದುರುಳ ಅಥವಾ ನೀಚರಾಗಿರುವ,"[""ತುಚ್ಚ"", ""ನೀಚ"", ""ದುರುಳ"", ""ಭ್ರಷ್ಟ"", ""ಕ್ಷುದ್ರ"", ""ಕೀಳು_ವರ್ತನೆಯ"", ""ದುಷ್ಟ"", ""ಕ್ರೂರ""]"
ನೀಚ,adjective,1364,ಕೆಟ್ಟ ಕೆಲಸಗಳನ್ನು ಮಾಡುವವ ಅಥವಾ ನೀಚ ಕೆಲಸಗಳಲ್ಲಿ ತೊಡಗಿಕೊಂಡವ,"[""ದುಷ್ಕರ್ಮಿ"", ""ದುರುಳ"", ""ಕೆಟ್ಟವ"", ""ಪಾಪಿತನದ"", ""ದುರ್ನಡತೆಯ"", ""ನೀಚ"", ""ಅಧರ್ಮಿ""]"
ನೀಚ,adjective,2417,ಯಾರು ಪಾಪವನ್ನು ಮಾಡುವರೋ ಅಥವಾ ಪಾಪಿ,"[""ಪಾಪಿಗಳ"", ""ನೀಚತನದ"", ""ಪಾಪಕರ್ಮಿ"", ""ಪಾಪಶೇಷಕರ್ಮಿ"", ""ಅರ್ಧರ್ಮಿ"", ""ಅರ್ಧರ್ಮಿಷ್ಟ"", ""ಪಾಪಿಷ್ಟ"", ""ಪತಿತ"", ""ಅನಾಚಾರಿ"", ""ಪಾತಕಿ"", ""ನೀಚ"", ""ಪಾಪಾತ್ಮ"", ""ಅರ್ಧಮಾತ್ಮ"", ""ಅರ್ಧಮಿಕ"", ""ದುರ್ಮಾಗಿ"", ""ಅಪಮಾರ್ಗಿ""]"
ನೀಚ,adjective,2698,ಅತ್ಯಂತ ಕೆಳ ಮಟ್ಟದ ನಡವಳಿಕೆಯ ಅಥವಾ ಗುಣದ,"[""ಕೆಳ_ಮಟ್ಟದ"", ""ನಿಕೃಷ್ಟ"", ""ನೀಚ"", ""ತುಚ್ಚ"", ""ಹೀನ"", ""ಕೆಳ_ಕರ್ಜೆಯ"", ""ಕ್ಷುದ್ರ"", ""ಅಲ್ಪ"", ""ಕೀಳಾದ"", ""ಅಲ್ಪ_ಮಟ್ಟದ"", ""ಸಣ್ಣತನದ"", ""ಕ್ರೂರ"", ""ಕೇಡಿಗ"", ""ದುಷ್ಟ"", ""ಕಾಟ_ಕೊಡುವ_ಪೀಡಿಸುವ"", ""ಕೆಟ್ಟ_ನಡವಳಿಕೆ""]"
ನೀಚ,adjective,2704,ನೀಚ ಮತ್ತು ದುಷ್ಟ,"[""ಲಫಂಗ"", ""ಪುಂಡಾ"", ""ದುರಾಚಾರಿ"", ""ಅವಿವೇಕಿ"", ""ಅಪ್ರಯೋಜಕ"", ""ದಗಲ್ಬಾಜಿ"", ""ಪಡಪೋಶಿ"", ""ಮೂರ್ಖ"", ""ದುಷ್ಟ"", ""ನೀಚ""]"
ನೀಚ,adjective,2718,ಧರ್ಮದಲ್ಲಿ ನಿಷ್ಠೆ ಅಥವಾ ಶ್ರದ್ಧೆ ಇಲ್ಲದಿರುವ ಅಥವಾ ಧರ್ಮ ಪರಿಪಾಲನೆ ಮಾಡದವ,"[""ಅಧರ್ಮಿ"", ""ಅಧರ್ಮಿಯಾದ"", ""ಅಧರ್ಮಿಯಾದಂತ"", ""ಅಧರ್ಮಿಯಾದಂತಹ"", ""ನೀಚ"", ""ನೀಚನಾದ"", ""ನೀಚನಾದಂತ"", ""ನೀಚನಾದಂತಹ"", ""ಅಧರ್ಮಾತ್ಮಕ"", ""ಅಧರ್ಮಾತ್ಮಕವಾದ"", ""ಅಧರ್ಮಾತ್ಮಕವಾದಂತ"", ""ಅಧರ್ಮಾತ್ಮಕವಾದಂತಹ"", ""ಅಧರ್ಮಿಷ್ಟ"", ""ಅಧರ್ಮಿಷ್ಟವಾದ"", ""ಅಧರ್ಮಿಷ್ಟವಾದಂತ"", ""ಅಧರ್ಮಿಷ್ಟವಾದಂತಹ""]"
ನೀಚ,adjective,36471,ಅರ್ಥದ ಬಗ್ಗೆ ಗಮನ ಹರಿಸದೆ ಇರುವುದು ಅಥವಾ ಸಂದರ್ಭವನ್ನು ನೋಡದೆ ತಿರುಗಿ ಹೇಳದ ವ್ಯಕ್ತಿ,"[""ದುಷ್ಟ"", ""ದುರುಳ"", ""ನೀಚ"", ""ಆಧಮ""]"
ನೀಚ,adjective,4634,ಕೆಟ್ಟ ಅಥವಾ ವಿಪರೀತದ,"[""ಕೆಟ್ಟ"", ""ನಿಕೃಷ್ಟ"", ""ಅನುಚಿತ"", ""ಭ್ರಷ್ಟ"", ""ನೀಚ"", ""ಅಪ್ರಿಯ"", ""ಕಿಡಿಗೇಡಿ"", ""ಅಶಿಸ್ತು"", ""ಅಡ್ಡವರ್ತನೆಯ"", ""ಅನಾಚಾರ"", ""ಅವಿವೇಕ"", ""ಅಶೀಲ"", ""ಎಡವಟ್ಟು"", ""ಕಿತಾಪತಿ"", ""ಕಿರಿಕ್"", ""ಕಿರುಕುಳ"", ""ಕ್ಯಾತೆಬುದ್ಧಿ"", ""ದುರ್ಮಾಗ"", ""ದುರ್ನಡೆ"", ""ಬೇಶಿಸ್ತು"", ""ದುರುಳ"", ""ದುಷ್ಟ"", ""ಸಣ್ಣ_ಬುದ್ಧಿಯ"", ""ಹರಾಮಿ"", ""ಸಂಚುಕೋರ""]"
ಸ್ಥಿರವಾದಂತ,adjective,15503,ಸಮನಾಗಿರುವಂತ ಅಥವಾ ಕೆಲವನ್ನು ಮಾಡುವುಂತಹ ಅಥವಾ ನಿರಂತರವಾಗಿ ಮಾಡಲ್ಪಟ್ಟ,"[""ಸ್ಥಿರವಾದ"", ""ಸ್ಥಿರವಾದಂತ"", ""ಸ್ಥಿರವಾದಂತಹ"", ""ಸ್ಥಿರವಾಗಿರುವ"", ""ಸ್ಥಿರವಾಗಿರುವಂತ"", ""ಸ್ಥಿರವಾಗಿರುವಂತಹ"", ""ದೃಢವಾದ"", ""ದೃಢವಾದಂತ"", ""ದೃಢವಾದಂತಹ"", ""ದೃಢವಾಗಿರುವ"", ""ದೃಢವಾಗಿರುವಂತ"", ""ದೃಢವಾಗಿರುವಂತಹ"", ""ಅಳಿಸಲಾರದ"", ""ಅಳಿಸಲಾರದಂತ"", ""ಅಳಿಸಲಾರದಂತಹ"", ""ನಾಶವಾಗಲಾರದ"", ""ನಾಶವಾಗಲಾರದಂತ"", ""ನಾಶವಾಗಲಾರದಂತಹ""]"
ಸ್ಥಿರವಾದಂತ,adjective,15505,ತುಂಬಾ ದಿನಗಳವರೆವಿಗೂ ಉಳಿಯುವಂತಹ,"[""ಸ್ಥಿರವಾದ"", ""ಸ್ಥಿರವಾದಂತ"", ""ಸ್ಥಿರವಾದಂತಹ"", ""ಶಾಶ್ವತವಾದ"", ""ಶಾಶ್ವತವಾದಂತ"", ""ಶಾಶ್ವತವಾದಂತಹ"", ""ಚಿರಕಾಲವಿರುವ"", ""ಚಿರಕಾಲವಿರುವಂತ"", ""ಚಿರಕಾಲವಿರುವಂತಹ"", ""ಚಿರಸ್ಥಾಯಿಯಾದ"", ""ಚಿರಸ್ಥಾಯಿಯಾದಂತ"", ""ಚಿರಸ್ಥಾಯಿಯಾದಂತಹ"", ""ಕಾಯಂ_ಆದ"", ""ಕಾಯಂ_ಆದಂತ"", ""ಕಾಯಂ_ಆದಂತಹ"", ""ಕಾಯಂ_ಆದ"", ""ಕಾಯಂ_ಆದಂತ"", ""ಕಾಯಂ_ಆದಂತಹ""]"
ಸ್ಥಿರವಾದಂತ,adjective,2420,ಚಂಚಲವಾಗದ ವ್ಯಕ್ತಿ,"[""ಗಂಭೀರ"", ""ಗಂಭೀರವಾದ"", ""ಗಂಭೀರವಾದಂತ"", ""ಗಂಭೀರವಾದಂತಹ"", ""ಶಾಂತ"", ""ಶಾಂತವಾದ"", ""ಶಾಂತವಾದಂತ"", ""ಶಾಂತವಾದಂತಹ"", ""ಸೌಮ್ಯ"", ""ಸೌಮ್ಯವಾದ"", ""ಸೌಮ್ಯವಾದಂತ"", ""ಸೌಮ್ಯವಾದಂತಹ"", ""ಚಂಚಲವಲ್ಲದ"", ""ಚಂಚಲವಲ್ಲದಂತ"", ""ಚಂಚಲವಲ್ಲದಂತಹ"", ""ಅಚಂಚಲದ"", ""ಅಚಂಚಲವಾದ"", ""ಅಚಂಚಲವಾದಂತ"", ""ಅಚಂಚಲವಾದಂತಹ"", ""ಸ್ಥಿರ"", ""ಸ್ಥಿರವಾದ"", ""ಸ್ಥಿರವಾದಂತ"", ""ಸ್ಥಿರವಾದಂತಹ"", ""ಸಮಾಧಾನ"", ""ಸಮಾಧಾನವಾದ"", ""ಸಮಾಧಾನವಾದಂತ"", ""ಸಮಾಧಾನವಾದಂತಹ""]"
ಸ್ಥಿರವಾದಂತ,adjective,25572,"ಸುಲಭವಾಗಿ ಜಗ್ಗದೆ, ಒಡೆಯದೆ, ಹೆದರದೆ, ಮುರಿಯದೆ, ಹರಿಯದೆ, ಸವೆಯದೆ ಇರುವ ಸ್ಥಿತಿ ಅಥವಾ ಅಂತಹ ಗಟ್ಟಿತನ","[""ಬಲವಾದ"", ""ಬಲವಾದಂತ"", ""ಬಲವಾದಂತಹ"", ""ದೃಢವಾದ"", ""ದೃಢವಾದಂತ"", ""ದೃಢವಾದಂತಹ"", ""ಸ್ಥಿರವಾದ"", ""ಸ್ಥಿರವಾದಂತ"", ""ಸ್ಥಿರವಾದಂತಹ"", ""ಅಚಲವಾದ"", ""ಅಚಲವಾದಂತ"", ""ಅಚಲವಾದಂತಹ"", ""ಭದ್ರವಾದ"", ""ಭದ್ರವಾದಂತ"", ""ಭದ್ರವಾದಂತಹ""]"
ಸ್ಥಿರವಾದಂತ,adjective,26361,ಯಾವುದರಲ್ಲಿ ತರಂಗಗಳು ಏಳುತ್ತಿಲ್ಲವೋ,"[""ಸ್ಥಿರವಾದ"", ""ಸ್ಥಿರವಾದಂತ"", ""ಸ್ಥಿರವಾದಂತಹ"", ""ನಿಂತಿರುವ"", ""ನಿಂತಿರುವಂತ"", ""ನಿಂತಿರುವಂತಹ"", ""ತರಂಗವಿಲ್ಲದ"", ""ತರಂಗವಿಲ್ಲದಂತ"", ""ತರಂಗವಿಲ್ಲದಂತಹ"", ""ಶಾಂತವಾದ"", ""ಶಾಂತವಾದಂತ"", ""ಶಾಂತವಾದಂತಹ""]"
ಸ್ಥಿರವಾದಂತ,adjective,35365,ಯಾವುದು ನಮ್ಮ ಪ್ರಸ್ತುತ ಅಥವಾ ವರ್ತಮಾನ ರೂಪ ಅಥವಾ ಸ್ಥಿತಿಯಲ್ಲಿದ್ದು ಅದನ್ನೇ ಮುಂದುವರೆಸಿಕೊಂಡು ಹೋಗುವ,"[""ಸ್ಥಿರವಾದ"", ""ಸ್ಥಿರವಾದಂತ"", ""ಸ್ಥಿರವಾದಂತಹ"", ""ದೃಢವಾದ"", ""ದೃಢವಾದಂತ"", ""ದೃಢವಾದಂತಹ"", ""ಖಾಯಂ_ಇರುವ""]"
ಸ್ಥಿರವಾದಂತ,adjective,447,"ಹರಿಯುವಿಕೆ, ಸಾಗುವಿಕೆ ಇಲ್ಲದ ಸ್ಥಗಿತ ಸ್ಥಿತಿ","[""ನಿಂತ"", ""ನಿಂತಂತ"", ""ನಿಂತಂತಹ"", ""ಸ್ಥಗಿತ"", ""ಸ್ಥಗಿತವಾದ"", ""ಸ್ಥಗಿತವಾದಂತ"", ""ಸ್ಥಗಿತವಾದಂತಹ"", ""ಸ್ಥಿರ"", ""ಸ್ಥಿರವಾದ"", ""ಸ್ಥಿರವಾದಂತ"", ""ಸ್ಥಿರವಾದಂತಹ""]"
ಸ್ಥಿರವಾದಂತ,adjective,6944,ಒಂದು ಸ್ಥಾನದಿಂದ ಇನ್ನೊಂದು ಸ್ಥಾನಕ್ಕೆ ಕೊಂಡೊಯ್ಯಲಾರದಂಥ,"[""ಸ್ಥಿರ"", ""ಸ್ಥಿರವಾದ"", ""ಸ್ಥಿರವಾದಂತ"", ""ಸ್ಥಿರವಾದಂತಹ""]"
ಸ್ಥಿರವಾದಂತ,adjective,918,ಸ್ಥಿರವಾದ ಮನಸ್ಸಿನಿಂದ ಏನನ್ನಾದರೂ ಮಾಡುವುದು,"[""ದೃಢವಾದ"", ""ದೃಢವಾದಂತ"", ""ದೃಢವಾದಂತಹ"", ""ಗಟ್ಟಿಯಾದ"", ""ಗಟ್ಟಿಯಾದಂತ"", ""ಗಟ್ಟಿಯಾದಂತಹ"", ""ಭದ್ರವಾದ"", ""ಭದ್ರವಾದಂತ"", ""ಭದ್ರವಾದಂತಹ"", ""ಸ್ಥಿರವಾದ"", ""ಸ್ಥಿರವಾದಂತ"", ""ಸ್ಥಿರವಾದಂತಹ""]"
ಸ್ಥಿರವಾದಂತಹ,adjective,15503,ಸಮನಾಗಿರುವಂತ ಅಥವಾ ಕೆಲವನ್ನು ಮಾಡುವುಂತಹ ಅಥವಾ ನಿರಂತರವಾಗಿ ಮಾಡಲ್ಪಟ್ಟ,"[""ಸ್ಥಿರವಾದ"", ""ಸ್ಥಿರವಾದಂತ"", ""ಸ್ಥಿರವಾದಂತಹ"", ""ಸ್ಥಿರವಾಗಿರುವ"", ""ಸ್ಥಿರವಾಗಿರುವಂತ"", ""ಸ್ಥಿರವಾಗಿರುವಂತಹ"", ""ದೃಢವಾದ"", ""ದೃಢವಾದಂತ"", ""ದೃಢವಾದಂತಹ"", ""ದೃಢವಾಗಿರುವ"", ""ದೃಢವಾಗಿರುವಂತ"", ""ದೃಢವಾಗಿರುವಂತಹ"", ""ಅಳಿಸಲಾರದ"", ""ಅಳಿಸಲಾರದಂತ"", ""ಅಳಿಸಲಾರದಂತಹ"", ""ನಾಶವಾಗಲಾರದ"", ""ನಾಶವಾಗಲಾರದಂತ"", ""ನಾಶವಾಗಲಾರದಂತಹ""]"
ಸ್ಥಿರವಾದಂತಹ,adjective,15505,ತುಂಬಾ ದಿನಗಳವರೆವಿಗೂ ಉಳಿಯುವಂತಹ,"[""ಸ್ಥಿರವಾದ"", ""ಸ್ಥಿರವಾದಂತ"", ""ಸ್ಥಿರವಾದಂತಹ"", ""ಶಾಶ್ವತವಾದ"", ""ಶಾಶ್ವತವಾದಂತ"", ""ಶಾಶ್ವತವಾದಂತಹ"", ""ಚಿರಕಾಲವಿರುವ"", ""ಚಿರಕಾಲವಿರುವಂತ"", ""ಚಿರಕಾಲವಿರುವಂತಹ"", ""ಚಿರಸ್ಥಾಯಿಯಾದ"", ""ಚಿರಸ್ಥಾಯಿಯಾದಂತ"", ""ಚಿರಸ್ಥಾಯಿಯಾದಂತಹ"", ""ಕಾಯಂ_ಆದ"", ""ಕಾಯಂ_ಆದಂತ"", ""ಕಾಯಂ_ಆದಂತಹ"", ""ಕಾಯಂ_ಆದ"", ""ಕಾಯಂ_ಆದಂತ"", ""ಕಾಯಂ_ಆದಂತಹ""]"
ಸ್ಥಿರವಾದಂತಹ,adjective,2420,ಚಂಚಲವಾಗದ ವ್ಯಕ್ತಿ,"[""ಗಂಭೀರ"", ""ಗಂಭೀರವಾದ"", ""ಗಂಭೀರವಾದಂತ"", ""ಗಂಭೀರವಾದಂತಹ"", ""ಶಾಂತ"", ""ಶಾಂತವಾದ"", ""ಶಾಂತವಾದಂತ"", ""ಶಾಂತವಾದಂತಹ"", ""ಸೌಮ್ಯ"", ""ಸೌಮ್ಯವಾದ"", ""ಸೌಮ್ಯವಾದಂತ"", ""ಸೌಮ್ಯವಾದಂತಹ"", ""ಚಂಚಲವಲ್ಲದ"", ""ಚಂಚಲವಲ್ಲದಂತ"", ""ಚಂಚಲವಲ್ಲದಂತಹ"", ""ಅಚಂಚಲದ"", ""ಅಚಂಚಲವಾದ"", ""ಅಚಂಚಲವಾದಂತ"", ""ಅಚಂಚಲವಾದಂತಹ"", ""ಸ್ಥಿರ"", ""ಸ್ಥಿರವಾದ"", ""ಸ್ಥಿರವಾದಂತ"", ""ಸ್ಥಿರವಾದಂತಹ"", ""ಸಮಾಧಾನ"", ""ಸಮಾಧಾನವಾದ"", ""ಸಮಾಧಾನವಾದಂತ"", ""ಸಮಾಧಾನವಾದಂತಹ""]"
ಸ್ಥಿರವಾದಂತಹ,adjective,25572,"ಸುಲಭವಾಗಿ ಜಗ್ಗದೆ, ಒಡೆಯದೆ, ಹೆದರದೆ, ಮುರಿಯದೆ, ಹರಿಯದೆ, ಸವೆಯದೆ ಇರುವ ಸ್ಥಿತಿ ಅಥವಾ ಅಂತಹ ಗಟ್ಟಿತನ","[""ಬಲವಾದ"", ""ಬಲವಾದಂತ"", ""ಬಲವಾದಂತಹ"", ""ದೃಢವಾದ"", ""ದೃಢವಾದಂತ"", ""ದೃಢವಾದಂತಹ"", ""ಸ್ಥಿರವಾದ"", ""ಸ್ಥಿರವಾದಂತ"", ""ಸ್ಥಿರವಾದಂತಹ"", ""ಅಚಲವಾದ"", ""ಅಚಲವಾದಂತ"", ""ಅಚಲವಾದಂತಹ"", ""ಭದ್ರವಾದ"", ""ಭದ್ರವಾದಂತ"", ""ಭದ್ರವಾದಂತಹ""]"
ಸ್ಥಿರವಾದಂತಹ,adjective,26361,ಯಾವುದರಲ್ಲಿ ತರಂಗಗಳು ಏಳುತ್ತಿಲ್ಲವೋ,"[""ಸ್ಥಿರವಾದ"", ""ಸ್ಥಿರವಾದಂತ"", ""ಸ್ಥಿರವಾದಂತಹ"", ""ನಿಂತಿರುವ"", ""ನಿಂತಿರುವಂತ"", ""ನಿಂತಿರುವಂತಹ"", ""ತರಂಗವಿಲ್ಲದ"", ""ತರಂಗವಿಲ್ಲದಂತ"", ""ತರಂಗವಿಲ್ಲದಂತಹ"", ""ಶಾಂತವಾದ"", ""ಶಾಂತವಾದಂತ"", ""ಶಾಂತವಾದಂತಹ""]"
ಸ್ಥಿರವಾದಂತಹ,adjective,35365,ಯಾವುದು ನಮ್ಮ ಪ್ರಸ್ತುತ ಅಥವಾ ವರ್ತಮಾನ ರೂಪ ಅಥವಾ ಸ್ಥಿತಿಯಲ್ಲಿದ್ದು ಅದನ್ನೇ ಮುಂದುವರೆಸಿಕೊಂಡು ಹೋಗುವ,"[""ಸ್ಥಿರವಾದ"", ""ಸ್ಥಿರವಾದಂತ"", ""ಸ್ಥಿರವಾದಂತಹ"", ""ದೃಢವಾದ"", ""ದೃಢವಾದಂತ"", ""ದೃಢವಾದಂತಹ"", ""ಖಾಯಂ_ಇರುವ""]"
ಸ್ಥಿರವಾದಂತಹ,adjective,447,"ಹರಿಯುವಿಕೆ, ಸಾಗುವಿಕೆ ಇಲ್ಲದ ಸ್ಥಗಿತ ಸ್ಥಿತಿ","[""ನಿಂತ"", ""ನಿಂತಂತ"", ""ನಿಂತಂತಹ"", ""ಸ್ಥಗಿತ"", ""ಸ್ಥಗಿತವಾದ"", ""ಸ್ಥಗಿತವಾದಂತ"", ""ಸ್ಥಗಿತವಾದಂತಹ"", ""ಸ್ಥಿರ"", ""ಸ್ಥಿರವಾದ"", ""ಸ್ಥಿರವಾದಂತ"", ""ಸ್ಥಿರವಾದಂತಹ""]"
ಸ್ಥಿರವಾದಂತಹ,adjective,6944,ಒಂದು ಸ್ಥಾನದಿಂದ ಇನ್ನೊಂದು ಸ್ಥಾನಕ್ಕೆ ಕೊಂಡೊಯ್ಯಲಾರದಂಥ,"[""ಸ್ಥಿರ"", ""ಸ್ಥಿರವಾದ"", ""ಸ್ಥಿರವಾದಂತ"", ""ಸ್ಥಿರವಾದಂತಹ""]"
ಸ್ಥಿರವಾದಂತಹ,adjective,918,ಸ್ಥಿರವಾದ ಮನಸ್ಸಿನಿಂದ ಏನನ್ನಾದರೂ ಮಾಡುವುದು,"[""ದೃಢವಾದ"", ""ದೃಢವಾದಂತ"", ""ದೃಢವಾದಂತಹ"", ""ಗಟ್ಟಿಯಾದ"", ""ಗಟ್ಟಿಯಾದಂತ"", ""ಗಟ್ಟಿಯಾದಂತಹ"", ""ಭದ್ರವಾದ"", ""ಭದ್ರವಾದಂತ"", ""ಭದ್ರವಾದಂತಹ"", ""ಸ್ಥಿರವಾದ"", ""ಸ್ಥಿರವಾದಂತ"", ""ಸ್ಥಿರವಾದಂತಹ""]"
ಅಧಿಕೃತ,adjective,10708,ಯಾರೋ ಒಬ್ಬರಿಗೆ ಯಾವುದೇ ಕೆಲಸ ಮಾಡಲು ಅಧಿಕಾರ ಅಥವಾ ಸ್ವತಂತ್ರ ನೀಡಿರುವ,"[""ಅಧಿಕೃತ"", ""ಅಧಿಕಾರಯುತ""]"
ಅಧಿಕೃತ,adjective,15362,ಯಾವುದು ಯಾರೋ ಒಬ್ಬರ ಅಧೀನದಲ್ಲಿ ಅಥವಾ ಅಧಿಕಾರದಲ್ಲಿ ಇರುವುದೋ,"[""ಅಧಿಕೃತ"", ""ಅಧಿಕೃತವಾದ"", ""ಅಧಿಕೃತವಾದಂತ"", ""ಅಧಿಕೃತವಾದಂತಹ""]"
ಅಧಿಕೃತ,adjective,1810,ಮಾತು ಮತ್ತು ನಿರ್ದೇಶನಗಳಲ್ಲಿ ತನಗೆ ಇರುವ ಅಧಿಕಾರವನ್ನು ಬಳಸಿಕೊಳ್ಳುವ ಗುಣ,"[""ಅಧಿಕಾರಯುತ"", ""ಅಧಿಕೃತ"", ""ಅಧಿಕಾರಿಕ""]"
ಅಧಿಕೃತ,adjective,22569,ಅಧಿಕಾರಯುತ್ತತೆಗೆ ಸಂಬಂಧಿಸಿದ,"[""ಅಧಿಕೃತ"", ""ಅಧಿಕೃತವಾದ"", ""ಅಧಿಕೃತವಾದಂತ"", ""ಅಧಿಕೃತವಾದಂತಹ""]"
ಅಧಿಕೃತ,adjective,22572,ಅಧಿಕಾರಯುತ್ತತೆಗೆ ಸಂಬಂಧಿಸಿದ,"[""ಅಧಿಕೃತ"", ""ಅಧಿಕೃತವಾದ"", ""ಅಧಿಕೃತವಾದಂತ"", ""ಅಧಿಕೃತವಾದಂತಹ""]"
ಅಧಿಕೃತ,adjective,2746,ಯಾವುದೋ ಒಂದನ್ನು ಅಧಿಕೃತವಾಗಿ ಮಾಡಿಕೊಂಡಿರುವ,"[""ಅಧಿಕೃತ"", ""ಅಧಿಕೃತವಾದ"", ""ಅಧಿಕೃತವಾದಂತ"", ""ಅಧಿಕೃತವಾದಂತಹ"", ""ಒತ್ತುವರಿ"", ""ಒತ್ತುವರಿಯಾದ"", ""ಒತ್ತುವರಿಯಾದಂತ"", ""ಒತ್ತುವರಿಯಾದಂತಹ"", ""ಅಕ್ರಮ"", ""ಅಕ್ರಮವಾದ"", ""ಅಕ್ರಮವಾದಂತಹ""]"
ಅಧಿಕೃತ,adjective,29205,ಎಲ್ಲಾ ಕೆಲಸಗಳನ್ನು ಚೆನ್ನಾಗಿ ಮಾಡುವಂತಹ ಅಥವಾ ತನ್ನ ಕರ್ತವ್ಯವನ್ನು ಪ್ರಾಮಾಣಿಕತನದಿಂದ ಪಾಲಿಸುವಂತಹ,"[""ಅಧಿಕಾರಯುತ"", ""ಅಧಿಕೃತ"", ""ಪ್ರಮಾಣಿತ"", ""ಅಧಿಕಾರಿಕ""]"
ಅಧಿಕೃತ,adjective,32940,ಯಾವುದೋ ಒಂದು ಮಾತು ಅಥವಾ ಕೆಲಸಕ್ಕೆ ಆಧಾರದ ರೂಪದಲ್ಲಿ ಇರುವ,"[""ಅಧಿಕೃತ""]"
ಕಠಿಣ,adjective,13388,ತುಂಬಾ ಕಠೋರ ಅಥವಾ ಬಿರುಸಾದಂತಹ,"[""ಕಠಿಣ"", ""ಕಠಿಣವಾದ"", ""ಕಠಿಣವಾದಂತ"", ""ಕಠಿಣವಾದಂತಹ""]"
ಕಠಿಣ,adjective,2347,ಯಾವುದೋ ಒಂದು ಪ್ರದೇಶಕ್ಕೆ ಹೋಗಲು ಯೋಗ್ಯವಲ್ಲವೋ,"[""ಕಠಿಣ"", ""ಕಠಿಣವಾದ"", ""ಕಠಿಣವಾದಂತ"", ""ಕಠಿಣವಾದಂತಹ"", ""ಕಷ್ಟವಾದ"", ""ಕಷ್ಟವಾದಂತ"", ""ಕಷ್ಟವಾದಂತಹ"", ""ಕ್ಲಿಷ್ಟವಾದ"", ""ಕ್ಲಿಷ್ಟವಾದಂತ"", ""ಕ್ಲಿಷ್ಟವಾದಂತಹ"", ""ದುರ್ಗಮ"", ""ದುರ್ಗಮವಾದ"", ""ದುರ್ಗಮವಾದಂತ"", ""ದುರ್ಗಮವಾದಂತಹ"", ""ಅಗಮ್ಯ"", ""ಅಗಮ್ಯವಾದ"", ""ಅಗಮ್ಯವಾದಂತ"", ""ಅಗಮ್ಯವಾದಂತಹ"", ""ದುರ್ಗಮ್ಯ"", ""ದುರ್ಗಮ್ಯವಾದ"", ""ದುರ್ಗಮ್ಯವಾದಂತ"", ""ದುರ್ಗಮ್ಯವಾದಂತಹ"", ""ಅನಾಗಮ್ಯ"", ""ಅನಾಗಮ್ಯವಾದ"", ""ಅನಾಗಮ್ಯವಾದಂತ"", ""ಅನಾಗಮ್ಯವಾದಂತಹ""]"
ಕಠಿಣ,adjective,26844,ಒಂದು ಇನ್ನೊಂದಕ್ಕೆ ಸೇರಿಸಿ ಗಂಟು ಹಾಕಿಕೊಂಡಿರುವಂತಹ,"[""ಜಠಿಲ"", ""ಜಠಿಲವಾದ"", ""ಜಠಿಲವಾದಂತಹ"", ""ಕಠಿಣ"", ""ಕಠಿಣವಾದ"", ""ಕಠಿಣವಾದಂತಹ""]"
ಕಠಿಣ,adjective,34550,"ಯಾವುದೋ ಒಂದನ್ನು ಗಳಿಸಲು ಕಠೋರತೆ, ದೃಡತೆ ಅಥವಾ ಸರ್ಥಕತೆಯನ್ನು ಮನಸ್ಸಿನಲ್ಲಿ ಇಟ್ಟುಕೊಳ್ಳುವರು","[""ಕಠಿಣ"", ""ಕಠೋರ""]"
ಕಠಿಣ,adjective,36579,ಯಾರೋ ಒಬ್ಬರು ಸಿರಿಯಾದ ರೀತಿಯಲ್ಲಿ ಪ್ರಾಮಾಣಿಕವಾಗಿ ಅಥವಾ ನಿರ್ಧರಿಸಿದ ಪ್ರಮಾಣ ಅಥವಾ ಗಡಿಗಿಂತ ಅಧಿಕವಾಗಿರುವುದು,"[""ಅಸಾಧಾರಣ"", ""ಕಠೋರ"", ""ಕಠಿಣ""]"
ಕಠಿಣ,adjective,38348,ಯಾವುದು ಅಧಿಕಾ ಪ್ರಮಾಣದಲ್ಲಿ ಇರುವ ಕಾರಣದಿಂದ ಅದನ್ನು ಸಹಿಸಿಕೊಳ್ಳುವುದು ಕಠಿಣವಾಗಿರುತ್ತದೆಯೋ,"[""ಬಿರುಸು"", ""ಬಿರುಸಾದ"", ""ಬಿರುಸಾದಂತ"", ""ಬಿರುಸಾದಂತಹ"", ""ಕಠೋರ"", ""ಕಠೋರವಾದ"", ""ಕಠೋರವಾದಂತ"", ""ಕಠೋರವಾದಂತಹ"", ""ಕಠಿಣ"", ""ಕಠಿಣವಾದ"", ""ಕಠಿಣವಾದಂತ"", ""ಕಠಿಣವಾದಂತಹ""]"
ಕಠಿಣ,adjective,4177,ತುಂಬಾ ಒರಟಾದ ಅಥವಾ ಕಿವಿಗೆ ಕೇಳಲಿಕ್ಕೆ ಸಾಧ್ಯವಾಗದಂತಹ ಧ್ವನಿ ಅಥವಾ ಶಬ್ದ,"[""ಕರ್ಕಶ"", ""ಕರ್ಕಶವಾದ"", ""ಕರ್ಕಶವಾದಂತ"", ""ಕರ್ಕಶವಾದಂತಹ"", ""ಕಠೋರ"", ""ಕಠೋರವಾದ"", ""ಕಠೋರವಾದಂತ"", ""ಕಠೋರವಾದಂತಹ"", ""ಕಠಿಣ"", ""ಕಠಿಣವಾದ"", ""ಕಠಿಣವಾದಂತ"", ""ಕಠಿಣವಾದಂತಹ""]"
ಕಠಿಣ,adjective,9141,ಕಷ್ಟಪಟ್ಟು ಸಹಿಸಿಕೊಳ್ಳುವ,"[""ಕಠಿಣ"", ""ಕಷ್ಟ""]"
ಗಟ್ಟಿಯಾದಂತ,adjective,12811,ಯಾವುದನ್ನು ಎಳೆದಾಗ ಅಥವಾ ಮುರಿದಾಗ ಅದು ಮುರಿಯುವುದಿಲ್ಲವೋ,"[""ಗಟ್ಟಿ"", ""ಗಟ್ಟಿಯಾದ"", ""ಗಟ್ಟಿಯಾದಂತ"", ""ಗಟ್ಟಿಯಾದಂತಹ"", ""ಗಟ್ಟಿಯಾಗಿರುವ"", ""ಗಟ್ಟಿಯಾಗಿರುವಂತ"", ""ಗಟ್ಟಿಯಾಗಿರುವಂತಹ""]"
ಗಟ್ಟಿಯಾದಂತ,adjective,16370,ಯಾವುದೋ ಒಂದಕ್ಕೆ ನೀರನ್ನು ಬೆರೆಸಿ ತೆಳುವಾಗಿ ಮಾಡಿಲ್ಲದ (ಕಬ್ಬಿನ ಹಾಲು),"[""ಗಟ್ಟಿಯಾದ"", ""ಗಟ್ಟಿಯಾದಂತ"", ""ಗಟ್ಟಿಯಾದಂತಹ""]"
ಗಟ್ಟಿಯಾದಂತ,adjective,2433,ಯಾರೋ ಒಬ್ಬರು ನಿರ್ಣಯ ಬದಲಾಯಿಸದೇ ಇರುವುದು,"[""ದೃಡ"", ""ದೃಡವಾದ"", ""ದೃಡವಾದಂತ"", ""ದೃಡವಾದಂತಹ"", ""ಗಟ್ಟಿಯಾದ"", ""ಗಟ್ಟಿಯಾದಂತ"", ""ಗಟ್ಟಿಯಾದಂತಹ""]"
ಗಟ್ಟಿಯಾದಂತ,adjective,4003,ನಿಶ್ಚಿಂತ ಆಯತದ ಅಥವಾ ಆಕಾರವಿರುವ ಅಥವಾ ದ್ರವೀಕರಣವಲ್ಲದ,"[""ಘನವಾದ"", ""ಘನವಾದಂತ"", ""ಘನವಾದಂತಹ"", ""ದೃಢವಾದ"", ""ದೃಢವಾದಂತ"", ""ದೃಢವಾದಂತಹ"", ""ಗಟ್ಟಿಯಾದ"", ""ಗಟ್ಟಿಯಾದಂತ"", ""ಗಟ್ಟಿಯಾದಂತಹ""]"
ಗಟ್ಟಿಯಾದಂತ,adjective,4022,ಬಲಿಷ್ಟವಾಗಿರುವ ಅಥವಾ ಸುಲಭವಾಗಿ ಮುರಿಯಲು ಆಗದ,"[""ಗಟ್ಟಿಮುಟ್ಟಾದ"", ""ಗಟ್ಟಿಮುಟ್ಟಾದಂತ"", ""ಗಟ್ಟಿಮುಟ್ಟಾದಂತಹ"", ""ಗಟ್ಟಿಯಾದ"", ""ಗಟ್ಟಿಯಾದಂತ"", ""ಗಟ್ಟಿಯಾದಂತಹ"", ""ಬಿಲಿಷ್ಟವಾದ"", ""ಬಿಲಿಷ್ಟವಾದಂತ"", ""ಬಿಲಿಷ್ಟವಾದಂತಹ"", ""ಭದ್ರವಾದ"", ""ಭದ್ರವಾದಂತ"", ""ಭದ್ರವಾದಂತಹ""]"
ಗಟ್ಟಿಯಾದಂತ,adjective,6010,ಮಾಮೂಲಿಗಿಂತ ಸ್ವಲ್ಪ ಜೋರಾದ,"[""ಗಟ್ಟಿಯಾದ"", ""ಗಟ್ಟಿಯಾದ"", ""ಗಟ್ಟಿಯಾದಂತ"", ""ಗಟ್ಟಿಯಾದಂತಹ"", ""ಜೋರಾದ"", ""ಜೋರಾದಂತ"", ""ಜೋರಾದಂತಹ"", ""ತೀವ್ರವಾದ"", ""ತೀವ್ರವಾದಂತ"", ""ತೀವ್ರವಾದಂತಹ""]"
ಗಟ್ಟಿಯಾದಂತ,adjective,6727,ನೀರಿನ ಅಂಶ ಕಡಿಮೆಯಿರುವ,"[""ಗಟ್ಟಿ"", ""ಗಟ್ಟಿಯಾದ"", ""ಗಟ್ಟಿಯಾದಂತ"", ""ಗಟ್ಟಿಯಾದಂತಹ"", ""ಗಾಢ"", ""ಗಾಢವಾದ"", ""ಗಾಢವಾದಂತ"", ""ಗಾಢವಾದಂತಹ""]"
ಗಟ್ಟಿಯಾದಂತ,adjective,918,ಸ್ಥಿರವಾದ ಮನಸ್ಸಿನಿಂದ ಏನನ್ನಾದರೂ ಮಾಡುವುದು,"[""ದೃಢವಾದ"", ""ದೃಢವಾದಂತ"", ""ದೃಢವಾದಂತಹ"", ""ಗಟ್ಟಿಯಾದ"", ""ಗಟ್ಟಿಯಾದಂತ"", ""ಗಟ್ಟಿಯಾದಂತಹ"", ""ಭದ್ರವಾದ"", ""ಭದ್ರವಾದಂತ"", ""ಭದ್ರವಾದಂತಹ"", ""ಸ್ಥಿರವಾದ"", ""ಸ್ಥಿರವಾದಂತ"", ""ಸ್ಥಿರವಾದಂತಹ""]"
ಗಟ್ಟಿಯಾದಂತಹ,adjective,12811,ಯಾವುದನ್ನು ಎಳೆದಾಗ ಅಥವಾ ಮುರಿದಾಗ ಅದು ಮುರಿಯುವುದಿಲ್ಲವೋ,"[""ಗಟ್ಟಿ"", ""ಗಟ್ಟಿಯಾದ"", ""ಗಟ್ಟಿಯಾದಂತ"", ""ಗಟ್ಟಿಯಾದಂತಹ"", ""ಗಟ್ಟಿಯಾಗಿರುವ"", ""ಗಟ್ಟಿಯಾಗಿರುವಂತ"", ""ಗಟ್ಟಿಯಾಗಿರುವಂತಹ""]"
ಗಟ್ಟಿಯಾದಂತಹ,adjective,16370,ಯಾವುದೋ ಒಂದಕ್ಕೆ ನೀರನ್ನು ಬೆರೆಸಿ ತೆಳುವಾಗಿ ಮಾಡಿಲ್ಲದ (ಕಬ್ಬಿನ ಹಾಲು),"[""ಗಟ್ಟಿಯಾದ"", ""ಗಟ್ಟಿಯಾದಂತ"", ""ಗಟ್ಟಿಯಾದಂತಹ""]"
ಗಟ್ಟಿಯಾದಂತಹ,adjective,2433,ಯಾರೋ ಒಬ್ಬರು ನಿರ್ಣಯ ಬದಲಾಯಿಸದೇ ಇರುವುದು,"[""ದೃಡ"", ""ದೃಡವಾದ"", ""ದೃಡವಾದಂತ"", ""ದೃಡವಾದಂತಹ"", ""ಗಟ್ಟಿಯಾದ"", ""ಗಟ್ಟಿಯಾದಂತ"", ""ಗಟ್ಟಿಯಾದಂತಹ""]"
ಗಟ್ಟಿಯಾದಂತಹ,adjective,4003,ನಿಶ್ಚಿಂತ ಆಯತದ ಅಥವಾ ಆಕಾರವಿರುವ ಅಥವಾ ದ್ರವೀಕರಣವಲ್ಲದ,"[""ಘನವಾದ"", ""ಘನವಾದಂತ"", ""ಘನವಾದಂತಹ"", ""ದೃಢವಾದ"", ""ದೃಢವಾದಂತ"", ""ದೃಢವಾದಂತಹ"", ""ಗಟ್ಟಿಯಾದ"", ""ಗಟ್ಟಿಯಾದಂತ"", ""ಗಟ್ಟಿಯಾದಂತಹ""]"
ಗಟ್ಟಿಯಾದಂತಹ,adjective,4022,ಬಲಿಷ್ಟವಾಗಿರುವ ಅಥವಾ ಸುಲಭವಾಗಿ ಮುರಿಯಲು ಆಗದ,"[""ಗಟ್ಟಿಮುಟ್ಟಾದ"", ""ಗಟ್ಟಿಮುಟ್ಟಾದಂತ"", ""ಗಟ್ಟಿಮುಟ್ಟಾದಂತಹ"", ""ಗಟ್ಟಿಯಾದ"", ""ಗಟ್ಟಿಯಾದಂತ"", ""ಗಟ್ಟಿಯಾದಂತಹ"", ""ಬಿಲಿಷ್ಟವಾದ"", ""ಬಿಲಿಷ್ಟವಾದಂತ"", ""ಬಿಲಿಷ್ಟವಾದಂತಹ"", ""ಭದ್ರವಾದ"", ""ಭದ್ರವಾದಂತ"", ""ಭದ್ರವಾದಂತಹ""]"
ಗಟ್ಟಿಯಾದಂತಹ,adjective,6010,ಮಾಮೂಲಿಗಿಂತ ಸ್ವಲ್ಪ ಜೋರಾದ,"[""ಗಟ್ಟಿಯಾದ"", ""ಗಟ್ಟಿಯಾದ"", ""ಗಟ್ಟಿಯಾದಂತ"", ""ಗಟ್ಟಿಯಾದಂತಹ"", ""ಜೋರಾದ"", ""ಜೋರಾದಂತ"", ""ಜೋರಾದಂತಹ"", ""ತೀವ್ರವಾದ"", ""ತೀವ್ರವಾದಂತ"", ""ತೀವ್ರವಾದಂತಹ""]"
ಗಟ್ಟಿಯಾದಂತಹ,adjective,6727,ನೀರಿನ ಅಂಶ ಕಡಿಮೆಯಿರುವ,"[""ಗಟ್ಟಿ"", ""ಗಟ್ಟಿಯಾದ"", ""ಗಟ್ಟಿಯಾದಂತ"", ""ಗಟ್ಟಿಯಾದಂತಹ"", ""ಗಾಢ"", ""ಗಾಢವಾದ"", ""ಗಾಢವಾದಂತ"", ""ಗಾಢವಾದಂತಹ""]"
ಗಟ್ಟಿಯಾದಂತಹ,adjective,918,ಸ್ಥಿರವಾದ ಮನಸ್ಸಿನಿಂದ ಏನನ್ನಾದರೂ ಮಾಡುವುದು,"[""ದೃಢವಾದ"", ""ದೃಢವಾದಂತ"", ""ದೃಢವಾದಂತಹ"", ""ಗಟ್ಟಿಯಾದ"", ""ಗಟ್ಟಿಯಾದಂತ"", ""ಗಟ್ಟಿಯಾದಂತಹ"", ""ಭದ್ರವಾದ"", ""ಭದ್ರವಾದಂತ"", ""ಭದ್ರವಾದಂತಹ"", ""ಸ್ಥಿರವಾದ"", ""ಸ್ಥಿರವಾದಂತ"", ""ಸ್ಥಿರವಾದಂತಹ""]"
