pair_id,target_word,pos,split,label,model,similarity
v2_00001,ಕಟ್ಟು,noun,train,0,xlmr,0.9997576
v2_00002,ಕಟ್ಟು,noun,train,1,xlmr,0.9998188
v2_00003,ಕಠಿಣವಾದಂತ,adjective,train,1,xlmr,0.9998858
v2_00004,ಹಾನಿ,noun,train,0,xlmr,0.9996283
v2_00005,ದಂಡ,noun,train,1,xlmr,0.9997768
v2_00006,ನೀಚ,adjective,train,1,xlmr,0.9934312
v2_00007,ಗಂಟು,noun,train,1,xlmr,0.99944776
v2_00008,ಕಟ್ಟು,noun,train,1,xlmr,0.9998668
v2_00009,ಜಾಲ,noun,train,1,xlmr,0.9999023
v2_00010,ರಕ್ಷಿಸು,verb,train,1,xlmr,0.99987704
v2_00011,ಹೇಳು,verb,train,0,xlmr,0.99987715
v2_00012,ಅಧಿಕೃತ,adjective,train,1,xlmr,0.99989086
v2_00013,ಕಠಿಣವಾದಂತಹ,adjective,train,1,xlmr,0.99962133
v2_00014,ಸಮಯ,noun,train,0,xlmr,0.99555045
v2_00015,ಕಠಿಣ,adjective,train,1,xlmr,0.99850243
v2_00016,ಮುರಿ,verb,train,0,xlmr,0.9998234
v2_00017,ಹೊಡೆ,verb,train,0,xlmr,0.9966571
v2_00018,ಸಮಯ,noun,train,0,xlmr,0.9933612
v2_00019,ಒಳ್ಳೆಯ,adjective,train,1,xlmr,0.9991103
v2_00020,ದಂಡ,noun,train,0,xlmr,0.99968725
v2_00021,ಹಾಕು,verb,train,1,xlmr,0.99993175
v2_00022,ಕಠಿಣವಾದ,adjective,train,0,xlmr,0.99949783
v2_00023,ಗಂಟು,noun,train,1,xlmr,0.99989504
v2_00024,ನಿಲ್ಲಿಸು,verb,train,0,xlmr,0.99859315
v2_00025,ಹರಡು,verb,train,1,xlmr,0.99982435
v2_00026,ಜ್ಞಾನ,noun,train,0,xlmr,0.99936575
v2_00027,ದಂಡ,noun,train,0,xlmr,0.99967736
v2_00028,ವರ್ಗ,noun,train,0,xlmr,0.99882555
v2_00029,ಮುಚ್ಚು,verb,train,1,xlmr,0.99992007
v2_00030,ಕಟ್ಟು,noun,train,0,xlmr,0.99591655
v2_00031,ಸಮಯ,noun,train,0,xlmr,0.9977927
v2_00032,ಕಠಿಣ,adjective,train,0,xlmr,0.99821925
v2_00033,ವರ್ಗ,noun,train,1,xlmr,0.983012
v2_00034,ಬರು,verb,train,1,xlmr,0.9989986
v2_00035,ಗಂಟು,noun,train,1,xlmr,0.99991393
v2_00036,ತೆಗೆ,verb,train,1,xlmr,0.99815696
v2_00037,ಹೇಳು,verb,train,1,xlmr,0.9997915
v2_00038,ವರ್ಗ,noun,train,1,xlmr,0.9999151
v2_00039,ಹಾನಿ,noun,train,1,xlmr,0.9996366
v2_00040,ದುಃಖ,noun,train,1,xlmr,0.99940217
v2_00041,ಹರಡು,verb,train,0,xlmr,0.999629
v2_00042,ಮಾಡು,verb,train,0,xlmr,0.98755294
v2_00043,ಮಾಡು,verb,train,1,xlmr,0.9981225
v2_00044,ಸ್ಥಿರವಾದಂತಹ,adjective,train,0,xlmr,0.9969541
v2_00045,ದುಃಖ,noun,train,1,xlmr,0.99963164
v2_00046,ಸಮಯ,noun,train,1,xlmr,0.9981223
v2_00047,ಕಟ್ಟು,noun,train,0,xlmr,0.99710524
v2_00048,ಆರಿಸು,verb,train,1,xlmr,0.9997656
v2_00049,ಕಠಿಣವಾದಂತಹ,adjective,train,0,xlmr,0.9986576
v2_00050,ಒಳ್ಳೆಯ,adjective,train,1,xlmr,0.9999391
v2_00051,ಕಠಿಣವಾದಂತ,adjective,train,0,xlmr,0.99987394
v2_00052,ಒಣಗಿದ,adjective,train,1,xlmr,0.99707
v2_00053,ಹಾನಿ,noun,train,0,xlmr,0.9997071
v2_00054,ಆರಿಸು,verb,train,1,xlmr,0.99981976
v2_00055,ಶಕ್ತಿ,noun,train,1,xlmr,0.9996016
v2_00056,ಹೊಡೆ,verb,train,1,xlmr,0.99951077
v2_00057,ಹರಡು,verb,train,1,xlmr,0.9993397
v2_00058,ಸ್ಥಿರವಾದ,adjective,train,0,xlmr,0.9996184
v2_00059,ಒಳ್ಳೆಯ,adjective,train,1,xlmr,0.9998469
v2_00060,ಸ್ಥಿರವಾದ,adjective,train,1,xlmr,0.9996289
v2_00061,ಸಮಯ,noun,train,0,xlmr,0.9981955
v2_00062,ಹೊಡೆ,verb,train,1,xlmr,0.9976807
v2_00063,ಹಾನಿ,noun,train,0,xlmr,0.9992095
v2_00064,ವರ್ಗ,noun,train,1,xlmr,0.9948617
v2_00065,ಆರಿಸು,verb,train,0,xlmr,0.9976251
v2_00066,ಸಮಯ,noun,train,0,xlmr,0.99979866
v2_00067,ದಂಡ,noun,train,1,xlmr,0.9999579
v2_00068,ಸ್ಥಿರವಾದ,adjective,train,0,xlmr,0.9964559
v2_00069,ಬಲೆ,noun,train,1,xlmr,0.9968555
v2_00070,ರಕ್ಷಿಸು,verb,train,1,xlmr,0.9985724
v2_00071,ಜ್ಞಾನ,noun,train,0,xlmr,0.9995228
v2_00072,ಕಟ್ಟು,noun,train,1,xlmr,0.9902626
v2_00073,ಹೇಳು,verb,train,1,xlmr,0.9998268
v2_00074,ಸಮಯ,noun,train,1,xlmr,0.99347675
v2_00075,ಜಗಳ,noun,train,1,xlmr,0.99978
v2_00076,ಹೇಳು,verb,train,0,xlmr,0.9994033
v2_00077,ತೆಗೆ,verb,train,1,xlmr,0.9953027
v2_00078,ಸಮೂಹ,noun,train,0,xlmr,0.9983236
v2_00079,ತೆಗೆ,verb,train,0,xlmr,0.9990619
v2_00080,ಮುರಿ,verb,train,1,xlmr,0.99829483
v2_00081,ಹೊಡೆ,verb,train,1,xlmr,0.9999075
v2_00082,ಹಾನಿ,noun,train,0,xlmr,0.99947995
v2_00083,ವರ್ಗ,noun,train,0,xlmr,0.99288017
v2_00084,ಜಾಲ,noun,train,1,xlmr,0.9999375
v2_00085,ತೆಗೆ,verb,train,0,xlmr,0.9985014
v2_00086,ದುಃಖ,noun,train,1,xlmr,0.999858
v2_00087,ಒಣಗಿದ,adjective,train,1,xlmr,0.9998842
v2_00088,ಕಠಿಣವಾದಂತ,adjective,train,1,xlmr,0.9998932
v2_00089,ಗಟ್ಟಿಯಾದಂತ,adjective,train,1,xlmr,0.9995565
v2_00090,ಹೊಡೆ,verb,train,0,xlmr,0.998268
v2_00091,ಜ್ಞಾನ,noun,train,1,xlmr,0.999572
v2_00092,ದುಃಖ,noun,train,0,xlmr,0.9993371
v2_00093,ಜ್ಞಾನ,noun,train,1,xlmr,0.9974738
v2_00094,ಗುಂಪು,noun,train,0,xlmr,0.9997207
v2_00095,ಮುಚ್ಚು,verb,train,1,xlmr,0.9997585
v2_00096,ತೆಗೆ,verb,train,1,xlmr,0.99595964
v2_00097,ಹಗ್ಗ,noun,train,1,xlmr,0.99911106
v2_00098,ಮಾಡು,verb,train,0,xlmr,0.99976265
v2_00099,ಹೊಡೆ,verb,train,1,xlmr,0.9989673
v2_00100,ಹೊಡೆ,verb,train,1,xlmr,0.99991786
v2_00101,ಗಟ್ಟಿಯಾದಂತಹ,adjective,train,1,xlmr,0.99890244
v2_00102,ಹೊಡೆ,verb,train,0,xlmr,0.99538
v2_00103,ತೆಗೆ,verb,train,0,xlmr,0.98882574
v2_00104,ಹಾಕು,verb,train,1,xlmr,0.999811
v2_00105,ಆರಿಸು,verb,train,0,xlmr,0.9976554
v2_00106,ಹರಡು,verb,train,1,xlmr,0.9926789
v2_00107,ಗುಂಪು,noun,train,0,xlmr,0.9975858
v2_00108,ಹೊಡೆ,verb,train,1,xlmr,0.99983406
v2_00109,ಹೊಡೆ,verb,train,1,xlmr,0.9991727
v2_00110,ಶಕ್ತಿ,noun,train,1,xlmr,0.99991244
v2_00111,ಹೇಳು,verb,train,1,xlmr,0.9984701
v2_00112,ಓಡಿಸು,verb,train,1,xlmr,0.9999593
v2_00113,ದುಃಖ,noun,train,0,xlmr,0.9998727
v2_00114,ಹೇಳು,verb,train,0,xlmr,0.9995609
v2_00115,ಹರಡು,verb,train,0,xlmr,0.99976724
v2_00116,ಹಗ್ಗ,noun,train,0,xlmr,0.9942458
v2_00117,ಮುಚ್ಚು,verb,train,0,xlmr,0.99978656
v2_00118,ರಕ್ಷಿಸು,verb,train,1,xlmr,0.99814326
v2_00119,ಹೊಡೆ,verb,train,1,xlmr,0.99775726
v2_00120,ಜಗಳ,noun,train,0,xlmr,0.99962455
v2_00121,ತೆಗೆ,verb,train,0,xlmr,0.9985194
v2_00122,ಮುರಿ,verb,train,0,xlmr,0.9982294
v2_00123,ಗುಂಪು,noun,train,0,xlmr,0.99934083
v2_00124,ಹಗ್ಗ,noun,train,0,xlmr,0.9989953
v2_00125,ಬರು,verb,train,1,xlmr,0.99727476
v2_00126,ಮುರಿ,verb,train,0,xlmr,0.99992925
v2_00127,ಹಾಕು,verb,train,1,xlmr,0.9973224
v2_00128,ಹಾನಿ,noun,train,0,xlmr,0.9963891
v2_00129,ಆಗು,verb,train,0,xlmr,0.9997913
v2_00130,ಮಾಡು,verb,train,1,xlmr,0.9995958
v2_00131,ಹೊಡೆ,verb,train,0,xlmr,0.9993151
v2_00132,ಗಂಟು,noun,train,0,xlmr,0.99930817
v2_00133,ಮುರಿ,verb,train,0,xlmr,0.99702084
v2_00134,ದುಃಖ,noun,train,1,xlmr,0.99971724
v2_00135,ಜಗಳ,noun,train,0,xlmr,0.9996874
v2_00136,ಜ್ಞಾನ,noun,train,0,xlmr,0.99711794
v2_00137,ಮುಚ್ಚು,verb,train,0,xlmr,0.9995636
v2_00138,ಬಲೆ,noun,train,0,xlmr,0.9994079
v2_00139,ತೆಗೆ,verb,train,0,xlmr,0.99976206
v2_00140,ತೆಗೆ,verb,train,0,xlmr,0.9970105
v2_00141,ಗಟ್ಟಿಯಾದ,adjective,train,1,xlmr,0.9995458
v2_00142,ನಿಲ್ಲಿಸು,verb,train,1,xlmr,0.9997412
v2_00143,ತೆಗೆ,verb,train,0,xlmr,0.9995359
v2_00144,ಕಟ್ಟು,noun,train,1,xlmr,0.9774277
v2_00145,ಮುರಿ,verb,train,1,xlmr,0.998435
v2_00146,ಕಠಿಣವಾದ,adjective,train,1,xlmr,0.9991881
v2_00147,ಹಗ್ಗ,noun,train,1,xlmr,0.99995893
v2_00148,ಗಟ್ಟಿಯಾದ,adjective,train,1,xlmr,0.9984938
v2_00149,ವರ್ಗ,noun,train,0,xlmr,0.9984766
v2_00150,ಸಮೂಹ,noun,train,0,xlmr,0.9997943
v2_00151,ಅಧಿಕೃತ,adjective,train,0,xlmr,0.996536
v2_00152,ಆರಿಸು,verb,train,0,xlmr,0.9997626
v2_00153,ಬಲೆ,noun,train,0,xlmr,0.99937344
v2_00154,ಕಠಿಣವಾದ,adjective,train,0,xlmr,0.9998697
v2_00155,ಸಮೂಹ,noun,train,1,xlmr,0.99881953
v2_00156,ಅಧಿಕೃತ,adjective,train,1,xlmr,0.9991174
v2_00157,ನೀಚ,adjective,train,0,xlmr,0.9997302
v2_00158,ಒಣಗಿದ,adjective,train,1,xlmr,0.99631035
v2_00159,ಗಂಟು,noun,train,1,xlmr,0.99992484
v2_00160,ಆರಿಸು,verb,train,1,xlmr,0.9975815
v2_00161,ದಂಡ,noun,train,1,xlmr,0.999941
v2_00162,ಸಮಯ,noun,train,0,xlmr,0.99556255
v2_00163,ಅಧಿಕೃತ,adjective,train,1,xlmr,0.99724656
v2_00164,ವರ್ಗ,noun,train,1,xlmr,0.9910109
v2_00165,ಹೊಡೆ,verb,train,1,xlmr,0.9959447
v2_00166,ಮಾಡು,verb,train,0,xlmr,0.99897707
v2_00167,ನೀಚ,adjective,train,0,xlmr,0.9997914
v2_00168,ಮುರಿ,verb,train,1,xlmr,0.9999499
v2_00169,ಸಮೂಹ,noun,train,0,xlmr,0.99984765
v2_00170,ಮುಚ್ಚು,verb,train,0,xlmr,0.9995301
v2_00171,ಶಕ್ತಿ,noun,train,0,xlmr,0.999752
v2_00172,ಶಕ್ತಿ,noun,train,1,xlmr,0.9986523
v2_00173,ವರ್ಗ,noun,train,0,xlmr,0.9977062
v2_00174,ವರ್ಗ,noun,train,1,xlmr,0.9996331
v2_00175,ಹಾನಿ,noun,train,0,xlmr,0.99951494
v2_00176,ಶಕ್ತಿ,noun,train,1,xlmr,0.9973365
v2_00177,ತೆಗೆ,verb,train,1,xlmr,0.9996844
v2_00178,ಓಡಿಸು,verb,train,0,xlmr,0.99984425
v2_00179,ಹಗ್ಗ,noun,train,0,xlmr,0.998757
v2_00180,ಹೊಡೆ,verb,train,1,xlmr,0.9999043
v2_00181,ಕಟ್ಟು,noun,train,0,xlmr,0.99461395
v2_00182,ವರ್ಗ,noun,train,0,xlmr,0.999597
v2_00183,ಮುಚ್ಚು,verb,train,1,xlmr,0.99986905
v2_00184,ಮುರಿ,verb,train,1,xlmr,0.9960186
v2_00185,ಓಡಿಸು,verb,train,0,xlmr,0.99966395
v2_00186,ಕಠಿಣವಾದಂತ,adjective,train,0,xlmr,0.9996303
v2_00187,ಹೊಡೆ,verb,train,1,xlmr,0.9946045
v2_00188,ಹೇಳು,verb,train,0,xlmr,0.9995256
v2_00189,ಜಾಲ,noun,train,1,xlmr,0.9999266
v2_00190,ಮುಚ್ಚು,verb,train,1,xlmr,0.99992865
v2_00191,ಹೊಡೆ,verb,train,1,xlmr,0.9990142
v2_00192,ಸಮೂಹ,noun,train,0,xlmr,0.99979955
v2_00193,ಮುಚ್ಚು,verb,train,0,xlmr,0.9997184
v2_00194,ಜ್ಞಾನ,noun,train,0,xlmr,0.99723524
v2_00195,ಹಗ್ಗ,noun,train,1,xlmr,0.99639654
v2_00196,ಕಠಿಣವಾದ,adjective,train,1,xlmr,0.9991826
v2_00197,ಒಳ್ಳೆಯ,adjective,train,0,xlmr,0.9974052
v2_00198,ಮಾಡು,verb,train,1,xlmr,0.9982509
v2_00199,ಸ್ಥಿರವಾದಂತಹ,adjective,train,1,xlmr,0.9996001
v2_00200,ಮುಚ್ಚು,verb,train,1,xlmr,0.9989431
v2_00201,ಶಕ್ತಿ,noun,train,1,xlmr,0.99982816
v2_00202,ನಿಲ್ಲಿಸು,verb,train,1,xlmr,0.9998442
v2_00203,ಜ್ಞಾನ,noun,train,1,xlmr,0.9989924
v2_00204,ರಕ್ಷಿಸು,verb,train,1,xlmr,0.9996508
v2_00205,ಮುಚ್ಚು,verb,train,0,xlmr,0.9996982
v2_00206,ಸ್ಥಿರವಾದಂತಹ,adjective,train,1,xlmr,0.99373114
v2_00207,ನಿಲ್ಲಿಸು,verb,train,0,xlmr,0.9996557
v2_00208,ಸ್ಥಿರವಾದ,adjective,train,1,xlmr,0.99715495
v2_00209,ಕಟ್ಟು,noun,train,1,xlmr,0.99984556
v2_00210,ಮುಚ್ಚು,verb,train,0,xlmr,0.998185
v2_00211,ದಂಡ,noun,train,1,xlmr,0.9998252
v2_00212,ಸಮೂಹ,noun,train,0,xlmr,0.99920756
v2_00213,ಕಠಿಣ,adjective,train,1,xlmr,0.9997826
v2_00214,ಹರಡು,verb,train,0,xlmr,0.9995899
v2_00215,ಆಗು,verb,train,0,xlmr,0.999753
v2_00216,ಹಗ್ಗ,noun,train,1,xlmr,0.99957687
v2_00217,ಪೆಟ್ಟು,noun,train,1,xlmr,0.9999063
v2_00218,ನಿಲ್ಲಿಸು,verb,train,1,xlmr,0.99344814
v2_00219,ವರ್ಗ,noun,train,1,xlmr,0.996341
v2_00220,ಕಠಿಣವಾದಂತ,adjective,train,1,xlmr,0.9996032
v2_00221,ಹೇಳು,verb,train,0,xlmr,0.9968546
v2_00222,ಹಾನಿ,noun,train,1,xlmr,0.9984165
v2_00223,ಮುಚ್ಚು,verb,train,0,xlmr,0.99964964
v2_00224,ವರ್ಗ,noun,train,0,xlmr,0.9954678
v2_00225,ಹಗ್ಗ,noun,train,1,xlmr,0.9997838
v2_00226,ಜಾಲ,noun,train,1,xlmr,0.9925245
v2_00227,ಆರಿಸು,verb,train,0,xlmr,0.9991659
v2_00228,ತೆಗೆ,verb,train,0,xlmr,0.99947035
v2_00229,ಗುಂಪು,noun,train,0,xlmr,0.9991625
v2_00230,ಹೇಳು,verb,train,0,xlmr,0.9996283
v2_00231,ಹೊಡೆ,verb,train,0,xlmr,0.9989799
v2_00232,ಕಠಿಣವಾದ,adjective,train,0,xlmr,0.9955391
v2_00233,ಮಾಡು,verb,train,1,xlmr,0.99983084
v2_00234,ಒಣಗಿದ,adjective,train,1,xlmr,0.9991508
v2_00235,ಪೆಟ್ಟು,noun,train,1,xlmr,0.999849
v2_00236,ದಂಡ,noun,train,0,xlmr,0.9994709
v2_00237,ಹೇಳು,verb,train,1,xlmr,0.9961356
v2_00238,ಬಲೆ,noun,train,1,xlmr,0.99874824
v2_00239,ಕಟ್ಟು,noun,train,1,xlmr,0.9909583
v2_00240,ಹಾನಿ,noun,train,1,xlmr,0.9998808
v2_00241,ಬಲೆ,noun,train,1,xlmr,0.9996133
v2_00242,ಹಾನಿ,noun,train,1,xlmr,0.9990816
v2_00243,ಜಾಲ,noun,train,1,xlmr,0.99950284
v2_00244,ಆಗು,verb,train,0,xlmr,0.9965934
v2_00245,ದಂಡ,noun,train,1,xlmr,0.99937147
v2_00246,ಸಮಯ,noun,train,0,xlmr,0.99668056
v2_00247,ಬರು,verb,train,0,xlmr,0.99966764
v2_00248,ತೆಗೆ,verb,train,0,xlmr,0.99846244
v2_00249,ಕಟ್ಟು,noun,train,0,xlmr,0.99962026
v2_00250,ಹೇಳು,verb,train,0,xlmr,0.9998014
v2_00251,ವರ್ಗ,noun,train,1,xlmr,0.9988134
v2_00252,ಪೆಟ್ಟು,noun,train,0,xlmr,0.9993868
v2_00253,ಆರಿಸು,verb,train,0,xlmr,0.9954166
v2_00254,ದುಃಖ,noun,train,1,xlmr,0.9997466
v2_00255,ಹೊಡೆ,verb,train,1,xlmr,0.99137455
v2_00256,ಅಧಿಕೃತ,adjective,train,1,xlmr,0.99595183
v2_00257,ಓಡಿಸು,verb,train,1,xlmr,0.9999084
v2_00258,ಹಾನಿ,noun,train,1,xlmr,0.9994272
v2_00259,ಜಾಲ,noun,train,0,xlmr,0.9928358
v2_00260,ಹಾನಿ,noun,train,0,xlmr,0.9992259
v2_00261,ಜ್ಞಾನ,noun,train,1,xlmr,0.9997169
v2_00262,ಆರಿಸು,verb,train,0,xlmr,0.999711
v2_00263,ಆಗು,verb,train,0,xlmr,0.99764854
v2_00264,ಮುಚ್ಚು,verb,train,0,xlmr,0.99473
v2_00265,ಸ್ಥಿರವಾದ,adjective,train,0,xlmr,0.9996885
v2_00266,ಹೇಳು,verb,train,0,xlmr,0.9968858
v2_00267,ದುಃಖ,noun,train,1,xlmr,0.9991948
v2_00268,ಹೇಳು,verb,train,0,xlmr,0.99979466
v2_00269,ಗಂಟು,noun,train,1,xlmr,0.9999635
v2_00270,ಗಟ್ಟಿಯಾದಂತ,adjective,train,1,xlmr,0.99976456
v2_00271,ಕಟ್ಟು,noun,train,1,xlmr,0.99764955
v2_00272,ಹೇಳು,verb,train,0,xlmr,0.9995665
v2_00273,ನಿಲ್ಲಿಸು,verb,train,0,xlmr,0.9996344
v2_00274,ಸಮಯ,noun,train,1,xlmr,0.9997857
v2_00275,ತೆಗೆ,verb,train,0,xlmr,0.99973506
v2_00276,ಜ್ಞಾನ,noun,train,0,xlmr,0.9986705
v2_00277,ಮುರಿ,verb,train,0,xlmr,0.9997598
v2_00278,ತೆಗೆ,verb,train,0,xlmr,0.9997957
v2_00279,ರಕ್ಷಿಸು,verb,train,1,xlmr,0.99706423
v2_00280,ಗಟ್ಟಿಯಾದಂತಹ,adjective,train,1,xlmr,0.99900794
v2_00281,ಜ್ಞಾನ,noun,train,0,xlmr,0.99961764
v2_00282,ಶಕ್ತಿ,noun,train,1,xlmr,0.9978598
v2_00283,ಆರಿಸು,verb,train,1,xlmr,0.9993073
v2_00284,ತೆಗೆ,verb,train,0,xlmr,0.997679
v2_00285,ಹೊಡೆ,verb,train,1,xlmr,0.99993473
v2_00286,ಶಕ್ತಿ,noun,train,1,xlmr,0.9999151
v2_00287,ಬಲೆ,noun,train,0,xlmr,0.99818075
v2_00288,ಜ್ಞಾನ,noun,train,1,xlmr,0.99969834
v2_00289,ಕಟ್ಟು,noun,train,0,xlmr,0.99933475
v2_00290,ಸ್ಥಿರವಾದ,adjective,train,0,xlmr,0.99650407
v2_00291,ಕಟ್ಟು,noun,train,1,xlmr,0.99983335
v2_00292,ನಿಲ್ಲಿಸು,verb,train,0,xlmr,0.9998693
v2_00293,ಆಗು,verb,train,1,xlmr,0.9973996
v2_00294,ಬಲೆ,noun,train,1,xlmr,0.9958574
v2_00295,ತೆಗೆ,verb,train,1,xlmr,0.99961084
v2_00296,ಆಗು,verb,train,0,xlmr,0.9994093
v2_00297,ಸಮಯ,noun,train,1,xlmr,0.99549484
v2_00298,ಹಗ್ಗ,noun,train,1,xlmr,0.99785984
v2_00299,ಕಠಿಣವಾದ,adjective,train,0,xlmr,0.99976945
v2_00300,ಒಣಗಿದ,adjective,train,1,xlmr,0.99871844
v2_00301,ಆಗು,verb,train,1,xlmr,0.997921
v2_00302,ಹೇಳು,verb,train,0,xlmr,0.99884206
v2_00303,ತೆಗೆ,verb,train,1,xlmr,0.99868953
v2_00304,ಹೊಡೆ,verb,train,1,xlmr,0.9986639
v2_00305,ತೆಗೆ,verb,train,1,xlmr,0.9982665
v2_00306,ಮಾಡು,verb,train,0,xlmr,0.99986166
v2_00307,ಜ್ಞಾನ,noun,train,1,xlmr,0.9995369
v2_00308,ವರ್ಗ,noun,train,0,xlmr,0.99921757
v2_00309,ಸ್ಥಿರವಾದಂತಹ,adjective,train,0,xlmr,0.9982133
v2_00310,ದಂಡ,noun,train,1,xlmr,0.9997189
v2_00311,ಸ್ಥಿರವಾದಂತ,adjective,train,0,xlmr,0.99912554
v2_00312,ಹಾನಿ,noun,train,0,xlmr,0.9992086
v2_00313,ಶಕ್ತಿ,noun,train,1,xlmr,0.9993075
v2_00314,ದಂಡ,noun,train,1,xlmr,0.9997186
v2_00315,ಹಾನಿ,noun,train,1,xlmr,0.9999513
v2_00316,ತೆಗೆ,verb,train,1,xlmr,0.99954337
v2_00317,ಮುಚ್ಚು,verb,train,0,xlmr,0.9952356
v2_00318,ಜಗಳ,noun,train,0,xlmr,0.99985474
v2_00319,ಹೊಡೆ,verb,train,0,xlmr,0.9877782
v2_00320,ಕಠಿಣ,adjective,train,0,xlmr,0.9997052
v2_00321,ಶಕ್ತಿ,noun,train,1,xlmr,0.9996274
v2_00322,ಜಗಳ,noun,train,1,xlmr,0.9995568
v2_00323,ಕಟ್ಟು,noun,train,0,xlmr,0.99829507
v2_00324,ಆರಿಸು,verb,train,0,xlmr,0.99974144
v2_00325,ಒಳ್ಳೆಯ,adjective,train,0,xlmr,0.99426806
v2_00326,ಬಲೆ,noun,train,1,xlmr,0.99989134
v2_00327,ಬಲೆ,noun,train,1,xlmr,0.9998405
v2_00328,ಬಲೆ,noun,train,0,xlmr,0.9957481
v2_00329,ಗಂಟು,noun,train,0,xlmr,0.9995136
v2_00330,ಗಂಟು,noun,train,1,xlmr,0.9942578
v2_00331,ಹೇಳು,verb,train,0,xlmr,0.99979424
v2_00332,ತೆಗೆ,verb,train,0,xlmr,0.9974487
v2_00333,ಕಠಿಣ,adjective,train,1,xlmr,0.99988633
v2_00334,ಜ್ಞಾನ,noun,train,1,xlmr,0.99897915
v2_00335,ಆರಿಸು,verb,train,0,xlmr,0.9975328
v2_00336,ಮುಚ್ಚು,verb,train,0,xlmr,0.99408907
v2_00337,ದಂಡ,noun,train,0,xlmr,0.99958384
v2_00338,ದಂಡ,noun,train,1,xlmr,0.98742753
v2_00339,ಮಾಡು,verb,train,1,xlmr,0.9951436
v2_00340,ತೆಗೆ,verb,train,0,xlmr,0.9997112
v2_00341,ಮುರಿ,verb,train,1,xlmr,0.99873155
v2_00342,ಜಾಲ,noun,train,1,xlmr,0.99982786
v2_00343,ಓಡಿಸು,verb,train,1,xlmr,0.9999184
v2_00344,ಗಂಟು,noun,train,1,xlmr,0.99921423
v2_00345,ಕಟ್ಟು,noun,train,1,xlmr,0.9976464
v2_00346,ಸಮೂಹ,noun,train,1,xlmr,0.9997919
v2_00347,ಹೇಳು,verb,train,0,xlmr,0.9982588
v2_00348,ಹಗ್ಗ,noun,train,1,xlmr,0.99969304
v2_00349,ಗಂಟು,noun,train,0,xlmr,0.99707663
v2_00350,ಶಕ್ತಿ,noun,train,0,xlmr,0.9996691
v2_00351,ದುಃಖ,noun,train,1,xlmr,0.99907994
v2_00352,ಹೇಳು,verb,train,0,xlmr,0.9998156
v2_00353,ತೆಗೆ,verb,train,0,xlmr,0.9980678
v2_00354,ಮುರಿ,verb,train,0,xlmr,0.99513584
v2_00355,ಹಾನಿ,noun,train,0,xlmr,0.9989652
v2_00356,ಆರಿಸು,verb,train,1,xlmr,0.9994774
v2_00357,ಶಕ್ತಿ,noun,train,0,xlmr,0.9953661
v2_00358,ಹೊಡೆ,verb,train,1,xlmr,0.9993034
v2_00359,ಹರಡು,verb,train,0,xlmr,0.9981197
v2_00360,ಮುಚ್ಚು,verb,train,1,xlmr,0.99987143
v2_00361,ಸಮಯ,noun,train,1,xlmr,0.9777033
v2_00362,ತೆಗೆ,verb,train,1,xlmr,0.9980152
v2_00363,ಗಟ್ಟಿಯಾದ,adjective,train,0,xlmr,0.9985659
v2_00364,ತೆಗೆ,verb,train,0,xlmr,0.9964185
v2_00365,ಜಗಳ,noun,train,1,xlmr,0.9927206
v2_00366,ಮುಚ್ಚು,verb,train,0,xlmr,0.99994177
v2_00367,ಕಠಿಣವಾದ,adjective,train,0,xlmr,0.99943084
v2_00368,ಒಳ್ಳೆಯ,adjective,train,1,xlmr,0.9903315
v2_00369,ಕಠಿಣ,adjective,train,0,xlmr,0.99976754
v2_00370,ಜಗಳ,noun,train,0,xlmr,0.99730664
v2_00371,ಕಠಿಣವಾದಂತ,adjective,train,1,xlmr,0.9999062
v2_00372,ಗಂಟು,noun,train,0,xlmr,0.9968343
v2_00373,ಹೊಡೆ,verb,train,1,xlmr,0.99995023
v2_00374,ಹಾಕು,verb,train,0,xlmr,0.999555
v2_00375,ಶಕ್ತಿ,noun,train,0,xlmr,0.99973094
v2_00376,ದಂಡ,noun,train,1,xlmr,0.99573004
v2_00377,ವರ್ಗ,noun,train,0,xlmr,0.9975086
v2_00378,ತೆಗೆ,verb,train,0,xlmr,0.9993471
v2_00379,ಮುಚ್ಚು,verb,train,0,xlmr,0.9998564
v2_00380,ಅಧಿಕೃತ,adjective,train,1,xlmr,0.99757826
v2_00381,ಹಾಕು,verb,train,0,xlmr,0.9997801
v2_00382,ಹಾಕು,verb,train,0,xlmr,0.9988271
v2_00383,ಹಾನಿ,noun,train,0,xlmr,0.99909955
v2_00384,ದಂಡ,noun,train,0,xlmr,0.99939954
v2_00385,ಆಗು,verb,train,1,xlmr,0.9882094
v2_00386,ದುಃಖ,noun,train,0,xlmr,0.9992422
v2_00387,ಮುರಿ,verb,train,1,xlmr,0.9961059
v2_00388,ಹೇಳು,verb,train,1,xlmr,0.99992335
v2_00389,ಹಾನಿ,noun,train,1,xlmr,0.9935219
v2_00390,ಸ್ಥಿರವಾದ,adjective,train,1,xlmr,0.99965227
v2_00391,ಹರಡು,verb,train,0,xlmr,0.99985313
v2_00392,ಗಟ್ಟಿಯಾದ,adjective,train,0,xlmr,0.99915594
v2_00393,ಮುರಿ,verb,train,0,xlmr,0.996547
v2_00394,ವರ್ಗ,noun,train,1,xlmr,0.9999438
v2_00395,ಬರು,verb,train,1,xlmr,0.99987864
v2_00396,ಅಧಿಕೃತ,adjective,train,0,xlmr,0.9993155
v2_00397,ಹೊಡೆ,verb,train,0,xlmr,0.99949306
v2_00398,ಗಟ್ಟಿಯಾದ,adjective,train,0,xlmr,0.9992637
v2_00399,ಶಕ್ತಿ,noun,train,1,xlmr,0.999365
v2_00400,ಮುರಿ,verb,train,0,xlmr,0.9945528
v2_00401,ಹಗ್ಗ,noun,train,1,xlmr,0.99988836
v2_00402,ಆರಿಸು,verb,train,1,xlmr,0.99976826
v2_00403,ಸಮಯ,noun,train,1,xlmr,0.9949079
v2_00404,ಹೇಳು,verb,train,0,xlmr,0.99785244
v2_00405,ಬರು,verb,train,0,xlmr,0.999472
v2_00406,ದಂಡ,noun,train,0,xlmr,0.9988426
v2_00407,ಕಟ್ಟು,noun,train,1,xlmr,0.99502003
v2_00408,ಹರಡು,verb,train,0,xlmr,0.999483
v2_00409,ದಂಡ,noun,train,1,xlmr,0.9989013
v2_00410,ಮಾಡು,verb,train,1,xlmr,0.99988735
v2_00411,ಆರಿಸು,verb,train,0,xlmr,0.9992915
v2_00412,ಗಂಟು,noun,train,0,xlmr,0.999684
v2_00413,ಬರು,verb,train,1,xlmr,0.9949408
v2_00414,ಸ್ಥಿರವಾದಂತಹ,adjective,train,0,xlmr,0.9995465
v2_00415,ಸಮೂಹ,noun,train,0,xlmr,0.99963236
v2_00416,ರಕ್ಷಿಸು,verb,train,0,xlmr,0.999513
v2_00417,ಒಣಗಿದ,adjective,train,1,xlmr,0.9983547
v2_00418,ಸಮೂಹ,noun,train,0,xlmr,0.9997355
v2_00419,ಆರಿಸು,verb,train,0,xlmr,0.9997745
v2_00420,ಹೇಳು,verb,train,0,xlmr,0.9997643
v2_00421,ಮುರಿ,verb,train,0,xlmr,0.99965405
v2_00422,ಸಮಯ,noun,train,1,xlmr,0.9991432
v2_00423,ದಂಡ,noun,train,0,xlmr,0.98983276
v2_00424,ಹಗ್ಗ,noun,train,1,xlmr,0.99802357
v2_00425,ಕಠಿಣವಾದ,adjective,train,1,xlmr,0.9998797
v2_00426,ಹಾಕು,verb,train,1,xlmr,0.99901015
v2_00427,ಆಗು,verb,train,0,xlmr,0.999351
v2_00428,ಮುಚ್ಚು,verb,train,0,xlmr,0.99970263
v2_00429,ಗಟ್ಟಿಯಾದ,adjective,train,1,xlmr,0.9907841
v2_00430,ಹೊಡೆ,verb,train,0,xlmr,0.98955846
v2_00431,ಆಗು,verb,train,0,xlmr,0.997742
v2_00432,ಹಗ್ಗ,noun,train,1,xlmr,0.9999316
v2_00433,ಹಾನಿ,noun,train,1,xlmr,0.9980119
v2_00434,ಹಗ್ಗ,noun,train,1,xlmr,0.9997376
v2_00435,ಸ್ಥಿರವಾದ,adjective,train,0,xlmr,0.99792665
v2_00436,ಹೊಡೆ,verb,train,1,xlmr,0.99965084
v2_00437,ದುಃಖ,noun,train,1,xlmr,0.9996104
v2_00438,ಪೆಟ್ಟು,noun,train,1,xlmr,0.99985224
v2_00439,ಮಾಡು,verb,train,0,xlmr,0.9963114
v2_00440,ಗಂಟು,noun,train,1,xlmr,0.99988866
v2_00441,ಶಕ್ತಿ,noun,train,0,xlmr,0.9998271
v2_00442,ತೆಗೆ,verb,train,0,xlmr,0.9989791
v2_00443,ಹಾನಿ,noun,train,0,xlmr,0.9985122
v2_00444,ಮುರಿ,verb,train,0,xlmr,0.99971443
v2_00445,ಶಕ್ತಿ,noun,train,0,xlmr,0.9984899
v2_00446,ಸಮಯ,noun,train,0,xlmr,0.9988385
v2_00447,ಹಾಕು,verb,train,0,xlmr,0.9996806
v2_00448,ಗಟ್ಟಿಯಾದ,adjective,train,1,xlmr,0.9989901
v2_00449,ಜಾಲ,noun,validation,0,xlmr,0.9996687
v2_00450,ನಿಲ್ಲಿಸು,verb,validation,0,xlmr,0.9997763
v2_00451,ದಂಡ,noun,validation,0,xlmr,0.9981594
v2_00452,ಹಗ್ಗ,noun,validation,1,xlmr,0.9998484
v2_00453,ಮಾಡು,verb,validation,0,xlmr,0.99962157
v2_00454,ಹೇಳು,verb,validation,1,xlmr,0.9965689
v2_00455,ಜಾಲ,noun,validation,1,xlmr,0.9938605
v2_00456,ಒಣಗಿದ,adjective,validation,1,xlmr,0.99933606
v2_00457,ಓಡಿಸು,verb,validation,0,xlmr,0.9998015
v2_00458,ಹೊಡೆ,verb,validation,0,xlmr,0.9833444
v2_00459,ಆರಿಸು,verb,validation,1,xlmr,0.99799514
v2_00460,ದುಃಖ,noun,validation,0,xlmr,0.99925154
v2_00461,ಜಗಳ,noun,validation,0,xlmr,0.9997415
v2_00462,ಕಠಿಣವಾದ,adjective,validation,0,xlmr,0.9998226
v2_00463,ಜ್ಞಾನ,noun,validation,1,xlmr,0.9987049
v2_00464,ಹರಡು,verb,validation,0,xlmr,0.9963052
v2_00465,ಹೇಳು,verb,validation,0,xlmr,0.99967337
v2_00466,ಶಕ್ತಿ,noun,validation,0,xlmr,0.99977726
v2_00467,ಹಾಳು_ಮಾಡು,verb,validation,1,xlmr,0.99973214
v2_00468,ವರ್ಗ,noun,validation,1,xlmr,0.99996036
v2_00469,ಪೆಟ್ಟು,noun,validation,1,xlmr,0.9964004
v2_00470,ಹೇಳು,verb,validation,0,xlmr,0.99980587
v2_00471,ಜಗಳ,noun,validation,0,xlmr,0.9996832
v2_00472,ಮುರಿ,verb,validation,1,xlmr,0.9998525
v2_00473,ದುಃಖ,noun,validation,1,xlmr,0.9993758
v2_00474,ಶಕ್ತಿ,noun,validation,0,xlmr,0.99906796
v2_00475,ಹಾಳು_ಮಾಡು,verb,validation,0,xlmr,0.99954635
v2_00476,ನಿಲ್ಲಿಸು,verb,validation,0,xlmr,0.9964836
v2_00477,ಒಳ್ಳೆಯ,adjective,validation,0,xlmr,0.994179
v2_00478,ಹಾಳು_ಮಾಡು,verb,validation,0,xlmr,0.99947405
v2_00479,ದುಃಖ,noun,validation,1,xlmr,0.9965422
v2_00480,ದಂಡ,noun,validation,0,xlmr,0.9991243
v2_00481,ಹಗ್ಗ,noun,validation,1,xlmr,0.99984545
v2_00482,ಒಳ್ಳೆಯ,adjective,validation,1,xlmr,0.99986553
v2_00483,ಕಟ್ಟು,noun,validation,1,xlmr,0.9999716
v2_00484,ಪೆಟ್ಟು,noun,validation,1,xlmr,0.9992688
v2_00485,ತೆಗೆ,verb,validation,0,xlmr,0.9995163
v2_00486,ಸ್ಥಿರವಾದಂತಹ,adjective,validation,1,xlmr,0.99991107
v2_00487,ಹರಡು,verb,validation,1,xlmr,0.9987167
v2_00488,ನೀಚ,adjective,validation,1,xlmr,0.9998248
v2_00489,ಹೇಳು,verb,validation,0,xlmr,0.9994172
v2_00490,ಹೇಳು,verb,validation,0,xlmr,0.9981611
v2_00491,ಹರಡು,verb,validation,1,xlmr,0.9998722
v2_00492,ದಂಡ,noun,validation,0,xlmr,0.99964345
v2_00493,ಮಾಡು,verb,validation,1,xlmr,0.99963224
v2_00494,ಹೇಳು,verb,validation,1,xlmr,0.99652165
v2_00495,ಶಕ್ತಿ,noun,validation,0,xlmr,0.9997509
v2_00496,ಕಠಿಣವಾದ,adjective,validation,1,xlmr,0.9985635
v2_00497,ಆಗು,verb,validation,1,xlmr,0.9998533
v2_00498,ಮುಚ್ಚು,verb,validation,0,xlmr,0.9981954
v2_00499,ಹೊಡೆ,verb,validation,1,xlmr,0.9989372
v2_00500,ಬಲೆ,noun,validation,0,xlmr,0.9994945
v2_00501,ಹಾಕು,verb,validation,0,xlmr,0.9997978
v2_00502,ರಕ್ಷಿಸು,verb,validation,1,xlmr,0.9998477
v2_00503,ಗಟ್ಟಿಯಾದ,adjective,validation,0,xlmr,0.9881763
v2_00504,ಹೇಳು,verb,validation,0,xlmr,0.9994363
v2_00505,ಹರಡು,verb,validation,0,xlmr,0.99506176
v2_00506,ಹಾನಿ,noun,validation,0,xlmr,0.9995048
v2_00507,ಹಾಕು,verb,validation,0,xlmr,0.99972504
v2_00508,ಶಕ್ತಿ,noun,validation,0,xlmr,0.9954577
v2_00509,ಒಣಗಿದ,adjective,validation,1,xlmr,0.99972737
v2_00510,ದಂಡ,noun,validation,0,xlmr,0.99971247
v2_00511,ಬಲೆ,noun,validation,0,xlmr,0.99802935
v2_00512,ಗಟ್ಟಿಯಾದ,adjective,validation,1,xlmr,0.99816835
v2_00513,ಪೆಟ್ಟು,noun,validation,0,xlmr,0.9990717
v2_00514,ತೆಗೆ,verb,validation,0,xlmr,0.99970704
v2_00515,ತೆಗೆ,verb,validation,1,xlmr,0.99768865
v2_00516,ಮುರಿ,verb,validation,1,xlmr,0.99986786
v2_00517,ಪೆಟ್ಟು,noun,validation,1,xlmr,0.99972683
v2_00518,ಹರಡು,verb,validation,1,xlmr,0.99968225
v2_00519,ಹೊಡೆ,verb,validation,1,xlmr,0.9976923
v2_00520,ಓಡಿಸು,verb,validation,0,xlmr,0.9998226
v2_00521,ಹಗ್ಗ,noun,validation,0,xlmr,0.9997542
v2_00522,ಗಂಟು,noun,validation,0,xlmr,0.99457586
v2_00523,ಹಗ್ಗ,noun,validation,1,xlmr,0.99995285
v2_00524,ಜ್ಞಾನ,noun,validation,1,xlmr,0.9989102
v2_00525,ಪೆಟ್ಟು,noun,validation,0,xlmr,0.9996593
v2_00526,ತೆಗೆ,verb,validation,0,xlmr,0.9994897
v2_00527,ಬಲೆ,noun,validation,1,xlmr,0.999934
v2_00528,ತೆಗೆ,verb,validation,0,xlmr,0.9995647
v2_00529,ಹಾಕು,verb,validation,0,xlmr,0.9997106
v2_00530,ಹೇಳು,verb,validation,0,xlmr,0.99967694
v2_00531,ಅಧಿಕೃತ,adjective,validation,1,xlmr,0.9968402
v2_00532,ಹಗ್ಗ,noun,validation,1,xlmr,0.9993259
v2_00533,ಹಾನಿ,noun,validation,0,xlmr,0.9808769
v2_00534,ಸಮೂಹ,noun,validation,1,xlmr,0.9992257
v2_00535,ಕಠಿಣವಾದಂತ,adjective,validation,0,xlmr,0.9991703
v2_00536,ದುಃಖ,noun,validation,0,xlmr,0.99921757
v2_00537,ಸಮಯ,noun,validation,1,xlmr,0.9974001
v2_00538,ಮುರಿ,verb,validation,1,xlmr,0.99688643
v2_00539,ಗಂಟು,noun,validation,1,xlmr,0.99899995
v2_00540,ಹಾನಿ,noun,validation,1,xlmr,0.9980248
v2_00541,ಸಮಯ,noun,validation,1,xlmr,0.99595374
v2_00542,ಹೊಡೆ,verb,validation,0,xlmr,0.99829847
v2_00543,ಬಲೆ,noun,validation,1,xlmr,0.99968463
v2_00544,ಒಳ್ಳೆಯ,adjective,validation,0,xlmr,0.98960847
v2_00545,ಕಠಿಣವಾದ,adjective,test,0,xlmr,0.9980208
v2_00546,ಜಾಲ,noun,test,1,xlmr,0.9994393
v2_00547,ಹೊಡೆ,verb,test,0,xlmr,0.9998687
v2_00548,ಮುಚ್ಚು,verb,test,0,xlmr,0.99972093
v2_00549,ದಂಡ,noun,test,0,xlmr,0.99963945
v2_00550,ಮಾಡು,verb,test,1,xlmr,0.999707
v2_00551,ಮುರಿ,verb,test,1,xlmr,0.99735796
v2_00552,ಕಠಿಣವಾದ,adjective,test,0,xlmr,0.9976322
v2_00553,ಒಣಗಿದ,adjective,test,1,xlmr,0.99964464
v2_00554,ಜಗಳ,noun,test,0,xlmr,0.9997787
v2_00555,ಪೆಟ್ಟು,noun,test,0,xlmr,0.9994829
v2_00556,ಹಗ್ಗ,noun,test,1,xlmr,0.9996179
v2_00557,ಒಣಗಿದ,adjective,test,1,xlmr,0.9985162
v2_00558,ಮುರಿ,verb,test,1,xlmr,0.9969163
v2_00559,ಮುಚ್ಚು,verb,test,1,xlmr,0.99991214
v2_00560,ಹಾಳು_ಮಾಡು,verb,test,0,xlmr,0.99958307
v2_00561,ಒಣಗಿದ,adjective,test,0,xlmr,0.9992613
v2_00562,ಹಾಳು_ಮಾಡು,verb,test,1,xlmr,0.9998922
v2_00563,ಗಂಟು,noun,test,1,xlmr,0.9998912
v2_00564,ತೆಗೆ,verb,test,1,xlmr,0.9985239
v2_00565,ದುಃಖ,noun,test,0,xlmr,0.9999005
v2_00566,ಅಧಿಕೃತ,adjective,test,1,xlmr,0.99721175
v2_00567,ದುಃಖ,noun,test,1,xlmr,0.9996868
v2_00568,ಗಟ್ಟಿಯಾದಂತ,adjective,test,0,xlmr,0.9979509
v2_00569,ಹರಡು,verb,test,0,xlmr,0.999554
v2_00570,ಮಾಡು,verb,test,0,xlmr,0.99887794
v2_00571,ದಂಡ,noun,test,1,xlmr,0.9989787
v2_00572,ಹೊಡೆ,verb,test,1,xlmr,0.9940965
v2_00573,ಕಟ್ಟು,noun,test,1,xlmr,0.994087
v2_00574,ಹಾಳು_ಮಾಡು,verb,test,0,xlmr,0.9979333
v2_00575,ಹಾನಿ,noun,test,0,xlmr,0.99990493
v2_00576,ಹೇಳು,verb,test,0,xlmr,0.999626
v2_00577,ಜ್ಞಾನ,noun,test,1,xlmr,0.99936473
v2_00578,ಹರಡು,verb,test,0,xlmr,0.9996573
v2_00579,ಸ್ಥಿರವಾದ,adjective,test,0,xlmr,0.9998022
v2_00580,ಹೊಡೆ,verb,test,1,xlmr,0.99938345
v2_00581,ಕಟ್ಟು,noun,test,0,xlmr,0.9938117
v2_00582,ಕಠಿಣವಾದಂತಹ,adjective,test,0,xlmr,0.99984324
v2_00583,ವರ್ಗ,noun,test,1,xlmr,0.9949957
v2_00584,ಒಳ್ಳೆಯ,adjective,test,1,xlmr,0.99332374
v2_00585,ಸಮಯ,noun,test,1,xlmr,0.9995861
v2_00586,ಜ್ಞಾನ,noun,test,0,xlmr,0.9996655
v2_00587,ಮುರಿ,verb,test,0,xlmr,0.9998153
v2_00588,ತೆಗೆ,verb,test,0,xlmr,0.9967835
v2_00589,ದುಃಖ,noun,test,0,xlmr,0.999786
v2_00590,ಹರಡು,verb,test,1,xlmr,0.99972767
v2_00591,ತೆಗೆ,verb,test,0,xlmr,0.99838364
v2_00592,ಗುಂಪು,noun,test,0,xlmr,0.9994406
v2_00593,ಮಾಡು,verb,test,0,xlmr,0.9995958
v2_00594,ಜಗಳ,noun,test,1,xlmr,0.9985767
v2_00595,ಹಾಳು_ಮಾಡು,verb,test,1,xlmr,0.9999276
v2_00596,ದಂಡ,noun,test,1,xlmr,0.99993753
v2_00597,ಮಾಡು,verb,test,0,xlmr,0.99947596
v2_00598,ಕಟ್ಟು,noun,test,1,xlmr,0.9999456
v2_00599,ಜ್ಞಾನ,noun,test,1,xlmr,0.99934584
v2_00600,ದಂಡ,noun,test,0,xlmr,0.9994257
v2_00601,ಹಾನಿ,noun,test,0,xlmr,0.9994292
v2_00602,ಹೊಡೆ,verb,test,0,xlmr,0.99931026
v2_00603,ಆಗು,verb,test,0,xlmr,0.99991524
v2_00604,ಜಗಳ,noun,test,1,xlmr,0.99770457
v2_00605,ಸಮೂಹ,noun,test,0,xlmr,0.9996903
v2_00606,ಗಂಟು,noun,test,0,xlmr,0.99165297
v2_00607,ಗಟ್ಟಿಯಾದಂತ,adjective,test,1,xlmr,0.9998538
v2_00608,ಆರಿಸು,verb,test,0,xlmr,0.99952567
v2_00609,ಹೊಡೆ,verb,test,0,xlmr,0.98407376
v2_00610,ಓಡಿಸು,verb,test,1,xlmr,0.9997131
v2_00611,ಹೊಡೆ,verb,test,0,xlmr,0.9997762
v2_00612,ಹಗ್ಗ,noun,test,0,xlmr,0.9970193
v2_00613,ತೆಗೆ,verb,test,1,xlmr,0.9995554
v2_00614,ಮಾಡು,verb,test,1,xlmr,0.9907604
v2_00615,ಶಕ್ತಿ,noun,test,1,xlmr,0.9999249
v2_00616,ವರ್ಗ,noun,test,0,xlmr,0.99964476
v2_00617,ವರ್ಗ,noun,test,1,xlmr,0.9999468
v2_00618,ಸಮಯ,noun,test,1,xlmr,0.99944013
v2_00619,ಆಗು,verb,test,1,xlmr,0.9998895
v2_00620,ಸಮಯ,noun,test,0,xlmr,0.9960626
v2_00621,ಬರು,verb,test,0,xlmr,0.9829633
v2_00622,ಒಣಗಿದ,adjective,test,0,xlmr,0.994911
v2_00623,ಮಾಡು,verb,test,0,xlmr,0.9991032
v2_00624,ಆರಿಸು,verb,test,1,xlmr,0.999786
v2_00625,ದುಃಖ,noun,test,1,xlmr,0.9992962
v2_00626,ಬಲೆ,noun,test,1,xlmr,0.99968517
v2_00627,ಮಾಡು,verb,test,0,xlmr,0.99864817
v2_00628,ಓಡಿಸು,verb,test,1,xlmr,0.99244106
v2_00629,ಜಗಳ,noun,test,0,xlmr,0.9996579
v2_00630,ಜಾಲ,noun,test,0,xlmr,0.99204
v2_00631,ಹೊಡೆ,verb,test,1,xlmr,0.99766165
v2_00632,ಜಾಲ,noun,test,0,xlmr,0.99966085
v2_00633,ಸಮಯ,noun,test,1,xlmr,0.9980898
v2_00634,ಶಕ್ತಿ,noun,test,0,xlmr,0.9997144
v2_00635,ಆಗು,verb,test,1,xlmr,0.9998605
v2_00636,ಆರಿಸು,verb,test,1,xlmr,0.99622816
v2_00637,ಕಟ್ಟು,noun,test,1,xlmr,0.9787917
v2_00638,ಪೆಟ್ಟು,noun,test,1,xlmr,0.999884
v2_00639,ತೆಗೆ,verb,test,0,xlmr,0.99744636
v2_00640,ಹೇಳು,verb,test,1,xlmr,0.9997893
