word,romanization,sense_id,sense_gloss,sentence,sentence_key
ಮಾತು,mātu,1,Word/speech,ನನ್ನ ಮಾತು ಆಲಿಸಿ.,ನನ್ನ ಮಾತು ಆಲಿಸಿ
ಮಾತು,mātu,1,Word/speech,ಆ ಮಾತು ನಿಜವಾಗಿದೆ.,ಆ ಮಾತು ನಿಜವಾಗಿದೆ
ಮಾತು,mātu,1,Word/speech,"ಮಾತುಗಳ ಅರ್ಥ ಅಲ್ಲ, ಭಾವ ಪ್ರಮುಖ.","ಮಾತುಗಳ ಅರ್ಥ ಅಲ್ಲ, ಭಾವ ಪ್ರಮುಖ"
ಮಾತು,mātu,2,Matter/issue/subject,ಇದು ಗಮನಾರ್ಹ ಮಾತು.,ಇದು ಗಮನಾರ್ಹ ಮಾತು
ಮಾತು,mātu,2,Matter/issue/subject,ಆ ಮಾತಿನ ಬಗ್ಗೆ ಮಾತನಾಡಬೇಡ.,ಆ ಮಾತಿನ ಬಗ್ಗೆ ಮಾತನಾಡಬೇಡ
ಮಾತು,mātu,2,Matter/issue/subject,ಕ್ರೀಡಾ ಮಾತು ಈತನಿಗೆ ಆಸಕ್ತಿ.,ಕ್ರೀಡಾ ಮಾತು ಈತನಿಗೆ ಆಸಕ್ತಿ
ಮಾತು,mātu,3,Talk/discussion/gossip,ಪಟ್ಟಣದಲ್ಲಿ ಸಾಕಷ್ಟು ಮಾತು ಆಗಿದೆ.,ಪಟ್ಟಣದಲ್ಲಿ ಸಾಕಷ್ಟು ಮಾತು ಆಗಿದೆ
ಮಾತು,mātu,3,Talk/discussion/gossip,ತಲೆಕೆಳಿತ ಮಾತು ನಂಬಬೇಡ.,ತಲೆಕೆಳಿತ ಮಾತು ನಂಬಬೇಡ
ಹಸ್ತ,hasta,1,Hand (body part),ತನ್ನ ಹಸ್ತ ಮೆರೆದುಕೊಂಡರು.,ತನ್ನ ಹಸ್ತ ಮೆರೆದುಕೊಂಡರು
ಹಸ್ತ,hasta,1,Hand (body part),ಹಸ್ತ ತೊಳೆಯಿರಿ.,ಹಸ್ತ ತೊಳೆಯಿರಿ
ಹಸ್ತ,hasta,1,Hand (body part),ಬಲಹಸ್ತ ಕಾಲಿದಾಗ ಶಸ್ತ್ರ ಸರಿಸಿ.,ಬಲಹಸ್ತ ಕಾಲಿದಾಗ ಶಸ್ತ್ರ ಸರಿಸಿ
ಹಸ್ತ,hasta,2,Trunk (of elephant),ಆನೆಯ ಹಸ್ತ ಅತ್ಯಂತ ಶಕ್ತಿಶಾಳಿ.,ಆನೆಯ ಹಸ್ತ ಅತ್ಯಂತ ಶಕ್ತಿಶಾಳಿ
ಹಸ್ತ,hasta,2,Trunk (of elephant),ಹಸ್ತದಿಂದ ನೀರು ಕುಡಿಯುತ್ತವೆ.,ಹಸ್ತದಿಂದ ನೀರು ಕುಡಿಯುತ್ತವೆ
ಹಸ್ತ,hasta,3,Handwriting,ಅವನ ಹಸ್ತ ತುಂಬಾ ಸುಂದರವಾಗಿದೆ.,ಅವನ ಹಸ್ತ ತುಂಬಾ ಸುಂದರವಾಗಿದೆ
ಹಸ್ತ,hasta,3,Handwriting,ಈ ಗ್ರಂಥ ಶೇಷಾದ್ರಿಯ ಹಸ್ತದಿಂದ ಬರೆದಿದೆ.,ಈ ಗ್ರಂಥ ಶೇಷಾದ್ರಿಯ ಹಸ್ತದಿಂದ ಬರೆದಿದೆ
ಹಸ್ತ,hasta,4,Possession/control,ಸಭೆ ಅವನ ಹಸ್ತದಲ್ಲಿದೆ.,ಸಭೆ ಅವನ ಹಸ್ತದಲ್ಲಿದೆ
ಹಸ್ತ,hasta,4,Possession/control,ಆ ಭೂಮಿ ನಿನ್ನ ಹಸ್ತದಲ್ಲಿದೆ.,ಆ ಭೂಮಿ ನಿನ್ನ ಹಸ್ತದಲ್ಲಿದೆ
ಬಾಗ,bāga,1,Garden,ಪುಷ್ಪಬಾಗ ಅತ್ಯಂತ ಸುಂದರವಾಗಿದೆ.,ಪುಷ್ಪಬಾಗ ಅತ್ಯಂತ ಸುಂದರವಾಗಿದೆ
ಬಾಗ,bāga,1,Garden,ತರಕಾರಿ ಬಾಗದಲ್ಲಿ ಸೋಂಕು ಹಿಡಿದಿದೆ.,ತರಕಾರಿ ಬಾಗದಲ್ಲಿ ಸೋಂಕು ಹಿಡಿದಿದೆ
ಬಾಗ,bāga,2,Share/portion,ಸಂಪತ್ತಿನಿಂದ ಪ್ರತಿಯೊಬ್ಬರ ಬಾಗ ನಿರ್ಧರಿಸಿ.,ಸಂಪತ್ತಿನಿಂದ ಪ್ರತಿಯೊಬ್ಬರ ಬಾಗ ನಿರ್ಧರಿಸಿ
ಬಾಗ,bāga,2,Share/portion,ನನ್ನ ಬಾಗ ನಿಗದಿತವಾಗಿ ಇದೆ.,ನನ್ನ ಬಾಗ ನಿಗದಿತವಾಗಿ ಇದೆ
ಬಾಗ,bāga,3,Section/district,ಬೆಂಗಳೂರು ಉತ್ತರ ಬಾಗದಲ್ಲಿ ಸ್ಥಿತವಾಗಿದೆ.,ಬೆಂಗಳೂರು ಉತ್ತರ ಬಾಗದಲ್ಲಿ ಸ್ಥಿತವಾಗಿದೆ
ಬಾಗ,bāga,3,Section/district,ನಗರದ ಪಶ್ಚಿಮ ಬಾಗ ಸಾಕಷ್ಟು ಅಭಿವೃದ್ಧಿಯಾಗಿದೆ.,ನಗರದ ಪಶ್ಚಿಮ ಬಾಗ ಸಾಕಷ್ಟು ಅಭಿವೃದ್ಧಿಯಾಗಿದೆ
ಚಿತ್ರ,chitra,1,Picture/image,ಆ ಚಿತ್ರ ನೈಜತ್ವವನ್ನು ಪ್ರತಿಬಿಂಬಿಸುತ್ತದೆ.,ಆ ಚಿತ್ರ ನೈಜತ್ವವನ್ನು ಪ್ರತಿಬಿಂಬಿಸುತ್ತದೆ
ಚಿತ್ರ,chitra,1,Picture/image,ಚಿತ್ರ ತೆಗೆಯಬೇಕೆ?,ಚಿತ್ರ ತೆಗೆಯಬೇಕೆ
ಚಿತ್ರ,chitra,2,Variety/diversity,ಸಮಾಜದಲ್ಲಿ ಅನೇಕ ಚಿತ್ರ ಜನತೆ ವಾಸ ಮಾಡುತ್ತಾರೆ.,ಸಮಾಜದಲ್ಲಿ ಅನೇಕ ಚಿತ್ರ ಜನತೆ ವಾಸ ಮಾಡುತ್ತಾರೆ
ಚಿತ್ರ,chitra,2,Variety/diversity,ಈ ಕಾದಂಬರಿಯು ಚಿತ್ರವಾದ ಪ್ರಕರಣಗಳನ್ನು ಹೊಂದಿದೆ.,ಈ ಕಾದಂಬರಿಯು ಚಿತ್ರವಾದ ಪ್ರಕರಣಗಳನ್ನು ಹೊಂದಿದೆ
ಚಿತ್ರ,chitra,3,Strange/wonderful,ಆ ಚಿತ್ರ ಘಟನೆ ಕೇಳಲು ಅದ್ಭುತವಾಗಿದೆ.,ಆ ಚಿತ್ರ ಘಟನೆ ಕೇಳಲು ಅದ್ಭುತವಾಗಿದೆ
ಚಿತ್ರ,chitra,3,Strange/wonderful,ಚಿತ್ರವಾದ ಸಂಗತಿ ಸಂಭವಿಸಿದೆ.,ಚಿತ್ರವಾದ ಸಂಗತಿ ಸಂಭವಿಸಿದೆ
ಚಿತ್ರ,chitra,4,Painting/art,ರವಿಶಂಕರ ಸುಂದರ ಚಿತ್ರ ಸೃಷ್ಟಿಸುತ್ತಾರೆ.,ರವಿಶಂಕರ ಸುಂದರ ಚಿತ್ರ ಸೃಷ್ಟಿಸುತ್ತಾರೆ
ಚಿತ್ರ,chitra,4,Painting/art,ಈ ಚಿತ್ರ ಶಿಲ್ಪ ಅಸಾಧಾರಣ ಕಾದಂಬರಿ.,ಈ ಚಿತ್ರ ಶಿಲ್ಪ ಅಸಾಧಾರಣ ಕಾದಂಬರಿ
ಪುಲ,pula,1,Bridge,ನದಿಯ ಮೇಲೆ ಹೊಸ ಪುಲ ನಿರ್ಮಾಣವಾಗುತ್ತಿದೆ.,ನದಿಯ ಮೇಲೆ ಹೊಸ ಪುಲ ನಿರ್ಮಾಣವಾಗುತ್ತಿದೆ
ಪುಲ,pula,1,Bridge,ಪುಲ ದಾಟಿ ಹೋಗಿ.,ಪುಲ ದಾಟಿ ಹೋಗಿ
ಪುಲ,pula,2,Flower,ಬೆಸೆಯ ಪುಲ ಚೆಂದ ಸುವಾಸಿತವಾಗಿರುತ್ತವೆ.,ಬೆಸೆಯ ಪುಲ ಚೆಂದ ಸುವಾಸಿತವಾಗಿರುತ್ತವೆ
ಪುಲ,pula,2,Flower,ಹೂವಿನ ಪುಲ ನೋಡು.,ಹೂವಿನ ಪುಲ ನೋಡು
ಪುಲ,pula,3,Bouquet,ನವೆಂಬರ್ ಅವರಿಗೆ ಪುಲದ ತೂಟು ಕೊಟ್ಟರು.,ನವೆಂಬರ್ ಅವರಿಗೆ ಪುಲದ ತೂಟು ಕೊಟ್ಟರು
ಪುಲ,pula,3,Bouquet,ಮದುವೆಯ ಸಮಯದಲ್ಲಿ ಸುಂದರ ಪುಲದ ತೂಟು ನೋಡಲಾಯಿತು.,ಮದುವೆಯ ಸಮಯದಲ್ಲಿ ಸುಂದರ ಪುಲದ ತೂಟು ನೋಡಲಾಯಿತು
ಕಾಲ,kāla,1,Time/period,ಕಾಲ ದ್ರುತವಾಗಿ ಹಾದುಹೋಗಿ.,ಕಾಲ ದ್ರುತವಾಗಿ ಹಾದುಹೋಗಿ
ಕಾಲ,kāla,1,Time/period,ಮಹಾಭಾರತದ ಕಾಲದಲ್ಲಿ ಅನೇಕ ಯುದ್ಧ ನಡೆದವು.,ಮಹಾಭಾರತದ ಕಾಲದಲ್ಲಿ ಅನೇಕ ಯುದ್ಧ ನಡೆದವು
ಕಾಲ,kāla,2,Leg (body part),ಅವನ ಎಡ ಕಾಲು ಮುರಿದಿದೆ.,ಅವನ ಎಡ ಕಾಲು ಮುರಿದಿದೆ
ಕಾಲ,kāla,2,Leg (body part),ಕಾಲು ನೋವಾಗುತ್ತಿದೆ.,ಕಾಲು ನೋವಾಗುತ್ತಿದೆ
ಕಾಲ,kāla,3,Death (poetic/mythological),ಕಾಲ ನೋಡುತ್ತಿರುವುದೇ ಅದು.,ಕಾಲ ನೋಡುತ್ತಿರುವುದೇ ಅದು
ಕಾಲ,kāla,3,Death (poetic/mythological),ಕಾಲದ ಸಮಯ ನಿಗದಿತವಾಗಿದೆ.,ಕಾಲದ ಸಮಯ ನಿಗದಿತವಾಗಿದೆ
ಕಾಲ,kāla,4,Black (archaic),ಕಾಲ ಬಟ್ಟೆ ಧರಿಸಿ.,ಕಾಲ ಬಟ್ಟೆ ಧರಿಸಿ
ಕಾಲ,kāla,4,Black (archaic),ಕಾಲ ಮೇಘ ಗಾಳಿ ಬೀಸುತ್ತಿದೆ.,ಕಾಲ ಮೇಘ ಗಾಳಿ ಬೀಸುತ್ತಿದೆ
ಕಾಲ,kāla,5,Season,ಬೇಸಿಗೆ ಕಾಲ ತುಂಬಾ ಬಿಸಿಯಾಗಿರುತ್ತವೆ.,ಬೇಸಿಗೆ ಕಾಲ ತುಂಬಾ ಬಿಸಿಯಾಗಿರುತ್ತವೆ
ಕಾಲ,kāla,5,Season,ಮುಂಗಾರು ಕಾಲ ಮೂವೆತ್ತೆ ಅಂದಾಗೆ ಬರುತ್ತದೆ.,ಮುಂಗಾರು ಕಾಲ ಮೂವೆತ್ತೆ ಅಂದಾಗೆ ಬರುತ್ತದೆ
ಧರಣಿ,dharaṇi,1,Earth,ಧರಣಿ ಭ್ರಮಿಸುತ್ತಾ ಇರುತ್ತದೆ.,ಧರಣಿ ಭ್ರಮಿಸುತ್ತಾ ಇರುತ್ತದೆ
ಧರಣಿ,dharaṇi,1,Earth,ಧರಣಿಯ ಮೇಲೆ ಮಿಲಿಯನ ಜನ ವಾಸ ಮಾಡುತ್ತಾರೆ.,ಧರಣಿಯ ಮೇಲೆ ಮಿಲಿಯನ ಜನ ವಾಸ ಮಾಡುತ್ತಾರೆ
ಧರಣಿ,dharaṇi,2,Base/support,ಈ ಕೋಟೆಯ ಧರಣಿ ಕಲ್ಲಿನಿಂದ ಕೆತ್ತಿರುವುದು.,ಈ ಕೋಟೆಯ ಧರಣಿ ಕಲ್ಲಿನಿಂದ ಕೆತ್ತಿರುವುದು
ಧರಣಿ,dharaṇi,2,Base/support,ಮನೆಯ ಧರಣಿ ಬಲಾಗಿರುವುದು ಅಗತ್ಯ.,ಮನೆಯ ಧರಣಿ ಬಲಾಗಿರುವುದು ಅಗತ್ಯ
ಧರಣಿ,dharaṇi,3,Fragrance,ಪುಷ್ಪಗಳ ಧರಣಿ ಸುವಾಸಿತವಾಗಿರುತ್ತವೆ.,ಪುಷ್ಪಗಳ ಧರಣಿ ಸುವಾಸಿತವಾಗಿರುತ್ತವೆ
ಧರಣಿ,dharaṇi,3,Fragrance,ಧರಣಿ ಇಳಿಪಡಿಸುವ ಪದಾರ್ಥ.,ಧರಣಿ ಇಳಿಪಡಿಸುವ ಪದಾರ್ಥ
ಚಕ್ರ,chakra,1,Wheel,ರಥದ ಚಕ್ರ ಭಾರೀ ಮರದಿಂದ ತಯಾರಾಗಿದೆ.,ರಥದ ಚಕ್ರ ಭಾರೀ ಮರದಿಂದ ತಯಾರಾಗಿದೆ
ಚಕ್ರ,chakra,1,Wheel,ಮೊಟೊರಿನ ಚಕ್ರ ತಿರುಗುತ್ತಿದೆ.,ಮೊಟೊರಿನ ಚಕ್ರ ತಿರುಗುತ್ತಿದೆ
ಚಕ್ರ,chakra,2,Circle/cycle,ಜೀವನದ ಚಕ್ರ ಮುಂದುವರಿದುಕೊಂಡಿದೆ.,ಜೀವನದ ಚಕ್ರ ಮುಂದುವರಿದುಕೊಂಡಿದೆ
ಚಕ್ರ,chakra,2,Circle/cycle,ಋತುಗಳ ಚಕ್ರ ಪುನರಾವೃತ್ತಿಯಾಗುತ್ತಿದೆ.,ಋತುಗಳ ಚಕ್ರ ಪುನರಾವೃತ್ತಿಯಾಗುತ್ತಿದೆ
ಚಕ್ರ,chakra,3,Chakra (yogic/spiritual),ಯೋಗದಲ್ಲಿ ಆಚ್ಠ ಚಕ್ರಗಳು ಮುಖ್ಯ.,ಯೋಗದಲ್ಲಿ ಆಚ್ಠ ಚಕ್ರಗಳು ಮುಖ್ಯ
ಚಕ್ರ,chakra,3,Chakra (yogic/spiritual),ಹೃದಯ ಚಕ್ರ ಸಕ್ರಿಯಗೊಳಿಸುತ್ತಾರೆ.,ಹೃದಯ ಚಕ್ರ ಸಕ್ರಿಯಗೊಳಿಸುತ್ತಾರೆ
ಚಕ್ರ,chakra,4,Discus (mythological weapon),ಕೃಷ್ಣನ ಚಕ್ರ ವೈಷ್ಣವ ಅಸ್ತ್ರ.,ಕೃಷ್ಣನ ಚಕ್ರ ವೈಷ್ಣವ ಅಸ್ತ್ರ
ಚಕ್ರ,chakra,4,Discus (mythological weapon),ಸುದರ್ಶನ ಚಕ್ರ ಸಕಲವನ್ನು ನಾಶಮಾಡುತ್ತಿದೆ.,ಸುದರ್ಶನ ಚಕ್ರ ಸಕಲವನ್ನು ನಾಶಮಾಡುತ್ತಿದೆ
ಕರಣ,karaṇa,1,Reason/cause,ಈ ಘಟನೆಯ ಕರಣ ಎಂದರೆ ನಿರ್ಲಕ್ಷ್ಯತೆ.,ಈ ಘಟನೆಯ ಕರಣ ಎಂದರೆ ನಿರ್ಲಕ್ಷ್ಯತೆ
ಕರಣ,karaṇa,1,Reason/cause,ಅನಸ್ಥೆಯ ಕರಣ ಕಾರ್ಯಭಾರ ಹೆಚ್ಚು.,ಅನಸ್ಥೆಯ ಕರಣ ಕಾರ್ಯಭಾರ ಹೆಚ್ಚು
ಕರಣ,karaṇa,2,Instrument/means,ಶಿಕ್ಷಣ ಜೀವನ ಸುಧಾರಣೆಯ ಕರಣ.,ಶಿಕ್ಷಣ ಜೀವನ ಸುಧಾರಣೆಯ ಕರಣ
ಕರಣ,karaṇa,2,Instrument/means,ಕರ್ನಮ ಭರತಾವಿಯ ಕರಣಗಳು ಅದ್ಭುತವಾಗಿವೆ.,ಕರ್ನಮ ಭರತಾವಿಯ ಕರಣಗಳು ಅದ್ಭುತವಾಗಿವೆ
ಕರಣ,karaṇa,3,Action (grammatical),ಪದವಿನ ಕರಣ ವಿಷಯ ವಿಶ್ಲೇಷಿಸಬೇಕು.,ಪದವಿನ ಕರಣ ವಿಷಯ ವಿಶ್ಲೇಷಿಸಬೇಕು
ಕರಣ,karaṇa,3,Action (grammatical),ಅಪರ ಕರಣ ತೆರೆದುಕೊಂಡಿದೆ.,ಅಪರ ಕರಣ ತೆರೆದುಕೊಂಡಿದೆ
ಪ್ರಭು,prabhu,1,Master/owner,ಸೋಮನಾಥ ತನ್ನ ಗುಲಾಮನ ಪ್ರಭು.,ಸೋಮನಾಥ ತನ್ನ ಗುಲಾಮನ ಪ್ರಭು
ಪ್ರಭು,prabhu,1,Master/owner,ಪ್ರಭುವಿನ ಆದೇಶ ಪಾಲಿಸಲೇಬೇಕು.,ಪ್ರಭುವಿನ ಆದೇಶ ಪಾಲಿಸಲೇಬೇಕು
ಪ್ರಭು,prabhu,2,God/divine,ಪ್ರಭುವೆ ನಮ್ಮನ್ನು ರಕ್ಷಿಸಿ.,ಪ್ರಭುವೆ ನಮ್ಮನ್ನು ರಕ್ಷಿಸಿ
ಪ್ರಭು,prabhu,2,God/divine,ಪ್ರಭುವಿನ ಕೃಪೆ ಅಪರಿಸೀಮ.,ಪ್ರಭುವಿನ ಕೃಪೆ ಅಪರಿಸೀಮ
ಪ್ರಭು,prabhu,3,Lord (title/honorific),ರವಿ ಪ್ರಭುಗಳು ಮುಖ್ಯ ಅಧಿಕಾರಿ.,ರವಿ ಪ್ರಭುಗಳು ಮುಖ್ಯ ಅಧಿಕಾರಿ
ಪ್ರಭು,prabhu,3,Lord (title/honorific),ಪ್ರಭುಗಳ ನಿರ್ದೇಶನ ನೋಡಿ ಕೆಲಸ ಮಾಡಿ.,ಪ್ರಭುಗಳ ನಿರ್ದೇಶನ ನೋಡಿ ಕೆಲಸ ಮಾಡಿ
ಭಕ್ತ,bhakta,1,Devotee/follower,ಕೃಷ್ಣನ ಭಕ್ತರು ಕೋವಿಲಿಗೆ ಸೆರೆದುಬಂದರು.,ಕೃಷ್ಣನ ಭಕ್ತರು ಕೋವಿಲಿಗೆ ಸೆರೆದುಬಂದರು
ಭಕ್ತ,bhakta,1,Devotee/follower,ಆ ಗುರುವಿನ ಭಕ್ತ ತುಂಬಾ ಆಸ್ಥೆಗಳುದ್ದ.,ಆ ಗುರುವಿನ ಭಕ್ತ ತುಂಬಾ ಆಸ್ಥೆಗಳುದ್ದ
ಭಕ್ತ,bhakta,2,Servant,ಅರಸನ ಭಕ್ತರು ನಿರ್ದೇಶ ಪಾಲಿಸಿದರು.,ಅರಸನ ಭಕ್ತರು ನಿರ್ದೇಶ ಪಾಲಿಸಿದರು
ಭಕ್ತ,bhakta,2,Servant,ಭಕ್ತರನ್ನು ಸಮ್ಮಾನಿಸಿ.,ಭಕ್ತರನ್ನು ಸಮ್ಮಾನಿಸಿ
ಭಕ್ತ,bhakta,3,Believer,ಪ್ರಭುದ ಭಕ್ತರು ಧರ್ಮವನ್ನು ಪೋಷಿಸಿದರು.,ಪ್ರಭುದ ಭಕ್ತರು ಧರ್ಮವನ್ನು ಪೋಷಿಸಿದರು
ಭಕ್ತ,bhakta,3,Believer,ನಿಜನಾದ ಭಕ್ತರು ಸತ್ತರನ್ನು ಒಂದೆಡೆ ಮಾಡುತ್ತಾರೆ.,ನಿಜನಾದ ಭಕ್ತರು ಸತ್ತರನ್ನು ಒಂದೆಡೆ ಮಾಡುತ್ತಾರೆ
ಪೆರೆಲೆ,perele,1,Shadow,ಸೂರ್ಯನ ಪೆರೆಲೆ ಬೀಸುತ್ತಿದೆ.,ಸೂರ್ಯನ ಪೆರೆಲೆ ಬೀಸುತ್ತಿದೆ
ಪೆರೆಲೆ,perele,1,Shadow,ಮರದ ಪೆರೆಲೆಯಲ್ಲಿ ಕುಳಿತುಕೊಂಡೆ.,ಮರದ ಪೆರೆಲೆಯಲ್ಲಿ ಕುಳಿತುಕೊಂಡೆ
ಪೆರೆಲೆ,perele,2,Reflection,ನೀರಿನಲ್ಲಿ ಮುಖದ ಪೆರೆಲೆ ಕಾಣುತ್ತಿದೆ.,ನೀರಿನಲ್ಲಿ ಮುಖದ ಪೆರೆಲೆ ಕಾಣುತ್ತಿದೆ
ಪೆರೆಲೆ,perele,2,Reflection,ಕನ್ನಡ ಸಂಸ್ಕೃತಿಯ ಪೆರೆಲೆ ಲೋಕವೆಲ್ಲಾ ಪಡೆದೆ.,ಕನ್ನಡ ಸಂಸ್ಕೃತಿಯ ಪೆರೆಲೆ ಲೋಕವೆಲ್ಲಾ ಪಡೆದೆ
ಪೆರೆಲೆ,perele,3,Doubt/suspicion (metaphorical),ಆತನ ಮೇಲೆ ನಿರ್ದೋಷತೆಯ ಪೆರೆಲೆಯೂ ಇಲ್ಲ.,ಆತನ ಮೇಲೆ ನಿರ್ದೋಷತೆಯ ಪೆರೆಲೆಯೂ ಇಲ್ಲ
ಪೆರೆಲೆ,perele,3,Doubt/suspicion (metaphorical),ಪೆರೆಲೆ ಪರಿಚಯ ನಾಶ ಮಾಡುತ್ತದೆ.,ಪೆರೆಲೆ ಪರಿಚಯ ನಾಶ ಮಾಡುತ್ತದೆ
ವೃಕ್ಷ,vṛkṣa,1,Tree,ಮಂಜರಿ ವೃಕ್ಷದ ಮೇಲೆ ಕೆಳಗಿಳಿದೆ.,ಮಂಜರಿ ವೃಕ್ಷದ ಮೇಲೆ ಕೆಳಗಿಳಿದೆ
ವೃಕ್ಷ,vṛkṣa,1,Tree,ಬೀದಿಗೆ ವೃಕ್ಷ ರೋಪಿಸಿ.,ಬೀದಿಗೆ ವೃಕ್ಷ ರೋಪಿಸಿ
ವೃಕ್ಷ,vṛkṣa,2,Plant/vegetation,ಈ ಬಾಗದಲ್ಲಿ ಅನೇಕ ವೃಕ್ಷ ಮತ್ತು ಸಸ್ಯ ಇವೆ.,ಈ ಬಾಗದಲ್ಲಿ ಅನೇಕ ವೃಕ್ಷ ಮತ್ತು ಸಸ್ಯ ಇವೆ
ವೃಕ್ಷ,vṛkṣa,2,Plant/vegetation,ವೃಕ್ಷರಾಜ್ಯ ಭೂಮಿ ರಕ್ಷಿಸುತ್ತದೆ.,ವೃಕ್ಷರಾಜ್ಯ ಭೂಮಿ ರಕ್ಷಿಸುತ್ತದೆ
ವೃಕ್ಷ,vṛkṣa,3,Large plant (structural),ನೀಲಗೀರಿ ವೃಕ್ಷವು ಭೂದೃಶ್ಯ ನೋವಾಗಿದೆ.,ನೀಲಗೀರಿ ವೃಕ್ಷವು ಭೂದೃಶ್ಯ ನೋವಾಗಿದೆ
ವೃಕ್ಷ,vṛkṣa,3,Large plant (structural),ದೀರ್ಘ ವೃಕ್ಷ ಮೊರೆಗಾ ಸೇವೆಯ ತೋಳು.,ದೀರ್ಘ ವೃಕ್ಷ ಮೊರೆಗಾ ಸೇವೆಯ ತೋಳು
ಜಲ,jala,1,Water,ನೀರಾಯ ಜಲ ಕುಡಿಯಿರಿ.,ನೀರಾಯ ಜಲ ಕುಡಿಯಿರಿ
ಜಲ,jala,1,Water,ಜಲ ಬೆಳಗಿನ ಬಿಸಿಯಲ್ಲಿ ಕುದಿಯುತ್ತಿದೆ.,ಜಲ ಬೆಳಗಿನ ಬಿಸಿಯಲ್ಲಿ ಕುದಿಯುತ್ತಿದೆ
ಜಲ,jala,2,Liquid/fluid (general),ತೈಲಜಲ ಸಲ್ಯ ಹೀಲಿಂಗಿಗೆ ಉಪಯುಕ್ತ.,ತೈಲಜಲ ಸಲ್ಯ ಹೀಲಿಂಗಿಗೆ ಉಪಯುಕ್ತ
ಜಲ,jala,2,Liquid/fluid (general),ಕಷಾಯ ಜಲ ಔಷಧ.,ಕಷಾಯ ಜಲ ಔಷಧ
ಜಲ,jala,3,Aqueous medium/body of water,ಜಲದಲ್ಲಿ ಬೆನ್ನು ಬದ್ಧವಾಗುತ್ತಿದೆ.,ಜಲದಲ್ಲಿ ಬೆನ್ನು ಬದ್ಧವಾಗುತ್ತಿದೆ
ಜಲ,jala,3,Aqueous medium/body of water,ಜಲ ತೂರುವ ಹೀನಾಭಿಮಾನ ನಿವಾರಿಸುವುದು ಕಷ್ಟ.,ಜಲ ತೂರುವ ಹೀನಾಭಿಮಾನ ನಿವಾರಿಸುವುದು ಕಷ್ಟ
ಬೀಜ,bīja,1,Seed,ತರಕಾರಿಯ ಬೀಜ ಲೋಳೆ.,ತರಕಾರಿಯ ಬೀಜ ಲೋಳೆ
ಬೀಜ,bīja,1,Seed,ಬೀಜ ಬಿತ್ತಬೇಕು ವರ್ಷ ಸುಮಾರು.,ಬೀಜ ಬಿತ್ತಬೇಕು ವರ್ಷ ಸುಮಾರು
ಬೀಜ,bīja,2,Source/origin,ಆ ಕಲುಷತೆಯ ಬೀಜ ಕುರೂರತೆ.,ಆ ಕಲುಷತೆಯ ಬೀಜ ಕುರೂರತೆ
ಬೀಜ,bīja,2,Source/origin,ಚಿಂತೆ ಎಲ್ಲ ಸಮಸ್ಯೆಯ ಬೀಜ.,ಚಿಂತೆ ಎಲ್ಲ ಸಮಸ್ಯೆಯ ಬೀಜ
ಬೀಜ,bīja,3,Secret mantra/formula (spiritual),ಗುರುವು ಗುಪ್ತ ಬೀಜ ಪ್ರದಾನ ಮಾಡಿದರು.,ಗುರುವು ಗುಪ್ತ ಬೀಜ ಪ್ರದಾನ ಮಾಡಿದರು
ಬೀಜ,bīja,3,Secret mantra/formula (spiritual),ಈ ಯಂತ್ರದ ಬೀಜ ತಿಳಿದರೆ ಸಾಧನೆ ಮಾಡಬಹುದು.,ಈ ಯಂತ್ರದ ಬೀಜ ತಿಳಿದರೆ ಸಾಧನೆ ಮಾಡಬಹುದು
ರಸ,rasa,1,Taste/flavor,ಆ ಅನ್ನದ ರಸ ಅತ್ಯಂತ ಸುಮಾರು.,ಆ ಅನ್ನದ ರಸ ಅತ್ಯಂತ ಸುಮಾರು
ರಸ,rasa,1,Taste/flavor,ಲೆಮೆನ್ ರಸ ಅಮ್ಲೀಯವಾಗಿರುತ್ತದೆ.,ಲೆಮೆನ್ ರಸ ಅಮ್ಲೀಯವಾಗಿರುತ್ತದೆ
ರಸ,rasa,2,Essence/juice,ಹಣ್ಣಿನ ರಸ ಮಿಠಾಗಿರುತ್ತದೆ.,ಹಣ್ಣಿನ ರಸ ಮಿಠಾಗಿರುತ್ತದೆ
ರಸ,rasa,2,Essence/juice,ಗೆಜ್ಜಿನ ರಸ ಸೋಯಿ ರಸ ಹೊಂದಿಕೆ.,ಗೆಜ್ಜಿನ ರಸ ಸೋಯಿ ರಸ ಹೊಂದಿಕೆ
ರಸ,rasa,3,Emotion/sentiment (aesthetic),ಕವಿತೆಯಲ್ಲಿ ಭಿನ್ನ ರಸಗಳು ಇವೆ.,ಕವಿತೆಯಲ್ಲಿ ಭಿನ್ನ ರಸಗಳು ಇವೆ
ರಸ,rasa,3,Emotion/sentiment (aesthetic),ಶೃಂಗಾರ ರಸ ಸಂಗೀತದಲ್ಲಿ ಪ್ರಕಾಶಿತವಾಗುತ್ತದೆ.,ಶೃಂಗಾರ ರಸ ಸಂಗೀತದಲ್ಲಿ ಪ್ರಕಾಶಿತವಾಗುತ್ತದೆ
ರಸ,rasa,4,Liquid/nectar,ದೇವತೆಗಳು ಅಮೃತ ರಸ ಕುಡಿದರು.,ದೇವತೆಗಳು ಅಮೃತ ರಸ ಕುಡಿದರು
ರಸ,rasa,4,Liquid/nectar,ರೇಸ ರಸದ ಎಳೆ ಮಧುರ.,ರೇಸ ರಸದ ಎಳೆ ಮಧುರ
ರಸ,rasa,5,Artistic mood,ನಟನ ಅಭಿನಯ ರಸವನ್ನು ಹೃದಯಕ್ಕೆ ಸೇರಿಸುತ್ತದೆ.,ನಟನ ಅಭಿನಯ ರಸವನ್ನು ಹೃದಯಕ್ಕೆ ಸೇರಿಸುತ್ತದೆ
ರಸ,rasa,5,Artistic mood,ಕ್ಷಿತಿಜರ ನೃತ್ಯ ಏಕ ರಸದಿಂದ ತುಂಬಿತ್ತು.,ಕ್ಷಿತಿಜರ ನೃತ್ಯ ಏಕ ರಸದಿಂದ ತುಂಬಿತ್ತು
ಅರ್ಥ,artha,1,Meaning/sense,ಈ ಮಾತುಗಳ ಅರ್ಥ ತೃಪ್ತಿದಾಯಕವಾಗಿದೆ.,ಈ ಮಾತುಗಳ ಅರ್ಥ ತೃಪ್ತಿದಾಯಕವಾಗಿದೆ
ಅರ್ಥ,artha,1,Meaning/sense,ಪದದ ಅರ್ಥ ತಿಳಿಸಿ.,ಪದದ ಅರ್ಥ ತಿಳಿಸಿ
ಅರ್ಥ,artha,2,Wealth/property,ಸಭೆ ಅರ್ಥ ಸೂಚಿಸಿದೆ.,ಸಭೆ ಅರ್ಥ ಸೂಚಿಸಿದೆ
ಅರ್ಥ,artha,2,Wealth/property,ಅರ್ಥ ಪಾಲಿಸುವುದು ಅವಶ್ಯಕ.,ಅರ್ಥ ಪಾಲಿಸುವುದು ಅವಶ್ಯಕ
ಅರ್ಥ,artha,3,Purpose/goal,ಯುವಕನ ಅರ್ಥ ಉನ್ನತಿಯಿತು.,ಯುವಕನ ಅರ್ಥ ಉನ್ನತಿಯಿತು
ಅರ್ಥ,artha,3,Purpose/goal,ಈ ಪ್ರಯೋಗದ ಅರ್ಥ ತಪ್ಪಾದ ವಿಷಯ ಪಕ್ಷೀಕರಿಸುವುದು.,ಈ ಪ್ರಯೋಗದ ಅರ್ಥ ತಪ್ಪಾದ ವಿಷಯ ಪಕ್ಷೀಕರಿಸುವುದು
ಅರ್ಥ,artha,4,Value/significance,ಆ ರತ್ನದ ಅರ್ಥ ತುಂಬಾ ಹೆಚ್ಚು.,ಆ ರತ್ನದ ಅರ್ಥ ತುಂಬಾ ಹೆಚ್ಚು
ಅರ್ಥ,artha,4,Value/significance,ಮಾನವ ಜೀವನದ ಅರ್ಥ ಅಮೂಲ್ಯ.,ಮಾನವ ಜೀವನದ ಅರ್ಥ ಅಮೂಲ್ಯ
ನೀಡ,nīḍa,1,Nest,ಪಕ್ಷಿಯ ನೀಡ ವೃಕ್ಷದ ಮೇಲೆ ಇದೆ.,ಪಕ್ಷಿಯ ನೀಡ ವೃಕ್ಷದ ಮೇಲೆ ಇದೆ
ನೀಡ,nīḍa,1,Nest,ಸೂಕನಲ್ಲಿ ನೀಡ ತಿರಿಯುತ್ತೆ.,ಸೂಕನಲ್ಲಿ ನೀಡ ತಿರಿಯುತ್ತೆ
ನೀಡ,nīḍa,2,Home/dwelling,ಬೆಕೆಲೆಗಾಗಿ ಪರಿವಾರದ ನೀಡ ನಿರ್ಮಾಣ ಮಾಡಿದರು.,ಬೆಕೆಲೆಗಾಗಿ ಪರಿವಾರದ ನೀಡ ನಿರ್ಮಾಣ ಮಾಡಿದರು
ನೀಡ,nīḍa,2,Home/dwelling,ಹೊಸ ನೀಡಕ್ಕೆ ಸ್ವಾಗತ.,ಹೊಸ ನೀಡಕ್ಕೆ ಸ್ವಾಗತ
ನೀಡ,nīḍa,3,Abode (spiritual),ಪ್ರಭುನ ನೀಡ ನೀತಿಸೋಪಾನದಲ್ಲಿ.,ಪ್ರಭುನ ನೀಡ ನೀತಿಸೋಪಾನದಲ್ಲಿ
ನೀಡ,nīḍa,3,Abode (spiritual),ಆತ್ಮನ ಚಿರಂತನ ನೀಡ ಅತೀಂದ್ರಿಯ.,ಆತ್ಮನ ಚಿರಂತನ ನೀಡ ಅತೀಂದ್ರಿಯ
ತೆಗೆ,tege,1,Take/grab,ನನ್ನ ಹಸ್ತ ತೆಗೆ.,ನನ್ನ ಹಸ್ತ ತೆಗೆ
ತೆಗೆ,tege,1,Take/grab,ಹಾಕುಮಾರಿಗೆ ನಕ್ಷತ್ರ ತೆಗೆದು ಕೊಟ್ಟರು.,ಹಾಕುಮಾರಿಗೆ ನಕ್ಷತ್ರ ತೆಗೆದು ಕೊಟ್ಟರು
ತೆಗೆ,tege,2,Remove/extract,ಹೋಗಿ ಮೇಲಿನ ತಗರು ತೆಗೆದುಕೊ.,ಹೋಗಿ ಮೇಲಿನ ತಗರು ತೆಗೆದುಕೊ
ತೆಗೆ,tege,2,Remove/extract,ಕಂಕುದಿಂದ ಮುಖ್ಯ ಕೆಲಸ ತೆಗೆದುಕೊ.,ಕಂಕುದಿಂದ ಮುಖ್ಯ ಕೆಲಸ ತೆಗೆದುಕೊ
ತೆಗೆ,tege,3,Pick up,ನೆಲದಿಂದ ಪಿಸು ತೆಗೆದುಕೊ.,ನೆಲದಿಂದ ಪಿಸು ತೆಗೆದುಕೊ
ತೆಗೆ,tege,3,Pick up,ಹೊರಗಿನ ಸೂಪ ತೆಗೆದುಕೊಂಡೆ.,ಹೊರಗಿನ ಸೂಪ ತೆಗೆದುಕೊಂಡೆ
ತೆಗೆ,tege,4,Capture/catch,ಗುರಿನೆ ಬಾರಣವನ್ನು ತೆಗೆದುಕೊಳ್ಳಿ.,ಗುರಿನೆ ಬಾರಣವನ್ನು ತೆಗೆದುಕೊಳ್ಳಿ
ತೆಗೆ,tege,4,Capture/catch,ಪ್ರಾಣಿ ಪರೀಕ್ಷೆಯಲ್ಲಿ ತೆಗೆದುಕೊಂಡರು.,ಪ್ರಾಣಿ ಪರೀಕ್ಷೆಯಲ್ಲಿ ತೆಗೆದುಕೊಂಡರು
ಕೊಡು,koḍu,1,Give,ಆನೆಗೆ ಒಣಹೂವು ಕೊಡಿ.,ಆನೆಗೆ ಒಣಹೂವು ಕೊಡಿ
ಕೊಡು,koḍu,1,Give,ನನಗೆ ನೀರು ಕೊಡಿ.,ನನಗೆ ನೀರು ಕೊಡಿ
ಕೊಡು,koḍu,2,Offer/present,ದೇವರಿಗೆ ಹೂವು ಕೊಡುವುದು ಸಂಪ್ರದಾಯ.,ದೇವರಿಗೆ ಹೂವು ಕೊಡುವುದು ಸಂಪ್ರದಾಯ
ಕೊಡು,koḍu,2,Offer/present,ಅತಿಥಿಗೆ ಆಸನ ಕೊಡಿ.,ಅತಿಥಿಗೆ ಆಸನ ಕೊಡಿ
ಕೊಡು,koḍu,3,Deal (a blow),ಶತ್ರುವಿಗೆ ಭೀಷಣ ಪ್ರಹಾರ ಕೊಡುತ್ತೆ.,ಶತ್ರುವಿಗೆ ಭೀಷಣ ಪ್ರಹಾರ ಕೊಡುತ್ತೆ
ಕೊಡು,koḍu,3,Deal (a blow),ತೊಡೆಯಿಂದ ಥಳಿ ಕೊಟ್ಟನಳೆ.,ತೊಡೆಯಿಂದ ಥಳಿ ಕೊಟ್ಟನಳೆ
ಕೊಡು,koḍu,4,Produce/yield,ಗಿರುಗಳ ಹಾಕುಮಾರಿ ಬೆಳ್ಳಳಿ ಕೊಡುತ್ತವೆ.,ಗಿರುಗಳ ಹಾಕುಮಾರಿ ಬೆಳ್ಳಳಿ ಕೊಡುತ್ತವೆ
ಕೊಡು,koḍu,4,Produce/yield,ಕ್ಷೇತ್ರ ಸಂಪೂರ್ಣ ಫಸಲಿ ಕೊಡುತ್ತಿದೆ.,ಕ್ಷೇತ್ರ ಸಂಪೂರ್ಣ ಫಸಲಿ ಕೊಡುತ್ತಿದೆ
ನೋಡು,nōḍu,1,See/look,ಆಕಾಶ ನೋಡಿ.,ಆಕಾಶ ನೋಡಿ
ನೋಡು,nōḍu,1,See/look,ಒಟ್ಟಿಗೆ ಏನು ನೋಡುತ್ತೀಯ?,ಒಟ್ಟಿಗೆ ಏನು ನೋಡುತ್ತೀಯ
ನೋಡು,nōḍu,2,Watch/observe,ಸಿನೆಮಾ ನೋಡುವುದು ಆನಂದ.,ಸಿನೆಮಾ ನೋಡುವುದು ಆನಂದ
ನೋಡು,nōḍu,2,Watch/observe,ಕಡಿಮೆ ಮಾರುಕಟ್ಟೆ ನೋಡೊಳ್ಳಿ.,ಕಡಿಮೆ ಮಾರುಕಟ್ಟೆ ನೋಡೊಳ್ಳಿ
ನೋಡು,nōḍu,3,Meet,ನನ್ನ ಸ್ನೇಹಿತ ನೀಡೆ ನೋಡುತ್ತೆ.,ನನ್ನ ಸ್ನೇಹಿತ ನೀಡೆ ನೋಡುತ್ತೆ
ನೋಡು,nōḍu,3,Meet,ರಾತ್ರಿ ನಿಮ್ಮನ್ನು ನೋಡುತ್ತೇನೆ.,ರಾತ್ರಿ ನಿಮ್ಮನ್ನು ನೋಡುತ್ತೇನೆ
ನೋಡು,nōḍu,4,Check/examine,ಸರಿಪೊತ್ತು ನೋಡಿ.,ಸರಿಪೊತ್ತು ನೋಡಿ
ನೋಡು,nōḍu,4,Check/examine,ಚಿಕಿತ್ಸಕ ರೋಗಿಯನ್ನು ನೋಡಿದರು.,ಚಿಕಿತ್ಸಕ ರೋಗಿಯನ್ನು ನೋಡಿದರು
ಸಾಕು,sāku,1,Be enough/suffice,ಇಷ್ಟು ಸಾಕು.,ಇಷ್ಟು ಸಾಕು
ಸಾಕು,sāku,1,Be enough/suffice,ಹಣ ಸಾಕುದೆ?,ಹಣ ಸಾಕುದೆ
ಸಾಕು,sāku,2,Raise/rear (animals),ಹಸು ಸಾಕುವುದು ಅಸಾಧಾರಣ.,ಹಸು ಸಾಕುವುದು ಅಸಾಧಾರಣ
ಸಾಕು,sāku,2,Raise/rear (animals),ಗುರುಗಳನ್ನು ಸಾಕಿದೆ.,ಗುರುಗಳನ್ನು ಸಾಕಿದೆ
ಸಾಕು,sāku,3,Endure/tolerate,ಈ ನೋವು ಸಾಕಲಾರೆ.,ಈ ನೋವು ಸಾಕಲಾರೆ
ಸಾಕು,sāku,3,Endure/tolerate,ಹೆಚ್ಚು ಅವಮಾನ ಸಾಕಬಾರದು.,ಹೆಚ್ಚು ಅವಮಾನ ಸಾಕಬಾರದು
ಧರಿಸು,dharisu,1,Wear/put on,ಹೊಸ ಬಟ್ಟೆ ಧರಿಸಿ.,ಹೊಸ ಬಟ್ಟೆ ಧರಿಸಿ
ಧರಿಸು,dharisu,1,Wear/put on,ಮುಖವಾಣಿ ಧರಿಸಿ.,ಮುಖವಾಣಿ ಧರಿಸಿ
ಧರಿಸು,dharisu,2,Carry/hold,ಅಸ್ತ್ರ ಧರಿಸಿ ಯುದ್ಧಕ್ಕೆ ಬಂದರು.,ಅಸ್ತ್ರ ಧರಿಸಿ ಯುದ್ಧಕ್ಕೆ ಬಂದರು
ಧರಿಸು,dharisu,2,Carry/hold,ಮಾದರಿ ಧರಿಸಿ ಹೋಗುತ್ತೆ.,ಮಾದರಿ ಧರಿಸಿ ಹೋಗುತ್ತೆ
ಧರಿಸು,dharisu,3,"Bear/sustain (weight, responsibility)",ಭೂಮಿಯ ಸಾಕಷ್ಟು ಸೋಂಕುಗಳನ್ನು ಧರಿಸಿದೆ.,ಭೂಮಿಯ ಸಾಕಷ್ಟು ಸೋಂಕುಗಳನ್ನು ಧರಿಸಿದೆ
ಧರಿಸು,dharisu,3,"Bear/sustain (weight, responsibility)",ಕುಟುಂಬದ ನೈತಿಕ ಧರಿಸುವುದು ಅವಶ್ಯಕ.,ಕುಟುಂಬದ ನೈತಿಕ ಧರಿಸುವುದು ಅವಶ್ಯಕ
ಬರು,baru,1,Come,ನಾಳೆ ನನ್ನ ಮನೆಗೆ ಬಾರು.,ನಾಳೆ ನನ್ನ ಮನೆಗೆ ಬಾರು
ಬರು,baru,1,Come,ಕಡಿಮೆ ಕರೆ ಸುಗಿಕೊ ಬರುತ್ತೆ.,ಕಡಿಮೆ ಕರೆ ಸುಗಿಕೊ ಬರುತ್ತೆ
ಬರು,baru,2,Arrive,ರೈಲು ಸಮಯಕ್ಕೆ ಬರುತ್ತಿದೆ.,ರೈಲು ಸಮಯಕ್ಕೆ ಬರುತ್ತಿದೆ
ಬರು,baru,2,Arrive,ಮೇಲಿನ ಸಿಡಿ ಹಠಾತ್ತು ಬರುತ್ತೆ.,ಮೇಲಿನ ಸಿಡಿ ಹಠಾತ್ತು ಬರುತ್ತೆ
ಬರು,baru,3,Occur/happen,ಇದೇ ಆಕಸ್ಮಾತ್ ಘಟನೆ ಕಾಲೇ ಕಾಲೇ ಬರುತ್ತದೆ.,ಇದೇ ಆಕಸ್ಮಾತ್ ಘಟನೆ ಕಾಲೇ ಕಾಲೇ ಬರುತ್ತದೆ
ಬರು,baru,3,Occur/happen,ಶೀತ ಋತುವು ಬರುತ್ತಿದೆ.,ಶೀತ ಋತುವು ಬರುತ್ತಿದೆ
ಬರು,baru,4,Become (with adjective),ಅವನು ಅರಸನಾಗಿ ಬರುತ್ತೀಯ.,ಅವನು ಅರಸನಾಗಿ ಬರುತ್ತೀಯ
ಬರು,baru,4,Become (with adjective),ನೀ ಶಕ್ತಿಶಾಳಿಯಾಗಿ ಬರಿ.,ನೀ ಶಕ್ತಿಶಾಳಿಯಾಗಿ ಬರಿ
ಹೋಗು,hōgu,1,Go/depart,ಪರೀಕ್ಷೆಗೆ ಹೋಗಿ.,ಪರೀಕ್ಷೆಗೆ ಹೋಗಿ
ಹೋಗು,hōgu,1,Go/depart,ನನ್ನ ಕಾರು ಹೋಗುತ್ತಿದೆ.,ನನ್ನ ಕಾರು ಹೋಗುತ್ತಿದೆ
ಹೋಗು,hōgu,2,Move away,"ಮುಂದೆ ಹೋಗಿ, ಜಾರುವುದು ಹೋಗುತ್ತೆ.","ಮುಂದೆ ಹೋಗಿ, ಜಾರುವುದು ಹೋಗುತ್ತೆ"
ಹೋಗು,hōgu,2,Move away,ಕೋಣೆಯಿಂದ ಹೋಗಿ.,ಕೋಣೆಯಿಂದ ಹೋಗಿ
ಹೋಗು,hōgu,3,Disappear,ಅಲೋಕು ಹೋಗಿ.,ಅಲೋಕು ಹೋಗಿ
ಹೋಗು,hōgu,3,Disappear,ಸೂರ್ಯ ದಿಗಂತದ ಹೆಚ್ಚಿನ ಹೋಗಿ.,ಸೂರ್ಯ ದಿಗಂತದ ಹೆಚ್ಚಿನ ಹೋಗಿ
ಹೋಗು,hōgu,4,Elapse (time),ದಿನ ಸರಿಸರಿ ಹೋಗುತ್ತಿದೆ.,ದಿನ ಸರಿಸರಿ ಹೋಗುತ್ತಿದೆ
ಹೋಗು,hōgu,4,Elapse (time),ವರ್ಷ ಬೇಗ ಹೋದೆ.,ವರ್ಷ ಬೇಗ ಹೋದೆ
ಮಾಡು,māḍu,1,Make/create,ಚಿತ್ರ ಸೃಷ್ಟಿ ಮಾಡಿ.,ಚಿತ್ರ ಸೃಷ್ಟಿ ಮಾಡಿ
ಮಾಡು,māḍu,1,Make/create,ಕಟಣೆ ಮಾಡುತ್ತೇನೆ.,ಕಟಣೆ ಮಾಡುತ್ತೇನೆ
ಮಾಡು,māḍu,2,Do/perform,ಕೆಲಸ ಮಾಡಿ.,ಕೆಲಸ ಮಾಡಿ
ಮಾಡು,māḍu,2,Do/perform,ಸಹಾಯ ಮಾಡಿ.,ಸಹಾಯ ಮಾಡಿ
ಮಾಡು,māḍu,3,Prepare,ಆಹಾರ ಮಾಡುತ್ತೇನೆ.,ಆಹಾರ ಮಾಡುತ್ತೇನೆ
ಮಾಡು,māḍu,3,Prepare,ಬಾರ ಮಾಡುವುದು ಪುರಸ್ಕಾರ.,ಬಾರ ಮಾಡುವುದು ಪುರಸ್ಕಾರ
ಮಾಡು,māḍu,4,Cause,ಸಮಸ್ಯೆ ಮಾಡಿದೆ.,ಸಮಸ್ಯೆ ಮಾಡಿದೆ
ಮಾಡು,māḍu,4,Cause,ಕೆಸರು ಮಾಡುವುದು ಸುಗಮ.,ಕೆಸರು ಮಾಡುವುದು ಸುಗಮ
ಮಾಡು,māḍu,5,Treat/handle,ರೋಗಿಯನ್ನು ಸರಿಯಾಗಿ ಮಾಡಿ.,ರೋಗಿಯನ್ನು ಸರಿಯಾಗಿ ಮಾಡಿ
ಮಾಡು,māḍu,5,Treat/handle,ಸಮಸ್ಯೆಯನ್ನು ಸರಿಯಾಗಿ ಮಾಡಬೇಕು.,ಸಮಸ್ಯೆಯನ್ನು ಸರಿಯಾಗಿ ಮಾಡಬೇಕು
ಹೊಡೆ,hoḍe,1,Hit/strike,ಮೇಜಿನ ಮೇಲೆ ಹೊಡೆಯಿರಿ.,ಮೇಜಿನ ಮೇಲೆ ಹೊಡೆಯಿರಿ
ಹೊಡೆ,hoḍe,1,Hit/strike,ದುರ್ಬಲ ಲೋಕದ ಬೇಡಿ ಹೊಡೆಯುವುದು.,ದುರ್ಬಲ ಲೋಕದ ಬೇಡಿ ಹೊಡೆಯುವುದು
ಹೊಡೆ,hoḍe,2,Beat/thrash,ಸರೀ ಪದಾರ್ಥವು ತೋಟದಲ್ಲಿ ಹೊಡೆದನು.,ಸರೀ ಪದಾರ್ಥವು ತೋಟದಲ್ಲಿ ಹೊಡೆದನು
ಹೊಡೆ,hoḍe,2,Beat/thrash,ಗಂಡುಸಾಪು ಹೊಡೆಯಿರಿ.,ಗಂಡುಸಾಪು ಹೊಡೆಯಿರಿ
ಹೊಡೆ,hoḍe,3,Sound (a bell),ಬೆಲ್ ಹೊಡೆಯಿರಿ.,ಬೆಲ್ ಹೊಡೆಯಿರಿ
ಹೊಡೆ,hoḍe,3,Sound (a bell),ಮಾಂತ್ರಿಕ ಘಂಟೆ ಹೊಡೆಯುತ್ತಾರೆ.,ಮಾಂತ್ರಿಕ ಘಂಟೆ ಹೊಡೆಯುತ್ತಾರೆ
ಕೂಲಿ,kūli,1,Shout/cry,ಪರೋಪಕಾರಿ ಉದ್ದೇಶದಿಂದ ಕೂಲಿ ಮಾಡುತ್ತೆ.,ಪರೋಪಕಾರಿ ಉದ್ದೇಶದಿಂದ ಕೂಲಿ ಮಾಡುತ್ತೆ
ಕೂಲಿ,kūli,1,Shout/cry,ನೋವಿನಿಂದ ಕೂಲಿ ಮಾಡಿದಾಳು.,ನೋವಿನಿಂದ ಕೂಲಿ ಮಾಡಿದಾಳು
ಕೂಲಿ,kūli,2,Call out,ಮಗುವನ್ನು ಕೂಲಿ ಮಾಡಿ.,ಮಗುವನ್ನು ಕೂಲಿ ಮಾಡಿ
ಕೂಲಿ,kūli,2,Call out,ನನ್ನನ್ನು ಕೂಲಿ ಮಾಡಿದಾಳು.,ನನ್ನನ್ನು ಕೂಲಿ ಮಾಡಿದಾಳು
ಕೂಲಿ,kūli,3,Invite,ಪಾರ್ಟಿಗೆ ಮಹತ್ತರ ಕೂಲಿ ಮಾಡಿದೆ.,ಪಾರ್ಟಿಗೆ ಮಹತ್ತರ ಕೂಲಿ ಮಾಡಿದೆ
ಕೂಲಿ,kūli,3,Invite,ನಿನ್ನ ಸ್ನೇಹಿತರನ್ನು ಕೂಲಿ ಮಾಡೋ.,ನಿನ್ನ ಸ್ನೇಹಿತರನ್ನು ಕೂಲಿ ಮಾಡೋ
ಕಾಲೆ,kāle,1,Waste/spoil,ಅನ್ನ ಕಾಲೆ ಮಾಡಬೇಡ.,ಅನ್ನ ಕಾಲೆ ಮಾಡಬೇಡ
ಕಾಲೆ,kāle,1,Waste/spoil,ಅವಕಾಶ ಕಾಲೆ ಮಾಡಿದೆ.,ಅವಕಾಶ ಕಾಲೆ ಮಾಡಿದೆ
ಕಾಲೆ,kāle,2,Squander,ಹಣ ಕಾಲೆ ಮಾಡುವುದು ನೀತಿಹೀನ.,ಹಣ ಕಾಲೆ ಮಾಡುವುದು ನೀತಿಹೀನ
ಕಾಲೆ,kāle,2,Squander,ಪ್ರತಿಭೆ ಕಾಲೆ ಮಾಡಬೇಡ.,ಪ್ರತಿಭೆ ಕಾಲೆ ಮಾಡಬೇಡ
ಕಾಲೆ,kāle,3,Neglect,ಅಧ್ಯಯನ ಕಾಲೆ ಮಾಡಿದೆ.,ಅಧ್ಯಯನ ಕಾಲೆ ಮಾಡಿದೆ
ಕಾಲೆ,kāle,3,Neglect,ಪರಿವಾರ ಕಾಲೆ ಮಾಡುವುದು ಅನುಚಿತ.,ಪರಿವಾರ ಕಾಲೆ ಮಾಡುವುದು ಅನುಚಿತ
ವಹಿಸು,vahisu,1,Bear/carry,ಸೋವೆಯನ್ನು ವಹಿಸುವುದು ಭಾರೀ.,ಸೋವೆಯನ್ನು ವಹಿಸುವುದು ಭಾರೀ
ವಹಿಸು,vahisu,1,Bear/carry,ಹೊರೆ ವಹಿಸಿ ಹೋಗಿ.,ಹೊರೆ ವಹಿಸಿ ಹೋಗಿ
ವಹಿಸು,vahisu,2,Manage/handle (responsibility),ರಾಷ್ಟ್ರದ ಜವಾಬ್ದಾರಿ ವಹಿಸುವುದು ಕಷ್ಟ.,ರಾಷ್ಟ್ರದ ಜವಾಬ್ದಾರಿ ವಹಿಸುವುದು ಕಷ್ಟ
ವಹಿಸು,vahisu,2,Manage/handle (responsibility),ಪದ ವಹಿಸಿಕೊಂಡಿರುವ ಅಧಿಕಾರಿ.,ಪದ ವಹಿಸಿಕೊಂಡಿರುವ ಅಧಿಕಾರಿ
ವಹಿಸು,vahisu,3,Endure,ಸಂಕಟ ವಹಿಸುವುದು ಧೈರ್ಯದ ಲಕ್ಷಣ.,ಸಂಕಟ ವಹಿಸುವುದು ಧೈರ್ಯದ ಲಕ್ಷಣ
ವಹಿಸು,vahisu,3,Endure,ಹೊತ್ತುಕೊಂಡ ಮನೋವೇದನೆ ವಹಿಸಿ.,ಹೊತ್ತುಕೊಂಡ ಮನೋವೇದನೆ ವಹಿಸಿ
ಲೇ,lē,1,Pour/flow,ನೀರು ಲೇಯಿ.,ನೀರು ಲೇಯಿ
ಲೇ,lē,1,Pour/flow,ಆ ಸೂಪಿಗೆ ಈ ದ್ರವ್ಯ ಲೇಯಿ.,ಆ ಸೂಪಿಗೆ ಈ ದ್ರವ್ಯ ಲೇಯಿ
ಲೇ,lē,2,Spill,ಟೇಬಿಲ್ ಮೇಲೆ ನೀರು ಲೇದೆ.,ಟೇಬಿಲ್ ಮೇಲೆ ನೀರು ಲೇದೆ
ಲೇ,lē,2,Spill,ಹೊಡೆದಿದ್ದರಿಂದ ಹೆಣ್ಣಿನ ಲೋಹಿತ ಲೇದೆ.,ಹೊಡೆದಿದ್ದರಿಂದ ಹೆಣ್ಣಿನ ಲೋಹಿತ ಲೇದೆ
ಲೇ,lē,3,Spread/scatter,ಬೀಜ ಲೇಯಿ.,ಬೀಜ ಲೇಯಿ
ಲೇ,lē,3,Spread/scatter,ಪ್ರಕಾಶ ಲೇದೆ.,ಪ್ರಕಾಶ ಲೇದೆ
ನೇತೃತ್ವ,leadership/lead,1,Lead/guide (people),ಪಾರ್ಥ ಸೈನ್ಯವನ್ನು ನೇತೃತ್ವ ಮಾಡಿದರು.,ಪಾರ್ಥ ಸೈನ್ಯವನ್ನು ನೇತೃತ್ವ ಮಾಡಿದರು
ನೇತೃತ್ವ,leadership/lead,1,Lead/guide (people),ಈ ಪ್ರಯೋಗದಲ್ಲಿ ನಾನು ನೇತೃತ್ವ ಮಾಡುತ್ತೇನೆ.,ಈ ಪ್ರಯೋಗದಲ್ಲಿ ನಾನು ನೇತೃತ್ವ ಮಾಡುತ್ತೇನೆ
ನೇತೃತ್ವ,leadership/lead,2,Conduct (music/orchestra),ಶಿಲ್ಪಿ ಸಂಗೀತವನ್ನು ನೇತೃತ್ವ ಮಾಡಿದರು.,ಶಿಲ್ಪಿ ಸಂಗೀತವನ್ನು ನೇತೃತ್ವ ಮಾಡಿದರು
ನೇತೃತ್ವ,leadership/lead,2,Conduct (music/orchestra),ಆರ್ಕೆಸ್ಟ್ರಾ ನೇತೃತ್ವ ಮಾಡುವುದು ಕಾಂಡಕ್ಟರ್‌ನ ಕೆಲಸ.,ಆರ್ಕೆಸ್ಟ್ರಾ ನೇತೃತ್ವ ಮಾಡುವುದು ಕಾಂಡಕ್ಟರ್‌ನ ಕೆಲಸ
ನೇತೃತ್ವ,leadership/lead,3,Direct/head (organization),ಸಂಸ್ಥೆಯನ್ನು ನೇತೃತ್ವ ಮಾಡುವ ಜವಾಬ್ದಾರಿ.,ಸಂಸ್ಥೆಯನ್ನು ನೇತೃತ್ವ ಮಾಡುವ ಜವಾಬ್ದಾರಿ
ನೇತೃತ್ವ,leadership/lead,3,Direct/head (organization),ಯುವಕನು ಕಂಪನಿ ನೇತೃತ್ವ ಮಾಡಿದನು.,ಯುವಕನು ಕಂಪನಿ ನೇತೃತ್ವ ಮಾಡಿದನು
ಬೆಳೆ,beḷe,1,Grow/increase,ಮಗು ಬೆಳೆಯುತ್ತಿದೆ.,ಮಗು ಬೆಳೆಯುತ್ತಿದೆ
ಬೆಳೆ,beḷe,1,Grow/increase,ಆತನ ಉತ್ತರ ದಾಯಿತ್ವ ಬೆಳೆಯುತ್ತಿದೆ.,ಆತನ ಉತ್ತರ ದಾಯಿತ್ವ ಬೆಳೆಯುತ್ತಿದೆ
ಬೆಳೆ,beḷe,2,Raise/cultivate (crops),ಅನ್ನ ಬೆಳೆಯುವುದು ರೈತಿಕೆಯ ಪ್ರಧಾನ ಕೆಲಸ.,ಅನ್ನ ಬೆಳೆಯುವುದು ರೈತಿಕೆಯ ಪ್ರಧಾನ ಕೆಲಸ
ಬೆಳೆ,beḷe,2,Raise/cultivate (crops),ತರಕಾರಿ ಬೆಳೆಯಿರಿ.,ತರಕಾರಿ ಬೆಳೆಯಿರಿ
ಬೆಳೆ,beḷe,3,Develop,ಮಗುವಿನ ಮನ ಬೆಳೆಯುವುದು ಮುಖ್ಯ.,ಮಗುವಿನ ಮನ ಬೆಳೆಯುವುದು ಮುಖ್ಯ
ಬೆಳೆ,beḷe,3,Develop,ಶಕ್ತಿ ಬೆಳೆಸಿ.,ಶಕ್ತಿ ಬೆಳೆಸಿ
ನಕಲಿ,nakali,1,Fake/imitation,ಆ ನಕಲಿ ಚಿತ್ರ ಅಸಾಧಾರಣ ಸಿದ್ಧಿ.,ಆ ನಕಲಿ ಚಿತ್ರ ಅಸಾಧಾರಣ ಸಿದ್ಧಿ
ನಕಲಿ,nakali,1,Fake/imitation,ನಕಲಿ ಪಾಸ್‌ಪೋರ್ಟ್ ಜರಿಮಾನೆಗೆ ಸಾಧ್ಯ.,ನಕಲಿ ಪಾಸ್‌ಪೋರ್ಟ್ ಜರಿಮಾನೆಗೆ ಸಾಧ್ಯ
ನಕಲಿ,nakali,2,False/fraudulent,ನಕಲಿ ಸಾಕ್ಷ್ಯ ನ್ಯಾಯಾಲಯದ ವಿರುದ್ಧ ರಿವಾಜು.,ನಕಲಿ ಸಾಕ್ಷ್ಯ ನ್ಯಾಯಾಲಯದ ವಿರುದ್ಧ ರಿವಾಜು
ನಕಲಿ,nakali,2,False/fraudulent,ನಕಲಿ ವಾದ್ಯತೆ ನಿಖಿಲ ಎಲೆ ಪ್ರತಿ.,ನಕಲಿ ವಾದ್ಯತೆ ನಿಖಿಲ ಎಲೆ ಪ್ರತಿ
ನಕಲಿ,nakali,3,Counterfeit,ನಕಲಿ ನಾಣ್ಯ ಸಾಕಷ್ಟು ಪರಿಚಿತವಾಗಿದೆ.,ನಕಲಿ ನಾಣ್ಯ ಸಾಕಷ್ಟು ಪರಿಚಿತವಾಗಿದೆ
ನಕಲಿ,nakali,3,Counterfeit,ನಕಲಿ ವಸ್ತುವನ್ನು ವಿಕ್ರಯ ಮಾಡುವುದು ಅಪರಾಧ.,ನಕಲಿ ವಸ್ತುವನ್ನು ವಿಕ್ರಯ ಮಾಡುವುದು ಅಪರಾಧ
ಮುಕ್ತ,mukta,1,Free (unbound),ಕೈದಿ ಮುಕ್ತನಾದನು.,ಕೈದಿ ಮುಕ್ತನಾದನು
ಮುಕ್ತ,mukta,1,Free (unbound),ಮುಕ್ತ ಮನೋಭಾವ ಅಗತ್ಯ.,ಮುಕ್ತ ಮನೋಭಾವ ಅಗತ್ಯ
ಮುಕ್ತ,mukta,2,Released (from confinement),ಬಂಧನೆಯಿಂದ ಮುಕ್ತನಾದನು.,ಬಂಧನೆಯಿಂದ ಮುಕ್ತನಾದನು
ಮುಕ್ತ,mukta,2,Released (from confinement),ಇಲಿಯನ್ನು ಮುಕ್ತ ಮಾಡಿ.,ಇಲಿಯನ್ನು ಮುಕ್ತ ಮಾಡಿ
ಮುಕ್ತ,mukta,3,Liberated (spiritual),ಪ್ರಾಣಿ ಮೋಕ್ಷದಿಂದ ಮುಕ್ತನಾದನು.,ಪ್ರಾಣಿ ಮೋಕ್ಷದಿಂದ ಮುಕ್ತನಾದನು
ಮುಕ್ತ,mukta,3,Liberated (spiritual),ಶರೀರದ ಬಂಧನೆಯಿಂದ ಮುಕ್ತ ಪುರುಷ.,ಶರೀರದ ಬಂಧನೆಯಿಂದ ಮುಕ್ತ ಪುರುಷ
ಗಟ್ಟ,gaṭṭa,1,Hard/solid,ಗಟ್ಟ ಕಲ್ಲು ಚಾಪುತ್ತಾರೆ.,ಗಟ್ಟ ಕಲ್ಲು ಚಾಪುತ್ತಾರೆ
ಗಟ್ಟ,gaṭṭa,1,Hard/solid,ಮಜ್ಜಿಗೆ ಗಟ್ಟ ಕಕ್ಷ.,ಮಜ್ಜಿಗೆ ಗಟ್ಟ ಕಕ್ಷ
ಗಟ್ಟ,gaṭṭa,2,Strict/rigid,ಗುರುವು ಗಟ್ಟ ಆಜ್ಞೆಕಾರಿ.,ಗುರುವು ಗಟ್ಟ ಆಜ್ಞೆಕಾರಿ
ಗಟ್ಟ,gaṭṭa,2,Strict/rigid,ಗಟ್ಟ ನಿಯಮ ಪಾಲಿಸುತ್ತಾರೆ.,ಗಟ್ಟ ನಿಯಮ ಪಾಲಿಸುತ್ತಾರೆ
ಗಟ್ಟ,gaṭṭa,3,Serious/severe,ಗಟ್ಟ ಸಮಸ್ಯೆ ಎದುರಾಗಿದೆ.,ಗಟ್ಟ ಸಮಸ್ಯೆ ಎದುರಾಗಿದೆ
ಗಟ್ಟ,gaṭṭa,3,Serious/severe,ಗಟ್ಟ ಅನುಸಾರ ನೋವು.,ಗಟ್ಟ ಅನುಸಾರ ನೋವು
ಕಬ್ಬಿ,kabbi,1,Rough/coarse (texture),ಕಬ್ಬಿ ಬಟ್ಟೆ ಹೊಗಳುವುದಲ್ಲ.,ಕಬ್ಬಿ ಬಟ್ಟೆ ಹೊಗಳುವುದಲ್ಲ
ಕಬ್ಬಿ,kabbi,1,Rough/coarse (texture),ಕಬ್ಬಿ ಚರ್ಮ ಶೇಕಡೆ.,ಕಬ್ಬಿ ಚರ್ಮ ಶೇಕಡೆ
ಕಬ್ಬಿ,kabbi,2,Harsh/unkind (behavior),ಕಬ್ಬಿ ಮಾತು ಆಘಾತ ಬಿಡುತ್ತದೆ.,ಕಬ್ಬಿ ಮಾತು ಆಘಾತ ಬಿಡುತ್ತದೆ
ಕಬ್ಬಿ,kabbi,2,Harsh/unkind (behavior),ಕಬ್ಬಿ ವ್ಯವಹಾರ ನಿಜನಾಗಿ ನೋವಾಗಿಸುತ್ತದೆ.,ಕಬ್ಬಿ ವ್ಯವಹಾರ ನಿಜನಾಗಿ ನೋವಾಗಿಸುತ್ತದೆ
ಕಬ್ಬಿ,kabbi,3,Rugged/sturdy,ಕಬ್ಬಿ ಮನುಷ್ಯ ಕಷ್ಟ ಸಹಿಸುತ್ತಾನೆ.,ಕಬ್ಬಿ ಮನುಷ್ಯ ಕಷ್ಟ ಸಹಿಸುತ್ತಾನೆ
ಕಬ್ಬಿ,kabbi,3,Rugged/sturdy,ಕಬ್ಬಿ ನಿರ್ಮಾಣ ದೀರ್ಘಸ್ಥಿರ.,ಕಬ್ಬಿ ನಿರ್ಮಾಣ ದೀರ್ಘಸ್ಥಿರ
ನೀಲ,nīla,1,Blue (color),ನೀಲ ಆಕಾಶ ಮೋಹಕ.,ನೀಲ ಆಕಾಶ ಮೋಹಕ
ನೀಲ,nīla,1,Blue (color),ನೀಲ ವಸ್ತ್ರ ಸುಂದರವಾಗಿದೆ.,ನೀಲ ವಸ್ತ್ರ ಸುಂದರವಾಗಿದೆ
ನೀಲ,nīla,2,Dark/dusky,ನೀಲ ಸಂಜೆ ಬರುತ್ತಿದೆ.,ನೀಲ ಸಂಜೆ ಬರುತ್ತಿದೆ
ನೀಲ,nīla,2,Dark/dusky,ನೀಲ ಮೋಹೆ ಅಂಧಕಾರ.,ನೀಲ ಮೋಹೆ ಅಂಧಕಾರ
ನೀಲ,nīla,3,Indigo (plant/dye),ನೀಲ ಗಿಳಿ ಮಂಡಿರದ ಸ್ಕಂಧ.,ನೀಲ ಗಿಳಿ ಮಂಡಿರದ ಸ್ಕಂಧ
ನೀಲ,nīla,3,Indigo (plant/dye),ನೀಲ ರಂಗು ಧೌತ ಸಂಭೋಗ.,ನೀಲ ರಂಗು ಧೌತ ಸಂಭೋಗ
ಸಾಧಾರಣ,sādhāraṇa,1,Common/ordinary,ಸಾಧಾರಣ ಕುಟುಂಬ ಬದುಕುತ್ತೆ.,ಸಾಧಾರಣ ಕುಟುಂಬ ಬದುಕುತ್ತೆ
ಸಾಧಾರಣ,sādhāraṇa,1,Common/ordinary,ಸಾಧಾರಣ ಮನುಷ್ಯ ಅಸಾಧಾರಣ ಕಾರ್ಯ ಮಾಡಿದನು.,ಸಾಧಾರಣ ಮನುಷ್ಯ ಅಸಾಧಾರಣ ಕಾರ್ಯ ಮಾಡಿದನು
ಸಾಧಾರಣ,sādhāraṇa,2,General/universal,ಸಾಧಾರಣ ಚಿಂತನೆ ಸಕಲ ಜನಕ್ಕು ಅನ್ವಯ.,ಸಾಧಾರಣ ಚಿಂತನೆ ಸಕಲ ಜನಕ್ಕು ಅನ್ವಯ
ಸಾಧಾರಣ,sādhāraṇa,2,General/universal,ಸಾಧಾರಣ ಸತ್ಯ ಪರಿವರ್ತಿತವಾಗಿದೆ.,ಸಾಧಾರಣ ಸತ್ಯ ಪರಿವರ್ತಿತವಾಗಿದೆ
ಸಾಧಾರಣ,sādhāraṇa,3,Simple/plain,ಸಾಧಾರಣ ಬಟ್ಟೆ ಧರಿಸುತ್ತೀಯ.,ಸಾಧಾರಣ ಬಟ್ಟೆ ಧರಿಸುತ್ತೀಯ
ಸಾಧಾರಣ,sādhāraṇa,3,Simple/plain,ಸಾಧಾರಣ ಭೋಜನ ಸ್ವಸ್ಥಕರ.,ಸಾಧಾರಣ ಭೋಜನ ಸ್ವಸ್ಥಕರ
ಲೋಭಿ,lobhi,1,Greedy/covetous,ಲೋಭಿ ಮನುಷ್ಯ ಸದಾ ತೃಪ್ತ ರಹಿತ.,ಲೋಭಿ ಮನುಷ್ಯ ಸದಾ ತೃಪ್ತ ರಹಿತ
ಲೋಭಿ,lobhi,1,Greedy/covetous,ಲೋಭಿ ಭಾವನೆ ನಾಶ ಮಾಡುತ್ತದೆ.,ಲೋಭಿ ಭಾವನೆ ನಾಶ ಮಾಡುತ್ತದೆ
ಲೋಭಿ,lobhi,2,Desirous,ಶಿಕ್ಷೆಯ ಲೋಭಿ ವಿದ್ಯಾರ್ಥಿ.,ಶಿಕ್ಷೆಯ ಲೋಭಿ ವಿದ್ಯಾರ್ಥಿ
ಲೋಭಿ,lobhi,2,Desirous,ಸಫಲತೆ ಲೋಭಿ ಮನುಷ್ಯ.,ಸಫಲತೆ ಲೋಭಿ ಮನುಷ್ಯ
ಲೋಭಿ,lobhi,3,Lustful,ಲೋಭಿ ಮೈ ವೃತ್ತಿ.,ಲೋಭಿ ಮೈ ವೃತ್ತಿ
ಲೋಭಿ,lobhi,3,Lustful,ಲೋಭಿ ದೃಷ್ಟಿ ಅಸಾಧುವಾಗಿದೆ.,ಲೋಭಿ ದೃಷ್ಟಿ ಅಸಾಧುವಾಗಿದೆ
ಗುರುತ್ವ,gurutva,1,Heavy (weight),ಗುರುತ್ವ ಕಾಚು ಕೆಲಸ.,ಗುರುತ್ವ ಕಾಚು ಕೆಲಸ
ಗುರುತ್ವ,gurutva,1,Heavy (weight),ಗುರುತ್ವ ಸಮಸ್ಯೆ ಪರಿಹಾರ.,ಗುರುತ್ವ ಸಮಸ್ಯೆ ಪರಿಹಾರ
ಗುರುತ್ವ,gurutva,2,Serious/important,ಗುರುತ್ವ ನಿರ್ಧಾರ ಕೆಳಗಿಳಿಸಲಾಯಿತು.,ಗುರುತ್ವ ನಿರ್ಧಾರ ಕೆಳಗಿಳಿಸಲಾಯಿತು
ಗುರುತ್ವ,gurutva,2,Serious/important,ಗುರುತ್ವ ಕಾರ್ಯಭಾರ ತಿಳಿಸಲಾಯಿತು.,ಗುರುತ್ವ ಕಾರ್ಯಭಾರ ತಿಳಿಸಲಾಯಿತು
ಗುರುತ್ವ,gurutva,3,Grave/solemn,ಗುರುತ್ವ ಸಂಜೆಯಲ್ಲಿ ಆರಾಧನೆ.,ಗುರುತ್ವ ಸಂಜೆಯಲ್ಲಿ ಆರಾಧನೆ
ಗುರುತ್ವ,gurutva,3,Grave/solemn,ಗುರುತ್ವ ನೀತಿ ಅನುಷ್ಠಾನ.,ಗುರುತ್ವ ನೀತಿ ಅನುಷ್ಠಾನ
ಹಿರಿಯ,hiriya,1,Elderly/aged,ಹಿರಿಯ ವ್ಯಕ್ತಿಯನ್ನು ಸಮ್ಮಾನಿಸಿ.,ಹಿರಿಯ ವ್ಯಕ್ತಿಯನ್ನು ಸಮ್ಮಾನಿಸಿ
ಹಿರಿಯ,hiriya,1,Elderly/aged,ಹಿರಿಯ ಪತ್ನಿ ಶಾಂತಿಮತೆ.,ಹಿರಿಯ ಪತ್ನಿ ಶಾಂತಿಮತೆ
ಹಿರಿಯ,hiriya,2,Senior (rank),ಹಿರಿಯ ಅಧಿಕಾರಿ ನಿರ್ದೇಶನ ಮಾಡಿದರು.,ಹಿರಿಯ ಅಧಿಕಾರಿ ನಿರ್ದೇಶನ ಮಾಡಿದರು
ಹಿರಿಯ,hiriya,2,Senior (rank),ಹಿರಿಯ ಪದ ಪ್ರಾಪ್ತನಾಗಿ.,ಹಿರಿಯ ಪದ ಪ್ರಾಪ್ತನಾಗಿ
ಹಿರಿಯ,hiriya,3,Respected,ಹಿರಿಯ ವ್ಯಕ್ತಿ ಸಮಾಜದ ಮುಖ.,ಹಿರಿಯ ವ್ಯಕ್ತಿ ಸಮಾಜದ ಮುಖ
ಹಿರಿಯ,hiriya,3,Respected,ಹಿರಿಯ ವ್ಯಾಪಾರಿ ಧನಾಢ್ಯ.,ಹಿರಿಯ ವ್ಯಾಪಾರಿ ಧನಾಢ್ಯ
ಕಿರಿಯ,kiriya,1,Small/minor,ಕಿರಿಯ ಸಮಸ್ಯೆ ಛಿದ್ರ ಪಟ್ಟು.,ಕಿರಿಯ ಸಮಸ್ಯೆ ಛಿದ್ರ ಪಟ್ಟು
ಕಿರಿಯ,kiriya,1,Small/minor,ಕಿರಿಯ ವಿವರಣೆ ಸ್ಪಷ್ಟ.,ಕಿರಿಯ ವಿವರಣೆ ಸ್ಪಷ್ಟ
ಕಿರಿಯ,kiriya,2,Young (age),ಕಿರಿಯ ಮಗು ನೆಲೆಯಲ್ಲಿ.,ಕಿರಿಯ ಮಗು ನೆಲೆಯಲ್ಲಿ
ಕಿರಿಯ,kiriya,2,Young (age),ಕಿರಿಯ ವಯಸ್ಸು ಅಮೂಲ್ಯ.,ಕಿರಿಯ ವಯಸ್ಸು ಅಮೂಲ್ಯ
ಕಿರಿಯ,kiriya,3,Junior (rank),ಕಿರಿಯ ಸಹೋದರ ಸಹಾಯಕ.,ಕಿರಿಯ ಸಹೋದರ ಸಹಾಯಕ
ಕಿರಿಯ,kiriya,3,Junior (rank),ಕಿರಿಯ ಪದ ತೃಪ್ತ ವೈತನಿಕ.,ಕಿರಿಯ ಪದ ತೃಪ್ತ ವೈತನಿಕ
ಪ್ರೀತಿ,prīti,1,Beloved/dear,ಪ್ರೀತಿ ಭಾರ್ಯೆ ಮನೆಯ ಸಿಂದೂರ.,ಪ್ರೀತಿ ಭಾರ್ಯೆ ಮನೆಯ ಸಿಂದೂರ
ಪ್ರೀತಿ,prīti,1,Beloved/dear,ಪ್ರೀತಿ ಭಿತಿಜ ಅವನ ಪ್ರಿಯೆ.,ಪ್ರೀತಿ ಭಿತಿಜ ಅವನ ಪ್ರಿಯೆ
ಪ್ರೀತಿ,prīti,2,Favorite,ಪ್ರೀತಿ ವಿಷಯ ಶಾಸ್ತ್ರ.,ಪ್ರೀತಿ ವಿಷಯ ಶಾಸ್ತ್ರ
ಪ್ರೀತಿ,prīti,2,Favorite,ಪ್ರೀತಿ ಔಷಧ ಇಂದ್ರಿಯ.,ಪ್ರೀತಿ ಔಷಧ ಇಂದ್ರಿಯ
ಪ್ರೀತಿ,prīti,3,Pleasant,ಪ್ರೀತಿ ಸುಗಂಧ ಹೃದಯ.,ಪ್ರೀತಿ ಸುಗಂಧ ಹೃದಯ
ಪ್ರೀತಿ,prīti,3,Pleasant,ಪ್ರೀತಿ ಸಂವಾದ ಆನಂದ.,ಪ್ರೀತಿ ಸಂವಾದ ಆನಂದ
ಬೋಳ,bōḷa,1,Stupid/foolish,ಬೋಳ ಕಾಲೆ ಅವನು ಕೆಟ್ಟ ಪರಿಣಾಮ ಮಾಡಿದನು.,ಬೋಳ ಕಾಲೆ ಅವನು ಕೆಟ್ಟ ಪರಿಣಾಮ ಮಾಡಿದನು
ಬೋಳ,bōḷa,1,Stupid/foolish,ಬೋಳ ವಿಚಾರಣೆ ಅಸಮರ್ಥನನ್ನು ಸೂಚಿಸುತ್ತದೆ.,ಬೋಳ ವಿಚಾರಣೆ ಅಸಮರ್ಥನನ್ನು ಸೂಚಿಸುತ್ತದೆ
ಬೋಳ,bōḷa,2,Dull-witted,ಬೋಳ ಮಸ್ತಿಷ್ಕ ಶಿಕ್ಷೆ ಪಡೆಯಲು ಸಾಧ್ಯ.,ಬೋಳ ಮಸ್ತಿಷ್ಕ ಶಿಕ್ಷೆ ಪಡೆಯಲು ಸಾಧ್ಯ
ಬೋಳ,bōḷa,2,Dull-witted,ಬೋಳ ಸಮಝಿಸುವ ಶಕ್ತಿ ಕ್ಷೀಣ.,ಬೋಳ ಸಮಝಿಸುವ ಶಕ್ತಿ ಕ್ಷೀಣ
ಬೋಳ,bōḷa,3,Blockhead (noun usage),ಈ ಬೋಳ ಬಟ್ಟೆ ಹಾಕುವೆ ಅದೇ.,ಈ ಬೋಳ ಬಟ್ಟೆ ಹಾಕುವೆ ಅದೇ
ಬೋಳ,bōḷa,3,Blockhead (noun usage),ಆ ಬೋಳ ಕುರುಡೆ ಹಾಗೆ ಕೆಲಸ ಮಾಡುತ್ತಾನೆ.,ಆ ಬೋಳ ಕುರುಡೆ ಹಾಗೆ ಕೆಲಸ ಮಾಡುತ್ತಾನೆ
ಬೋಳ,bōḷa,3,Blockhead (noun usage),Diverse contexts for each sense,Diverse contexts for each sense
ಬೋಳ,bōḷa,3,Blockhead (noun usage),"Mix of everyday, literary, and formal usage","Mix of everyday, literary, and formal usage"
ಬೋಳ,bōḷa,3,Blockhead (noun usage),Real-world applicability,Real-world applicability
