pair_id,section,section_word,sentence1,sentence2,target_word,target_key,label_raw,label,sense_id_1,sense_id_2,label_corrected,pair_source
pair_0001,word,ಮಾತು (mātu),ನನ್ನ ಮಾತು ಆಲಿಸಿ.,ಆ ಮಾತು ನಿಜವಾಗಿದೆ.,ಮಾತು,ಮಾತು,1,1,1,1.0,1,
pair_0002,word,ಮಾತು (mātu),"ಮಾತುಗಳ ಅರ್ಥ ಅಲ್ಲ, ಭಾವ ಪ್ರಮುಖ.",ಪದವಿನ ಮಾತು ಆಲಿಸಿ.,ಮಾತು,ಮಾತು,1,1,1,,1,
pair_0003,word,ಮಾತು (mātu),ಇದು ಗಮನಾರ್ಹ ಮಾತು.,ಆ ಮಾತಿನ ಬಗ್ಗೆ ಮಾತನಾಡಬೇಡ.,ಮಾತು,ಮಾತು,1,1,2,2.0,1,
pair_0004,word,ಮಾತು (mātu),ಕ್ರೀಡಾ ಮಾತು ಈತನಿಗೆ ಆಸಕ್ತಿ.,ಉದ್ಯೋಗ ಮಾತುವನ್ನು ಪರಿಹರಿಸಬೇಕು.,ಮಾತು,ಮಾತು,1,1,2,,1,
pair_0005,word,ಮಾತು (mātu),ಪಟ್ಟಣದಲ್ಲಿ ಸಾಕಷ್ಟು ಮಾತು ಆಗಿದೆ.,ತಲೆಕೆಳಿತ ಮಾತು ನಂಬಬೇಡ.,ಮಾತು,ಮಾತು,1,1,3,3.0,1,
pair_0006,word,ಹಸ್ತ (hasta),ತನ್ನ ಹಸ್ತ ಮೆರೆದುಕೊಂಡರು.,ಹಸ್ತ ತೊಳೆಯಿರಿ.,ಹಸ್ತ,ಹಸ್ತ,1,1,1,1.0,1,
pair_0007,word,ಹಸ್ತ (hasta),ಬಲಹಸ್ತ ಕಾಲಿದಾಗ ಶಸ್ತ್ರ ಸರಿಸಿ.,ನನ್ನ ಹಸ್ತ ಗ್ರಹಿಸಿ.,ಹಸ್ತ,ಹಸ್ತ,1,1,1,,1,
pair_0008,word,ಹಸ್ತ (hasta),ಆನೆಯ ಹಸ್ತ ಅತ್ಯಂತ ಶಕ್ತಿಶಾಳಿ.,ಹಸ್ತದಿಂದ ನೀರು ಕುಡಿಯುತ್ತವೆ.,ಹಸ್ತ,ಹಸ್ತ,1,1,2,2.0,1,
pair_0009,word,ಹಸ್ತ (hasta),ಅವನ ಹಸ್ತ ತುಂಬಾ ಸುಂದರವಾಗಿದೆ.,ಈ ಗ್ರಂಥ ಶೇಷಾದ್ರಿಯ ಹಸ್ತದಿಂದ ಬರೆದಿದೆ.,ಹಸ್ತ,ಹಸ್ತ,1,1,3,3.0,1,
pair_0010,word,ಹಸ್ತ (hasta),ಸಭೆ ಅವನ ಹಸ್ತದಲ್ಲಿದೆ.,ಆ ಭೂಮಿ ನಿನ್ನ ಹಸ್ತದಲ್ಲಿದೆ.,ಹಸ್ತ,ಹಸ್ತ,1,1,4,4.0,1,
pair_0011,word,ಬಾಗ (bāga),ಪುಷ್ಪಬಾಗ ಅತ್ಯಂತ ಸುಂದರವಾಗಿದೆ.,ತರಕಾರಿ ಬಾಗದಲ್ಲಿ ಸೋಂಕು ಹಿಡಿದಿದೆ.,ಬಾಗ,ಬಾಗ,1,1,1,1.0,1,
pair_0012,word,ಬಾಗ (bāga),ಸಂಪತ್ತಿನಿಂದ ಪ್ರತಿಯೊಬ್ಬರ ಬಾಗ ನಿರ್ಧರಿಸಿ.,ನನ್ನ ಬಾಗ ನಿಗದಿತವಾಗಿ ಇದೆ.,ಬಾಗ,ಬಾಗ,1,1,2,2.0,1,
pair_0013,word,ಬಾಗ (bāga),ಬೆಂಗಳೂರು ಉತ್ತರ ಬಾಗದಲ್ಲಿ ಸ್ಥಿತವಾಗಿದೆ.,ನಗರದ ಪಶ್ಚಿಮ ಬಾಗ ಸಾಕಷ್ಟು ಅಭಿವೃದ್ಧಿಯಾಗಿದೆ.,ಬಾಗ,ಬಾಗ,1,1,3,3.0,1,
pair_0014,word,ಚಿತ್ರ (chitra),ಆ ಚಿತ್ರ ನೈಜತ್ವವನ್ನು ಪ್ರತಿಬಿಂಬಿಸುತ್ತದೆ.,ಚಿತ್ರ ತೆಗೆಯಬೇಕೆ?,ಚಿತ್ರ,ಚಿತ್ರ,1,1,1,1.0,1,
pair_0015,word,ಚಿತ್ರ (chitra),ಸಮಾಜದಲ್ಲಿ ಅನೇಕ ಚಿತ್ರ ಜನತೆ ವಾಸ ಮಾಡುತ್ತಾರೆ.,ಈ ಕಾದಂಬರಿಯು ಚಿತ್ರವಾದ ಪ್ರಕರಣಗಳನ್ನು ಹೊಂದಿದೆ.,ಚಿತ್ರ,ಚಿತ್ರ,1,1,2,2.0,1,
pair_0016,word,ಚಿತ್ರ (chitra),ಆ ಚಿತ್ರ ಘಟನೆ ಕೇಳಲು ಅದ್ಭುತವಾಗಿದೆ.,ಚಿತ್ರವಾದ ಸಂಗತಿ ಸಂಭವಿಸಿದೆ.,ಚಿತ್ರ,ಚಿತ್ರ,1,1,3,3.0,1,
pair_0017,word,ಚಿತ್ರ (chitra),ರವಿಶಂಕರ ಸುಂದರ ಚಿತ್ರ ಸೃಷ್ಟಿಸುತ್ತಾರೆ.,ಈ ಚಿತ್ರ ಶಿಲ್ಪ ಅಸಾಧಾರಣ ಕಾದಂಬರಿ.,ಚಿತ್ರ,ಚಿತ್ರ,1,1,4,4.0,1,
pair_0018,word,ಕಾಲ (kāla),ಕಾಲ ದ್ರುತವಾಗಿ ಹಾದುಹೋಗಿ.,ಮಹಾಭಾರತದ ಕಾಲದಲ್ಲಿ ಅನೇಕ ಯುದ್ಧ ನಡೆದವು.,ಕಾಲ,ಕಾಲ,1,1,1,1.0,1,
pair_0019,word,ಕಾಲ (kāla),ಅವನ ಎಡ ಕಾಲು ಮುರಿದಿದೆ.,ಕಾಲು ನೋವಾಗುತ್ತಿದೆ.,ಕಾಲ,ಕಾಲ,1,1,2,2.0,1,
pair_0020,word,ಕಾಲ (kāla),ಬೇಸಿಗೆ ಕಾಲ ತುಂಬಾ ಬಿಸಿಯಾಗಿರುತ್ತವೆ.,ಮುಂಗಾರು ಕಾಲ ಮೂವೆತ್ತೆ ಅಂದಾಗೆ ಬರುತ್ತದೆ.,ಕಾಲ,ಕಾಲ,1,1,5,5.0,1,
pair_0021,word,ಧರಣಿ (dharaṇi),ಧರಣಿ ಭ್ರಮಿಸುತ್ತಾ ಇರುತ್ತದೆ.,ಧರಣಿಯ ಮೇಲೆ ಮಿಲಿಯನ ಜನ ವಾಸ ಮಾಡುತ್ತಾರೆ.,ಧರಣಿ,ಧರಣಿ,1,1,1,1.0,1,
pair_0022,word,ಧರಣಿ (dharaṇi),ಈ ಕೋಟೆಯ ಧರಣಿ ಕಲ್ಲಿನಿಂದ ಕೆತ್ತಿರುವುದು.,ಮನೆಯ ಧರಣಿ ಬಲಾಗಿರುವುದು ಅಗತ್ಯ.,ಧರಣಿ,ಧರಣಿ,1,1,2,2.0,1,
pair_0023,word,ಚಕ್ರ (chakra),ರಥದ ಚಕ್ರ ಭಾರೀ ಮರದಿಂದ ತಯಾರಾಗಿದೆ.,ಮೊಟೊರಿನ ಚಕ್ರ ತಿರುಗುತ್ತಿದೆ.,ಚಕ್ರ,ಚಕ್ರ,1,1,1,1.0,1,
pair_0024,word,ಚಕ್ರ (chakra),ಜೀವನದ ಚಕ್ರ ಮುಂದುವರಿದುಕೊಂಡಿದೆ.,ಋತುಗಳ ಚಕ್ರ ಪುನರಾವೃತ್ತಿಯಾಗುತ್ತಿದೆ.,ಚಕ್ರ,ಚಕ್ರ,1,1,2,2.0,1,
pair_0025,word,ಚಕ್ರ (chakra),ಯೋಗದಲ್ಲಿ ಆಚ್ಠ ಚಕ್ರಗಳು ಮುಖ್ಯ.,ಹೃದಯ ಚಕ್ರ ಸಕ್ರಿಯಗೊಳಿಸುತ್ತಾರೆ.,ಚಕ್ರ,ಚಕ್ರ,1,1,3,3.0,1,
pair_0026,word,ಚಕ್ರ (chakra),ಕೃಷ್ಣನ ಚಕ್ರ ವೈಷ್ಣವ ಅಸ್ತ್ರ.,ಸುದರ್ಶನ ಚಕ್ರ ಸಕಲವನ್ನು ನಾಶಮಾಡುತ್ತಿದೆ.,ಚಕ್ರ,ಚಕ್ರ,1,1,4,4.0,1,
pair_0027,word,ಕರಣ (karaṇa),ಈ ಘಟನೆಯ ಕರಣ ಎಂದರೆ ನಿರ್ಲಕ್ಷ್ಯತೆ.,ಅನಸ್ಥೆಯ ಕರಣ ಕಾರ್ಯಭಾರ ಹೆಚ್ಚು.,ಕರಣ,ಕರಣ,1,1,1,1.0,1,
pair_0028,word,ಕರಣ (karaṇa),ಶಿಕ್ಷಣ ಜೀವನ ಸುಧಾರಣೆಯ ಕರಣ.,ನೃತ್ಯಕ ಕರಣಗಳು ಅದ್ಭುತವಾಗಿವೆ.,ಕರಣ,ಕರಣ,1,1,2,,1,
pair_0029,word,ಪ್ರಭು (prabhu),ಸೋಮನಾಥ ತನ್ನ ಗುಲಾಮನ ಪ್ರಭು.,ಪ್ರಭುವಿನ ಆದೇಶ ಪಾಲಿಸಲೇಬೇಕು.,ಪ್ರಭು,ಪ್ರಭು,1,1,1,1.0,1,
pair_0030,word,ಪ್ರಭು (prabhu),ಪ್ರಭುವೆ ನಮ್ಮನ್ನು ರಕ್ಷಿಸಿ.,ಪ್ರಭುವಿನ ಕೃಪೆ ಅಪರಿಸೀಮ.,ಪ್ರಭು,ಪ್ರಭು,1,1,2,2.0,1,
pair_0031,word,ಭಕ್ತ (bhakta),ಕೃಷ್ಣನ ಭಕ್ತರು ಕೋವಿಲಿಗೆ ಸೆರೆದುಬಂದರು.,ಆ ಗುರುವಿನ ಭಕ್ತ ತುಂಬಾ ಆಸ್ಥೆಗಳುದ್ದ.,ಭಕ್ತ,ಭಕ್ತ,1,1,1,1.0,1,
pair_0032,word,ಭಕ್ತ (bhakta),ಅರಸನ ಭಕ್ತರು ನಿರ್ದೇಶ ಪಾಲಿಸಿದರು.,ಭಕ್ತರನ್ನು ಸಮ್ಮಾನಿಸಿ.,ಭಕ್ತ,ಭಕ್ತ,1,1,2,2.0,1,
pair_0033,word,ರಸ (rasa),ಆ ಅನ್ನದ ರಸ ಅತ್ಯಂತ ಸುಮಾರು.,ಲೆಮೆನ್ ರಸ ಅಮ್ಲೀಯವಾಗಿರುತ್ತದೆ.,ರಸ,ರಸ,1,1,1,1.0,1,
pair_0034,word,ರಸ (rasa),ಹಣ್ಣಿನ ರಸ ಮಿಠಾಗಿರುತ್ತದೆ.,ಗೆಜ್ಜಿನ ರಸ ಸೋಯಿ ರಸ ಹೊಂದಿಕೆ.,ರಸ,ರಸ,1,1,2,2.0,1,
pair_0035,word,ರಸ (rasa),ಕವಿತೆಯಲ್ಲಿ ಭಿನ್ನ ರಸಗಳು ಇವೆ.,ಶೃಂಗಾರ ರಸ ಸಂಗೀತದಲ್ಲಿ ಪ್ರಕಾಶಿತವಾಗುತ್ತದೆ.,ರಸ,ರಸ,1,1,3,3.0,1,
pair_0036,word,ಅರ್ಥ (artha),ಈ ಮಾತುಗಳ ಅರ್ಥ ತೃಪ್ತಿದಾಯಕವಾಗಿದೆ.,ಪದದ ಅರ್ಥ ತಿಳಿಸಿ.,ಅರ್ಥ,ಅರ್ಥ,1,1,1,1.0,1,
pair_0037,word,ಅರ್ಥ (artha),ಸಭೆ ಅರ್ಥ ಸೂಚಿಸಿದೆ.,ಅರ್ಥ ಪಾಲಿಸುವುದು ಅವಶ್ಯಕ.,ಅರ್ಥ,ಅರ್ಥ,1,1,2,2.0,1,
pair_0038,word,ಅರ್ಥ (artha),ಯುವಕನ ಅರ್ಥ ಉನ್ನತಿಯಿತು.,ಈ ಪ್ರಯೋಗದ ಅರ್ಥ ತಪ್ಪಾದ ವಿಷಯ ಪಕ್ಷೀಕರಿಸುವುದು.,ಅರ್ಥ,ಅರ್ಥ,1,1,3,3.0,1,
pair_0039,word,ನೀಡ (nīḍa),ಪಕ್ಷಿಯ ನೀಡ ವೃಕ್ಷದ ಮೇಲೆ ಇದೆ.,ಸೂಕನಲ್ಲಿ ನೀಡ ತಿರಿಯುತ್ತೆ.,ನೀಡ,ನೀಡ,1,1,1,1.0,1,
pair_0040,word,ನೀಡ (nīḍa),ಬೆಕೆಲೆಗಾಗಿ ಪರಿವಾರದ ನೀಡ ನಿರ್ಮಾಣ ಮಾಡಿದರು.,ಹೊಸ ನೀಡಕ್ಕೆ ಸ್ವಾಗತ.,ನೀಡ,ನೀಡ,1,1,2,2.0,1,
pair_0041,word,ಮಾತು (mātu),ನನ್ನ ಮಾತು ಆಲಿಸಿ.,ಇದು ಗಮನಾರ್ಹ ಮಾತು.,ಮಾತು,ಮಾತು,0,0,1,2.0,0,
pair_0042,word,ಮಾತು (mātu),ಆ ಮಾತು ನಿಜವಾಗಿದೆ.,ಪಟ್ಟಣದಲ್ಲಿ ಸಾಕಷ್ಟು ಮಾತು ಆಗಿದೆ.,ಮಾತು,ಮಾತು,0,0,1,3.0,0,
pair_0043,word,ಮಾತು (mātu),ಇದು ಗಮನಾರ್ಹ ಮಾತು.,ತಲೆಕೆಳಿತ ಮಾತು ನಂಬಬೇಡ.,ಮಾತು,ಮಾತು,0,0,2,3.0,0,
pair_0044,word,ಮಾತು (mātu),ಪಟ್ಟಣದಲ್ಲಿ ಸಾಕಷ್ಟು ಮಾತು ಆಗಿದೆ.,ಆ ಮಾತು ನಿಜವಾಗಿದೆ.,ಮಾತು,ಮಾತು,0,0,3,1.0,0,
pair_0045,word,ಹಸ್ತ (hasta),ತನ್ನ ಹಸ್ತ ಮೆರೆದುಕೊಂಡರು.,ಆನೆಯ ಹಸ್ತ ಅತ್ಯಂತ ಶಕ್ತಿಶಾಳಿ.,ಹಸ್ತ,ಹಸ್ತ,0,0,1,2.0,0,
pair_0046,word,ಹಸ್ತ (hasta),ಹಸ್ತ ತೊಳೆಯಿರಿ.,ಅವನ ಹಸ್ತ ತುಂಬಾ ಸುಂದರವಾಗಿದೆ.,ಹಸ್ತ,ಹಸ್ತ,0,0,1,3.0,0,
pair_0047,word,ಹಸ್ತ (hasta),ಆನೆಯ ಹಸ್ತ ಅತ್ಯಂತ ಶಕ್ತಿಶಾಳಿ.,ಸಭೆ ಅವನ ಹಸ್ತದಲ್ಲಿದೆ.,ಹಸ್ತ,ಹಸ್ತ,0,0,2,4.0,0,
pair_0048,word,ಹಸ್ತ (hasta),ಈ ಗ್ರಂಥ ಶೇಷಾದ್ರಿಯ ಹಸ್ತದಿಂದ ಬರೆದಿದೆ.,ತನ್ನ ಹಸ್ತ ಮೆರೆದುಕೊಂಡರು.,ಹಸ್ತ,ಹಸ್ತ,0,0,3,1.0,0,
pair_0049,word,ಹಸ್ತ (hasta),ಸಭೆ ಅವನ ಹಸ್ತದಲ್ಲಿದೆ.,ಹಸ್ತದಿಂದ ನೀರು ಕುಡಿಯುತ್ತವೆ.,ಹಸ್ತ,ಹಸ್ತ,0,0,4,2.0,0,
pair_0050,word,ಬಾಗ (bāga),ಪುಷ್ಪಬಾಗ ಅತ್ಯಂತ ಸುಂದರವಾಗಿದೆ.,ಸಂಪತ್ತಿನಿಂದ ಪ್ರತಿಯೊಬ್ಬರ ಬಾಗ ನಿರ್ಧರಿಸಿ.,ಬಾಗ,ಬಾಗ,0,0,1,2.0,0,
pair_0051,word,ಬಾಗ (bāga),ತರಕಾರಿ ಬಾಗದಲ್ಲಿ ಸೋಂಕು ಹಿಡಿದಿದೆ.,ಬೆಂಗಳೂರು ಉತ್ತರ ಬಾಗದಲ್ಲಿ ಸ್ಥಿತವಾಗಿದೆ.,ಬಾಗ,ಬಾಗ,0,0,1,3.0,0,
pair_0052,word,ಬಾಗ (bāga),ನನ್ನ ಬಾಗ ನಿಗದಿತವಾಗಿ ಇದೆ.,ನಗರದ ಪಶ್ಚಿಮ ಬಾಗ ಸಾಕಷ್ಟು ಅಭಿವೃದ್ಧಿಯಾಗಿದೆ.,ಬಾಗ,ಬಾಗ,0,0,2,3.0,0,
pair_0053,word,ಚಿತ್ರ (chitra),ಆ ಚಿತ್ರ ನೈಜತ್ವವನ್ನು ಪ್ರತಿಬಿಂಬಿಸುತ್ತದೆ.,ಸಮಾಜದಲ್ಲಿ ಅನೇಕ ಚಿತ್ರ ಜನತೆ ವಾಸ ಮಾಡುತ್ತಾರೆ.,ಚಿತ್ರ,ಚಿತ್ರ,0,0,1,2.0,0,
pair_0054,word,ಚಿತ್ರ (chitra),ಚಿತ್ರ ತೆಗೆಯಬೇಕೆ?,ಆ ಚಿತ್ರ ಘಟನೆ ಕೇಳಲು ಅದ್ಭುತವಾಗಿದೆ.,ಚಿತ್ರ,ಚಿತ್ರ,0,0,1,3.0,0,
pair_0055,word,ಚಿತ್ರ (chitra),ಈ ಕಾದಂಬರಿಯು ಚಿತ್ರವಾದ ಪ್ರಕರಣಗಳನ್ನು ಹೊಂದಿದೆ.,ರವಿಶಂಕರ ಸುಂದರ ಚಿತ್ರ ಸೃಷ್ಟಿಸುತ್ತಾರೆ.,ಚಿತ್ರ,ಚಿತ್ರ,0,0,2,4.0,0,
pair_0056,word,ಚಿತ್ರ (chitra),ಚಿತ್ರವಾದ ಸಂಗತಿ ಸಂಭವಿಸಿದೆ.,ಈ ಚಿತ್ರ ಶಿಲ್ಪ ಅಸಾಧಾರಣ ಕಾದಂಬರಿ.,ಚಿತ್ರ,ಚಿತ್ರ,0,0,3,4.0,0,
pair_0057,word,ಕಾಲ (kāla),ಕಾಲ ದ್ರುತವಾಗಿ ಹಾದುಹೋಗಿ.,ಅವನ ಎಡ ಕಾಲು ಮುರಿದಿದೆ.,ಕಾಲ,ಕಾಲ,0,0,1,2.0,0,
pair_0058,word,ಕಾಲ (kāla),ಮಹಾಭಾರತದ ಕಾಲದಲ್ಲಿ ಅನೇಕ ಯುದ್ಧ ನಡೆದವು.,ಕಾಲು ನೋವಾಗುತ್ತಿದೆ.,ಕಾಲ,ಕಾಲ,0,0,1,2.0,0,
pair_0059,word,ಕಾಲ (kāla),ಅವನ ಎಡ ಕಾಲು ಮುರಿದಿದೆ.,ಬೇಸಿಗೆ ಕಾಲ ತುಂಬಾ ಬಿಸಿಯಾಗಿರುತ್ತವೆ.,ಕಾಲ,ಕಾಲ,0,0,2,5.0,0,
pair_0060,word,ಕಾಲ (kāla),ಕಾಲು ನೋವಾಗುತ್ತಿದೆ.,ಮುಂಗಾರು ಕಾಲ ಮೂವೆತ್ತೆ ಅಂದಾಗೆ ಬರುತ್ತದೆ.,ಕಾಲ,ಕಾಲ,0,0,2,5.0,0,
pair_0061,word,ಧರಣಿ (dharaṇi),ಧರಣಿ ಭ್ರಮಿಸುತ್ತಾ ಇರುತ್ತದೆ.,ಈ ಕೋಟೆಯ ಧರಣಿ ಕಲ್ಲಿನಿಂದ ಕೆತ್ತಿರುವುದು.,ಧರಣಿ,ಧರಣಿ,0,0,1,2.0,0,
pair_0062,word,ಧರಣಿ (dharaṇi),ಧರಣಿಯ ಮೇಲೆ ಮಿಲಿಯನ ಜನ ವಾಸ ಮಾಡುತ್ತಾರೆ.,ಮನೆಯ ಧರಣಿ ಬಲಾಗಿರುವುದು ಅಗತ್ಯ.,ಧರಣಿ,ಧರಣಿ,0,0,1,2.0,0,
pair_0063,word,ಚಕ್ರ (chakra),ರಥದ ಚಕ್ರ ಭಾರೀ ಮರದಿಂದ ತಯಾರಾಗಿದೆ.,ಜೀವನದ ಚಕ್ರ ಮುಂದುವರಿದುಕೊಂಡಿದೆ.,ಚಕ್ರ,ಚಕ್ರ,0,0,1,2.0,0,
pair_0064,word,ಚಕ್ರ (chakra),ಮೊಟೊರಿನ ಚಕ್ರ ತಿರುಗುತ್ತಿದೆ.,ಯೋಗದಲ್ಲಿ ಆಚ್ಠ ಚಕ್ರಗಳು ಮುಖ್ಯ.,ಚಕ್ರ,ಚಕ್ರ,0,0,1,3.0,0,
pair_0065,word,ಚಕ್ರ (chakra),ಋತುಗಳ ಚಕ್ರ ಪುನರಾವೃತ್ತಿಯಾಗುತ್ತಿದೆ.,ಕೃಷ್ಣನ ಚಕ್ರ ವೈಷ್ಣವ ಅಸ್ತ್ರ.,ಚಕ್ರ,ಚಕ್ರ,0,0,2,4.0,0,
pair_0066,word,ಚಕ್ರ (chakra),ಹೃದಯ ಚಕ್ರ ಸಕ್ರಿಯಗೊಳಿಸುತ್ತಾರೆ.,ಸುದರ್ಶನ ಚಕ್ರ ಸಕಲವನ್ನು ನಾಶಮಾಡುತ್ತಿದೆ.,ಚಕ್ರ,ಚಕ್ರ,0,0,3,4.0,0,
pair_0067,word,ಕರಣ (karaṇa),ಈ ಘಟನೆಯ ಕರಣ ಎಂದರೆ ನಿರ್ಲಕ್ಷ್ಯತೆ.,ಶಿಕ್ಷಣ ಜೀವನ ಸುಧಾರಣೆಯ ಕರಣ.,ಕರಣ,ಕರಣ,0,0,1,2.0,0,
pair_0068,word,ಪ್ರಭು (prabhu),ಸೋಮನಾಥ ತನ್ನ ಗುಲಾಮನ ಪ್ರಭು.,ಪ್ರಭುವೆ ನಮ್ಮನ್ನು ರಕ್ಷಿಸಿ.,ಪ್ರಭು,ಪ್ರಭು,0,0,1,2.0,0,
pair_0069,word,ಪ್ರಭು (prabhu),ಪ್ರಭುವಿನ ಆದೇಶ ಪಾಲಿಸಲೇಬೇಕು.,ಪ್ರಭುವಿನ ಕೃಪೆ ಅಪರಿಸೀಮ.,ಪ್ರಭು,ಪ್ರಭು,0,0,1,2.0,0,
pair_0070,word,ಭಕ್ತ (bhakta),ಕೃಷ್ಣನ ಭಕ್ತರು ಕೋವಿಲಿಗೆ ಸೆರೆದುಬಂದರು.,ಅರಸನ ಭಕ್ತರು ನಿರ್ದೇಶ ಪಾಲಿಸಿದರು.,ಭಕ್ತ,ಭಕ್ತ,0,0,1,2.0,0,
pair_0071,word,ಭಕ್ತ (bhakta),ಆ ಗುರುವಿನ ಭಕ್ತ ತುಂಬಾ ಆಸ್ಥೆಗಳುದ್ದ.,ಭಕ್ತರನ್ನು ಸಮ್ಮಾನಿಸಿ.,ಭಕ್ತ,ಭಕ್ತ,0,0,1,2.0,0,
pair_0072,word,ರಸ (rasa),ಆ ಅನ್ನದ ರಸ ಅತ್ಯಂತ ಸುಮಾರು.,ಕವಿತೆಯಲ್ಲಿ ಭಿನ್ನ ರಸಗಳು ಇವೆ.,ರಸ,ರಸ,0,0,1,3.0,0,
pair_0073,word,ರಸ (rasa),ಹಣ್ಣಿನ ರಸ ಮಿಠಾಗಿರುತ್ತದೆ.,ಶೃಂಗಾರ ರಸ ಸಂಗೀತದಲ್ಲಿ ಪ್ರಕಾಶಿತವಾಗುತ್ತದೆ.,ರಸ,ರಸ,0,0,2,3.0,0,
pair_0074,word,ರಸ (rasa),ಲೆಮೆನ್ ರಸ ಅಮ್ಲೀಯವಾಗಿರುತ್ತದೆ.,ದೇವತೆಗಳು ಅಮೃತ ರಸ ಕುಡಿದರು.,ರಸ,ರಸ,0,0,1,4.0,0,
pair_0075,word,ಅರ್ಥ (artha),ಈ ಮಾತುಗಳ ಅರ್ಥ ತೃಪ್ತಿದಾಯಕವಾಗಿದೆ.,ಸಭೆ ಅರ್ಥ ಸೂಚಿಸಿದೆ.,ಅರ್ಥ,ಅರ್ಥ,0,0,1,2.0,0,
pair_0076,word,ಅರ್ಥ (artha),ಪದದ ಅರ್ಥ ತಿಳಿಸಿ.,ಯುವಕನ ಅರ್ಥ ಉನ್ನತಿಯಿತು.,ಅರ್ಥ,ಅರ್ಥ,0,0,1,3.0,0,
pair_0077,word,ನೀಡ (nīḡ),ಪಕ್ಷಿಯ ನೀಡ ವೃಕ್ಷದ ಮೇಲೆ ಇದೆ.,ಹೊಸ ನೀಡಕ್ಕೆ ಸ್ವಾಗತ.,ನೀಡ,ನೀಡ,0,0,1,2.0,0,
pair_0078,word,ತೆಗೆ (tege),ನನ್ನ ಹಸ್ತ ತೆಗೆ.,ಹಾಕುಮಾರಿಗೆ ನಕ್ಷತ್ರ ತೆಗೆದು ಕೊಟ್ಟರು.,ತೆಗೆ,ತೆಗೆ,1,1,1,1.0,1,
pair_0079,word,ತೆಗೆ (tege),ಹೋಗಿ ಮೇಲಿನ ತಗರು ತೆಗೆದುಕೊ.,ಕಂಕುದಿಂದ ಮುಖ್ಯ ಕೆಲಸ ತೆಗೆದುಕೊ.,ತೆಗೆ,ತೆಗೆ,1,1,2,2.0,1,
pair_0080,word,ತೆಗೆ (tege),ನೆಲದಿಂದ ಪಿಸು ತೆಗೆದುಕೊ.,ಹೊರಗಿನ ಸೂಪ ತೆಗೆದುಕೊಂಡೆ.,ತೆಗೆ,ತೆಗೆ,1,1,3,3.0,1,
pair_0081,word,ತೆಗೆ (tege),ಗುರಿನೆ ಬಾರಣವನ್ನು ತೆಗೆದುಕೊಳ್ಳಿ.,ಪ್ರಾಣಿ ಪರೀಕ್ಷೆಯಲ್ಲಿ ತೆಗೆದುಕೊಂಡರು.,ತೆಗೆ,ತೆಗೆ,1,1,4,4.0,1,
pair_0082,word,ಕೊಡು (koḍu),ಆನೆಗೆ ಒಣಹೂವು ಕೊಡಿ.,ನನಗೆ ನೀರು ಕೊಡಿ.,ಕೊಡು,ಕೊಡು,1,1,1,1.0,1,
pair_0083,word,ಕೊಡು (koḍu),ದೇವರಿಗೆ ಹೂವು ಕೊಡುವುದು ಸಂಪ್ರದಾಯ.,ಅತಿಥಿಗೆ ಆಸನ ಕೊಡಿ.,ಕೊಡು,ಕೊಡು,1,1,2,2.0,1,
pair_0084,word,ಕೊಡು (koḍu),ಶತ್ರುವಿಗೆ ಭೀಷಣ ಪ್ರಹಾರ ಕೊಡುತ್ತೆ.,ತೊಡೆಯಿಂದ ಥಳಿ ಕೊಟ್ಟನಳೆ.,ಕೊಡು,ಕೊಡು,1,1,3,3.0,1,
pair_0085,word,ಕೊಡು (koḍu),ಗಿರುಗಳ ಹಾಕುಮಾರಿ ಬೆಳ್ಳಳಿ ಕೊಡುತ್ತವೆ.,ಕ್ಷೇತ್ರ ಸಂಪೂರ್ಣ ಫಸಲಿ ಕೊಡುತ್ತಿದೆ.,ಕೊಡು,ಕೊಡು,1,1,4,4.0,1,
pair_0086,word,ನೋಡು (nōḍu),ಆಕಾಶ ನೋಡಿ.,ಒಟ್ಟಿಗೆ ಏನು ನೋಡುತ್ತೀಯ?,ನೋಡು,ನೋಡು,1,1,1,1.0,1,
pair_0087,word,ನೋಡು (nōḍu),ಸಿನೆಮಾ ನೋಡುವುದು ಆನಂದ.,ಕಡಿಮೆ ಮಾರುಕಟ್ಟೆ ನೋಡೊಳ್ಳಿ.,ನೋಡು,ನೋಡು,1,1,2,2.0,1,
pair_0088,word,ನೋಡು (nōḍu),ನನ್ನ ಸ್ನೇಹಿತ ನೀಡೆ ನೋಡುತ್ತೆ.,ರಾತ್ರಿ ನಿಮ್ಮನ್ನು ನೋಡುತ್ತೇನೆ.,ನೋಡು,ನೋಡು,1,1,3,3.0,1,
pair_0089,word,ನೋಡು (nōḍu),ಸರಿಪೊತ್ತು ನೋಡಿ.,ಚಿಕಿತ್ಸಕ ರೋಗಿಯನ್ನು ನೋಡಿದರು.,ನೋಡು,ನೋಡು,1,1,4,4.0,1,
pair_0090,word,ಸಾಕು (sāku),ಇಷ್ಟು ಸಾಕು.,ಹಣ ಸಾಕುದೆ?,ಸಾಕು,ಸಾಕು,1,1,1,1.0,1,
pair_0091,word,ಸಾಕು (sāku),ಹಸು ಸಾಕುವುದು ಅಸಾಧಾರಣ.,ಗುರುಗಳನ್ನು ಸಾಕಿದೆ.,ಸಾಕು,ಸಾಕು,1,1,2,2.0,1,
pair_0092,word,ಸಾಕು (sāku),ಈ ನೋವು ಸಾಕಲಾರೆ.,ಹೆಚ್ಚು ಅವಮಾನ ಸಾಕಬಾರದು.,ಸಾಕು,ಸಾಕು,1,1,3,3.0,1,
pair_0093,word,ಧರಿಸು (dharisu),ಹೊಸ ಬಟ್ಟೆ ಧರಿಸಿ.,ಮುಖವಾಣಿ ಧರಿಸಿ.,ಧರಿಸು,ಧರಿಸು,1,1,1,1.0,1,
pair_0094,word,ಧರಿಸು (dharisu),ಅಸ್ತ್ರ ಧರಿಸಿ ಯುದ್ಧಕ್ಕೆ ಬಂದರು.,ಮಾದರಿ ಧರಿಸಿ ಹೋಗುತ್ತೆ.,ಧರಿಸು,ಧರಿಸು,1,1,2,2.0,1,
pair_0095,word,ಧರಿಸು (dharisu),ಭೂಮಿಯ ಸಾಕಷ್ಟು ಸೋಂಕುಗಳನ್ನು ಧರಿಸಿದೆ.,ಕುಟುಂಬದ ನೈತಿಕ ಧರಿಸುವುದು ಅವಶ್ಯಕ.,ಧರಿಸು,ಧರಿಸು,1,1,3,3.0,1,
pair_0096,word,ಬರು (baru),ನಾಳೆ ನನ್ನ ಮನೆಗೆ ಬಾರು.,ಕಡಿಮೆ ಕರೆ ಸುಗಿಕೊ ಬರುತ್ತೆ.,ಬರು,ಬರು,1,1,1,1.0,1,
pair_0097,word,ಬರು (baru),ರೈಲು ಸಮಯಕ್ಕೆ ಬರುತ್ತಿದೆ.,ಮೇಲಿನ ಸಿಡಿ ಹಠಾತ್ತು ಬರುತ್ತೆ.,ಬರು,ಬರು,1,1,2,2.0,1,
pair_0098,word,ಬರು (baru),ಇದೇ ಆಕಸ್ಮಾತ್ ಘಟನೆ ಕಾಲೇ ಕಾಲೇ ಬರುತ್ತದೆ.,ಶೀತ ಋತುವು ಬರುತ್ತಿದೆ.,ಬರು,ಬರು,1,1,3,3.0,1,
pair_0099,word,ಬರು (baru),ಅವನು ಅರಸನಾಗಿ ಬರುತ್ತೀಯ.,ನೀ ಶಕ್ತಿಶಾಳಿಯಾಗಿ ಬರಿ.,ಬರು,ಬರು,1,1,4,4.0,1,
pair_0100,word,ಹೋಗು (hōgu),ಪರೀಕ್ಷೆಗೆ ಹೋಗಿ.,ನನ್ನ ಕಾರು ಹೋಗುತ್ತಿದೆ.,ಹೋಗು,ಹೋಗು,1,1,1,1.0,1,
pair_0101,word,ಹೋಗು (hōgu),"ಮುಂದೆ ಹೋಗಿ, ಜಾರುವುದು ಹೋಗುತ್ತೆ.",ಕೋಣೆಯಿಂದ ಹೋಗಿ.,ಹೋಗು,ಹೋಗು,1,1,2,2.0,1,
pair_0102,word,ಹೋಗು (hōgu),ಅಲೋಕು ಹೋಗಿ.,ಸೂರ್ಯ ದಿಗಂತದ ಹೆಚ್ಚಿನ ಹೋಗಿ.,ಹೋಗು,ಹೋಗು,1,1,3,3.0,1,
pair_0103,word,ಹೋಗು (hōgu),ದಿನ ಸರಿಸರಿ ಹೋಗುತ್ತಿದೆ.,ವರ್ಷ ಬೇಗ ಹೋದೆ.,ಹೋಗು,ಹೋಗು,1,1,4,4.0,1,
pair_0104,word,ಮಾಡು (māḍu),ಚಿತ್ರ ಸೃಷ್ಟಿ ಮಾಡಿ.,ಕಟಣೆ ಮಾಡುತ್ತೇನೆ.,ಮಾಡು,ಮಾಡು,1,1,1,1.0,1,
pair_0105,word,ಮಾಡು (māḍu),ಕೆಲಸ ಮಾಡಿ.,ಸಹಾಯ ಮಾಡಿ.,ಮಾಡು,ಮಾಡು,1,1,2,2.0,1,
pair_0106,word,ಮಾಡು (māḍu),ಆಹಾರ ಮಾಡುತ್ತೇನೆ.,ಬಾರ ಮಾಡುವುದು ಪುರಸ್ಕಾರ.,ಮಾಡು,ಮಾಡು,1,1,3,3.0,1,
pair_0107,word,ಮಾಡು (māḍu),ಸಮಸ್ಯೆ ಮಾಡಿದೆ.,ಕೆಸರು ಮಾಡುವುದು ಸುಗಮ.,ಮಾಡು,ಮಾಡು,1,1,4,4.0,1,
pair_0108,word,ಹೊಡೆ (hoḍe),ಮೇಜಿನ ಮೇಲೆ ಹೊಡೆಯಿರಿ.,ದುರ್ಬಲ ಲೋಕದ ಬೇಡಿ ಹೊಡೆಯುವುದು.,ಹೊಡೆ,ಹೊಡೆ,1,1,1,1.0,1,
pair_0109,word,ಹೊಡೆ (hoḍe),ಸರೀ ಪದಾರ್ಥವು ತೋಟದಲ್ಲಿ ಹೊಡೆದನು.,ಗಂಡುಸಾಪು ಹೊಡೆಯಿರಿ.,ಹೊಡೆ,ಹೊಡೆ,1,1,2,2.0,1,
pair_0110,word,ಹೊಡೆ (hoḍe),ಬೆಲ್ ಹೊಡೆಯಿರಿ.,ಮಾಂತ್ರಿಕ ಘಂಟೆ ಹೊಡೆಯುತ್ತಾರೆ.,ಹೊಡೆ,ಹೊಡೆ,1,1,3,3.0,1,
pair_0111,word,ಕೂಲಿ (kūli),ಪರೋಪಕಾರಿ ಉದ್ದೇಶದಿಂದ ಕೂಲಿ ಮಾಡುತ್ತೆ.,ನೋವಿನಿಂದ ಕೂಲಿ ಮಾಡಿದಾಳು.,ಕೂಲಿ,ಕೂಲಿ,1,1,1,1.0,1,
pair_0112,word,ಕೂಲಿ (kūli),ಮಗುವನ್ನು ಕೂಲಿ ಮಾಡಿ.,ನನ್ನನ್ನು ಕೂಲಿ ಮಾಡಿದಾಳು.,ಕೂಲಿ,ಕೂಲಿ,1,1,2,2.0,1,
pair_0113,word,ಕೂಲಿ (kūli),ಪಾರ್ಟಿಗೆ ಮಹತ್ತರ ಕೂಲಿ ಮಾಡಿದೆ.,ನಿನ್ನ ಸ್ನೇಹಿತರನ್ನು ಕೂಲಿ ಮಾಡೋ.,ಕೂಲಿ,ಕೂಲಿ,1,1,3,3.0,1,
pair_0114,word,ಕಾಲೆ (kāle),ಅನ್ನ ಕಾಲೆ ಮಾಡಬೇಡ.,ಅವಕಾಶ ಕಾಲೆ ಮಾಡಿದೆ.,ಕಾಲೆ,ಕಾಲೆ,1,1,1,1.0,1,
pair_0115,word,ಕಾಲೆ (kāle),ಹಣ ಕಾಲೆ ಮಾಡುವುದು ನೀತಿಹೀನ.,ಪ್ರತಿಭೆ ಕಾಲೆ ಮಾಡಬೇಡ.,ಕಾಲೆ,ಕಾಲೆ,1,1,2,2.0,1,
pair_0116,word,ಕಾಲೆ (kāle),ಅಧ್ಯಯನ ಕಾಲೆ ಮಾಡಿದೆ.,ಪರಿವಾರ ಕಾಲೆ ಮಾಡುವುದು ಅನುಚಿತ.,ಕಾಲೆ,ಕಾಲೆ,1,1,3,3.0,1,
pair_0117,word,ವಹಿಸು (vahisu),ಸೋವೆಯನ್ನು ವಹಿಸುವುದು ಭಾರೀ.,ಹೊರೆ ವಹಿಸಿ ಹೋಗಿ.,ವಹಿಸು,ವಹಿಸು,1,1,1,1.0,1,
pair_0118,word,ವಹಿಸು (vahisu),ರಾಷ್ಟ್ರದ ಜವಾಬ್ದಾರಿ ವಹಿಸುವುದು ಕಷ್ಟ.,ಪದ ವಹಿಸಿಕೊಂಡಿರುವ ಅಧಿಕಾರಿ.,ವಹಿಸು,ವಹಿಸು,1,1,2,2.0,1,
pair_0119,word,ವಹಿಸು (vahisu),ಸಂಕಟ ವಹಿಸುವುದು ಧೈರ್ಯದ ಲಕ್ಷಣ.,ಹೊತ್ತುಕೊಂಡ ಮನೋವೇದನೆ ವಹಿಸಿ.,ವಹಿಸು,ವಹಿಸು,1,1,3,3.0,1,
pair_0120,word,ಲೇ (lē),ನೀರು ಲೇಯಿ.,ಆ ಸೂಪಿಗೆ ಈ ದ್ರವ್ಯ ಲೇಯಿ.,ಲೇ,ಲೇ,1,1,1,1.0,1,
pair_0121,word,ಲೇ (lē),ಟೇಬಿಲ್ ಮೇಲೆ ನೀರು ಲೇದೆ.,ಹೊಡೆದಿದ್ದರಿಂದ ಹೆಣ್ಣಿನ ಲೋಹಿತ ಲೇದೆ.,ಲೇ,ಲೇ,1,1,2,2.0,1,
pair_0122,word,ಲೇ (lē),ಬೀಜ ಲೇಯಿ.,ಪ್ರಕಾಶ ಲೇದೆ.,ಲೇ,ಲೇ,1,1,3,3.0,1,
pair_0123,word,ಬೆಳೆ (beḷe),ಮಗು ಬೆಳೆಯುತ್ತಿದೆ.,ಆತನ ಉತ್ತರ ದಾಯಿತ್ವ ಬೆಳೆಯುತ್ತಿದೆ.,ಬೆಳೆ,ಬೆಳೆ,1,1,1,1.0,1,
pair_0124,word,ಬೆಳೆ (beḷe),ಅನ್ನ ಬೆಳೆಯುವುದು ರೈತಿಕೆಯ ಪ್ರಧಾನ ಕೆಲಸ.,ತರಕಾರಿ ಬೆಳೆಯಿರಿ.,ಬೆಳೆ,ಬೆಳೆ,1,1,2,2.0,1,
pair_0125,word,ಬೆಳೆ (beḷe),ಮಗುವಿನ ಮನ ಬೆಳೆಯುವುದು ಮುಖ್ಯ.,ಶಕ್ತಿ ಬೆಳೆಸಿ.,ಬೆಳೆ,ಬೆಳೆ,1,1,3,3.0,1,
pair_0126,word,ತೆಗೆ (tege),ನನ್ನ ಹಸ್ತ ತೆಗೆ.,ಹೋಗಿ ಮೇಲಿನ ತಗರು ತೆಗೆದುಕೊ.,ತೆಗೆ,ತೆಗೆ,0,0,1,2.0,0,
pair_0127,word,ತೆಗೆ (tege),ನೆಲದಿಂದ ಪಿಸು ತೆಗೆದುಕೊ.,ಗುರಿನೆ ಬಾರಣವನ್ನು ತೆಗೆದುಕೊಳ್ಳಿ.,ತೆಗೆ,ತೆಗೆ,0,0,3,4.0,0,
pair_0128,word,ಕೊಡು (koḍu),ಆನೆಗೆ ಒಣಹೂವು ಕೊಡಿ.,ದೇವರಿಗೆ ಹೂವು ಕೊಡುವುದು ಸಂಪ್ರದಾಯ.,ಕೊಡು,ಕೊಡು,0,0,1,2.0,0,
pair_0129,word,ಕೊಡು (koḍu),ಶತ್ರುವಿಗೆ ಭೀಷಣ ಪ್ರಹಾರ ಕೊಡುತ್ತೆ.,ಗಿರುಗಳ ಹಾಕುಮಾರಿ ಬೆಳ್ಳಳಿ ಕೊಡುತ್ತವೆ.,ಕೊಡು,ಕೊಡು,0,0,3,4.0,0,
pair_0130,word,ನೋಡು (nōḍu),ಆಕಾಶ ನೋಡಿ.,ಸಿನೆಮಾ ನೋಡುವುದು ಆನಂದ.,ನೋಡು,ನೋಡು,0,0,1,2.0,0,
pair_0131,word,ನೋಡು (nōḍu),ನನ್ನ ಸ್ನೇಹಿತ ನೀಡೆ ನೋಡುತ್ತೆ.,ಸರಿಪೊತ್ತು ನೋಡಿ.,ನೋಡು,ನೋಡು,0,0,3,4.0,0,
pair_0132,word,ಸಾಕು (sāku),ಇಷ್ಟು ಸಾಕು.,ಹಸು ಸಾಕುವುದು ಅಸಾಧಾರಣ.,ಸಾಕು,ಸಾಕು,0,0,1,2.0,0,
pair_0133,word,ಸಾಕು (sāku),ಈ ನೋವು ಸಾಕಲಾರೆ.,ಗುರುಗಳನ್ನು ಸಾಕಿದೆ.,ಸಾಕು,ಸಾಕು,0,0,3,2.0,0,
pair_0134,word,ಧರಿಸು (dharisu),ಹೊಸ ಬಟ್ಟೆ ಧರಿಸಿ.,ಅಸ್ತ್ರ ಧರಿಸಿ ಯುದ್ಧಕ್ಕೆ ಬಂದರು.,ಧರಿಸು,ಧರಿಸು,0,0,1,2.0,0,
pair_0135,word,ಧರಿಸು (dharisu),ಭೂಮಿಯ ಸಾಕಷ್ಟು ಸೋಂಕುಗಳನ್ನು ಧರಿಸಿದೆ.,ಮುಖವಾಣಿ ಧರಿಸಿ.,ಧರಿಸು,ಧರಿಸು,0,0,3,1.0,0,
pair_0136,word,ಬರು (baru),ನಾಳೆ ನನ್ನ ಮನೆಗೆ ಬಾರು.,ರೈಲು ಸಮಯಕ್ಕೆ ಬರುತ್ತಿದೆ.,ಬರು,ಬರು,0,0,1,2.0,0,
pair_0137,word,ಬರು (baru),ಇದೇ ಆಕಸ್ಮಾತ್ ಘಟನೆ ಕಾಲೇ ಕಾಲೇ ಬರುತ್ತದೆ.,ಅವನು ಅರಸನಾಗಿ ಬರುತ್ತೀಯ.,ಬರು,ಬರು,0,0,3,4.0,0,
pair_0138,word,ಹೋಗು (hōgu),ಪರೀಕ್ಷೆಗೆ ಹೋಗಿ.,"ಮುಂದೆ ಹೋಗಿ, ಜಾರುವುದು ಹೋಗುತ್ತೆ.",ಹೋಗು,ಹೋಗು,0,0,1,2.0,0,
pair_0139,word,ಹೋಗು (hōgu),ಅಲೋಕು ಹೋಗಿ.,ದಿನ ಸರಿಸರಿ ಹೋಗುತ್ತಿದೆ.,ಹೋಗು,ಹೋಗು,0,0,3,4.0,0,
pair_0140,word,ಮಾಡು (māḍu),ಚಿತ್ರ ಸೃಷ್ಟಿ ಮಾಡಿ.,ಕೆಲಸ ಮಾಡಿ.,ಮಾಡು,ಮಾಡು,0,0,1,2.0,0,
pair_0141,word,ಮಾಡು (māḍu),ಆಹಾರ ಮಾಡುತ್ತೇನೆ.,ಸಮಸ್ಯೆ ಮಾಡಿದೆ.,ಮಾಡು,ಮಾಡು,0,0,3,4.0,0,
pair_0142,word,ಹೊಡೆ (hoḍe),ಮೇಜಿನ ಮೇಲೆ ಹೊಡೆಯಿರಿ.,ಬೆಲ್ ಹೊಡೆಯಿರಿ.,ಹೊಡೆ,ಹೊಡೆ,0,0,1,3.0,0,
pair_0143,word,ಕೂಲಿ (kūli),ಪರೋಪಕಾರಿ ಉದ್ದೇಶದಿಂದ ಕೂಲಿ ಮಾಡುತ್ತೆ.,ಮಗುವನ್ನು ಕೂಲಿ ಮಾಡಿ.,ಕೂಲಿ,ಕೂಲಿ,0,0,1,2.0,0,
pair_0144,word,ಕೂಲಿ (kūli),ಪಾರ್ಟಿಗೆ ಮಹತ್ತರ ಕೂಲಿ ಮಾಡಿದೆ.,ನೋವಿನಿಂದ ಕೂಲಿ ಮಾಡಿದಾಳು.,ಕೂಲಿ,ಕೂಲಿ,0,0,3,1.0,0,
pair_0145,word,ಕಾಲೆ (kāle),ಅನ್ನ ಕಾಲೆ ಮಾಡಬೇಡ.,ಹಣ ಕಾಲೆ ಮಾಡುವುದು ನೀತಿಹೀನ.,ಕಾಲೆ,ಕಾಲೆ,0,0,1,2.0,0,
pair_0146,word,ಕಾಲೆ (kāle),ಅಧ್ಯಯನ ಕಾಲೆ ಮಾಡಿದೆ.,ಅವಕಾಶ ಕಾಲೆ ಮಾಡಿದೆ.,ಕಾಲೆ,ಕಾಲೆ,0,0,3,1.0,0,
pair_0147,word,ವಹಿಸು (vahisu),ಸೋವೆಯನ್ನು ವಹಿಸುವುದು ಭಾರೀ.,ರಾಷ್ಟ್ರದ ಜವಾಬ್ದಾರಿ ವಹಿಸುವುದು ಕಷ್ಟ.,ವಹಿಸು,ವಹಿಸು,0,0,1,2.0,0,
pair_0148,word,ವಹಿಸು (vahisu),ಸಂಕಟ ವಹಿಸುವುದು ಧೈರ್ಯದ ಲಕ್ಷಣ.,ಹೊರೆ ವಹಿಸಿ ಹೋಗಿ.,ವಹಿಸು,ವಹಿಸು,0,0,3,1.0,0,
pair_0149,word,ಲೇ (lē),ನೀರು ಲೇಯಿ.,ಟೇಬಿಲ್ ಮೇಲೆ ನೀರು ಲೇದೆ.,ಲೇ,ಲೇ,0,0,1,2.0,0,
pair_0150,word,ಲೇ (lē),ಬೀಜ ಲೇಯಿ.,ಹೊಡೆದಿದ್ದರಿಂದ ಹೆಣ್ಣಿನ ಲೋಹಿತ ಲೇದೆ.,ಲೇ,ಲೇ,0,0,3,2.0,0,
pair_0151,word,ಬೆಳೆ (beḷe),ಮಗು ಬೆಳೆಯುತ್ತಿದೆ.,ಅನ್ನ ಬೆಳೆಯುವುದು ರೈತಿಕೆಯ ಪ್ರಧಾನ ಕೆಲಸ.,ಬೆಳೆ,ಬೆಳೆ,0,0,1,2.0,0,
pair_0152,word,ಬೆಳೆ (beḷe),ಮಗುವಿನ ಮನ ಬೆಳೆಯುವುದು ಮುಖ್ಯ.,ತರಕಾರಿ ಬೆಳೆಯಿರಿ.,ಬೆಳೆ,ಬೆಳೆ,0,0,3,2.0,0,
pair_0153,word,ನಕಲಿ (nakali),ಆ ನಕಲಿ ಚಿತ್ರ ಅಸಾಧಾರಣ ಸಿದ್ಧಿ.,ನಕಲಿ ಪಾಸ್‌ಪೋರ್ಟ್ ಜರಿಮಾನೆಗೆ ಸಾಧ್ಯ.,ನಕಲಿ,ನಕಲಿ,1,1,1,1.0,1,
pair_0154,word,ನಕಲಿ (nakali),ನಕಲಿ ಸಾಕ್ಷ್ಯ ನ್ಯಾಯಾಲಯದ ವಿರುದ್ಧ ರಿವಾಜು.,ನಕಲಿ ವಾದ್ಯತೆ ನಿಖಿಲ ಎಲೆ ಪ್ರತಿ.,ನಕಲಿ,ನಕಲಿ,1,1,2,2.0,1,
pair_0155,word,ಮುಕ್ತ (mukta),ಕೈದಿ ಮುಕ್ತನಾದನು.,ಮುಕ್ತ ಮನೋಭಾವ ಅಗತ್ಯ.,ಮುಕ್ತ,ಮುಕ್ತ,1,1,1,1.0,1,
pair_0156,word,ಮುಕ್ತ (mukta),ಬಂಧನೆಯಿಂದ ಮುಕ್ತನಾದನು.,ಇಲಿಯನ್ನು ಮುಕ್ತ ಮಾಡಿ.,ಮುಕ್ತ,ಮುಕ್ತ,1,1,2,2.0,1,
pair_0157,word,ಗಟ್ಟ (gaṭṭa),ಗಟ್ಟ ಕಲ್ಲು ಚಾಪುತ್ತಾರೆ.,ಮಜ್ಜಿಗೆ ಗಟ್ಟ ಕಕ್ಷ.,ಗಟ್ಟ,ಗಟ್ಟ,1,1,1,1.0,1,
pair_0158,word,ಗಟ್ಟ (gaṭṭa),ಗುರುವು ಗಟ್ಟ ಆಜ್ಞೆಕಾರಿ.,ಗಟ್ಟ ನಿಯಮ ಪಾಲಿಸುತ್ತಾರೆ.,ಗಟ್ಟ,ಗಟ್ಟ,1,1,2,2.0,1,
pair_0159,word,ಗಟ್ಟ (gaṭṭa),ಗಟ್ಟ ಸಮಸ್ಯೆ ಎದುರಾಗಿದೆ.,ಗಟ್ಟ ಅನುಸಾರ ನೋವು.,ಗಟ್ಟ,ಗಟ್ಟ,1,1,3,3.0,1,
pair_0160,word,ಕಬ್ಬಿ (kabbi),ಕಬ್ಬಿ ಬಟ್ಟೆ ಹೊಗಳುವುದಲ್ಲ.,ಕಬ್ಬಿ ಚರ್ಮ ಶೇಕಡೆ.,ಕಬ್ಬಿ,ಕಬ್ಬಿ,1,1,1,1.0,1,
pair_0161,word,ಕಬ್ಬಿ (kabbi),ಕಬ್ಬಿ ಮಾತು ಆಘಾತ ಬಿಡುತ್ತದೆ.,ಕಬ್ಬಿ ವ್ಯವಹಾರ ನಿಜನಾಗಿ ನೋವಾಗಿಸುತ್ತದೆ.,ಕಬ್ಬಿ,ಕಬ್ಬಿ,1,1,2,2.0,1,
pair_0162,word,ನೀಲ (nīla),ನೀಲ ಆಕಾಶ ಮೋಹಕ.,ನೀಲ ವಸ್ತ್ರ ಸುಂದರವಾಗಿದೆ.,ನೀಲ,ನೀಲ,1,1,1,1.0,1,
pair_0163,word,ನೀಲ (nīla),ನೀಲ ಸಂಜೆ ಬರುತ್ತಿದೆ.,ನೀಲ ಮೋಹೆ ಅಂಧಕಾರ.,ನೀಲ,ನೀಲ,1,1,2,2.0,1,
pair_0164,word,ಸಾಧಾರಣ (sādhāraṇa),ಸಾಧಾರಣ ಕುಟುಂಬ ಬದುಕುತ್ತೆ.,ಸಾಧಾರಣ ಮನುಷ್ಯ ಅಸಾಧಾರಣ ಕಾರ್ಯ ಮಾಡಿದನು.,ಸಾಧಾರಣ,ಸಾಧಾರಣ,1,1,1,1.0,1,
pair_0165,word,ಸಾಧಾರಣ (sādhāraṇa),ಸಾಧಾರಣ ಚಿಂತನೆ ಸಕಲ ಜನಕ್ಕು ಅನ್ವಯ.,ಸಾಧಾರಣ ಸತ್ಯ ಪರಿವರ್ತಿತವಾಗಿದೆ.,ಸಾಧಾರಣ,ಸಾಧಾರಣ,1,1,2,2.0,1,
pair_0166,word,ಲೋಭಿ (lobhi),ಲೋಭಿ ಮನುಷ್ಯ ಸದಾ ತೃಪ್ತ ರಹಿತ.,ಲೋಭಿ ಭಾವನೆ ನಾಶ ಮಾಡುತ್ತದೆ.,ಲೋಭಿ,ಲೋಭಿ,1,1,1,1.0,1,
pair_0167,word,ಲೋಭಿ (lobhi),ಶಿಕ್ಷೆಯ ಲೋಭಿ ವಿದ್ಯಾರ್ಥಿ.,ಸಫಲತೆ ಲೋಭಿ ಮನುಷ್ಯ.,ಲೋಭಿ,ಲೋಭಿ,1,1,2,2.0,1,
pair_0168,word,ಹಿರಿಯ (hiriya),ಹಿರಿಯ ವ್ಯಕ್ತಿಯನ್ನು ಸಮ್ಮಾನಿಸಿ.,ಹಿರಿಯ ಪತ್ನಿ ಶಾಂತಿಮತೆ.,ಹಿರಿಯ,ಹಿರಿಯ,1,1,1,1.0,1,
pair_0169,word,ಹಿರಿಯ (hiriya),ಹಿರಿಯ ಅಧಿಕಾರಿ ನಿರ್ದೇಶನ ಮಾಡಿದರು.,ಹಿರಿಯ ಪದ ಪ್ರಾಪ್ತನಾಗಿ.,ಹಿರಿಯ,ಹಿರಿಯ,1,1,2,2.0,1,
pair_0170,word,ಕಿರಿಯ (kiriya),ಕಿರಿಯ ಸಮಸ್ಯೆ ಛಿದ್ರ ಪಟ್ಟು.,ಕಿರಿಯ ವಿವರಣೆ ಸ್ಪಷ್ಟ.,ಕಿರಿಯ,ಕಿರಿಯ,1,1,1,1.0,1,
pair_0171,word,ಕಿರಿಯ (kiriya),ಕಿರಿಯ ಮಗು ನೆಲೆಯಲ್ಲಿ.,ಕಿರಿಯ ವಯಸ್ಸು ಅಮೂಲ್ಯ.,ಕಿರಿಯ,ಕಿರಿಯ,1,1,2,2.0,1,
pair_0172,word,ಪ್ರೀತಿ (prīti),ಪ್ರೀತಿ ಭಾರ್ಯೆ ಮನೆಯ ಸಿಂದೂರ.,ಪ್ರೀತಿ ಭಿತಿಜ ಅವನ ಪ್ರಿಯೆ.,ಪ್ರೀತಿ,ಪ್ರೀತಿ,1,1,1,1.0,1,
pair_0173,word,ಪ್ರೀತಿ (prīti),ಪ್ರೀತಿ ವಿಷಯ ಶಾಸ್ತ್ರ.,ಪ್ರೀತಿ ಔಷಧ ಇಂದ್ರಿಯ.,ಪ್ರೀತಿ,ಪ್ರೀತಿ,1,1,2,2.0,1,
pair_0174,word,ಬೋಳ (bōḷa),ಬೋಳ ಕಾಲೆ ಅವನು ಕೆಟ್ಟ ಪರಿಣಾಮ ಮಾಡಿದನು.,ಬೋಳ ವಿಚಾರಣೆ ಅಸಮರ್ಥನನ್ನು ಸೂಚಿಸುತ್ತದೆ.,ಬೋಳ,ಬೋಳ,1,1,1,1.0,1,
pair_0175,word,ನಕಲಿ (nakali),ಆ ನಕಲಿ ಚಿತ್ರ ಅಸಾಧಾರಣ ಸಿದ್ಧಿ.,ನಕಲಿ ಸಾಕ್ಷ್ಯ ನ್ಯಾಯಾಲಯದ ವಿರುದ್ಧ ರಿವಾಜು.,ನಕಲಿ,ನಕಲಿ,0,0,1,2.0,0,
pair_0176,word,ಮುಕ್ತ (mukta),ಕೈದಿ ಮುಕ್ತನಾದನು.,ಬಂಧನೆಯಿಂದ ಮುಕ್ತನಾದನು.,ಮುಕ್ತ,ಮುಕ್ತ,0,0,1,2.0,0,
pair_0177,word,ಗಟ್ಟ (gaṭṭa),ಗಟ್ಟ ಕಲ್ಲು ಚಾಪುತ್ತಾರೆ.,ಗುರುವು ಗಟ್ಟ ಆಜ್ಞೆಕಾರಿ.,ಗಟ್ಟ,ಗಟ್ಟ,0,0,1,2.0,0,
pair_0178,word,ಗಟ್ಟ (gaṭṭa),ಗಟ್ಟ ಸಮಸ್ಯೆ ಎದುರಾಗಿದೆ.,ಮಜ್ಜಿಗೆ ಗಟ್ಟ ಕಕ್ಷ.,ಗಟ್ಟ,ಗಟ್ಟ,0,0,3,1.0,0,
pair_0179,word,ಕಬ್ಬಿ (kabbi),ಕಬ್ಬಿ ಬಟ್ಟೆ ಹೊಗಳುವುದಲ್ಲ.,ಕಬ್ಬಿ ಮಾತು ಆಘಾತ ಬಿಡುತ್ತದೆ.,ಕಬ್ಬಿ,ಕಬ್ಬಿ,0,0,1,2.0,0,
pair_0180,word,ನೀಲ (nīla),ನೀಲ ಆಕಾಶ ಮೋಹಕ.,ನೀಲ ಸಂಜೆ ಬರುತ್ತಿದೆ.,ನೀಲ,ನೀಲ,0,0,1,2.0,0,
pair_0181,word,ಸಾಧಾರಣ (sādhāraṇa),ಸಾಧಾರಣ ಕುಟುಂಬ ಬದುಕುತ್ತೆ.,ಸಾಧಾರಣ ಸತ್ಯ ಪರಿವರ್ತಿತವಾಗಿದೆ.,ಸಾಧಾರಣ,ಸಾಧಾರಣ,0,0,1,2.0,0,
pair_0182,word,ಲೋಭಿ (lobhi),ಲೋಭಿ ಮನುಷ್ಯ ಸದಾ ತೃಪ್ತ ರಹಿತ.,ಶಿಕ್ಷೆಯ ಲೋಭಿ ವಿದ್ಯಾರ್ಥಿ.,ಲೋಭಿ,ಲೋಭಿ,0,0,1,2.0,0,
pair_0183,word,ಹಿರಿಯ (hiriya),ಹಿರಿಯ ವ್ಯಕ್ತಿಯನ್ನು ಸಮ್ಮಾನಿಸಿ.,ಹಿರಿಯ ಅಧಿಕಾರಿ ನಿರ್ದೇಶನ ಮಾಡಿದರು.,ಹಿರಿಯ,ಹಿರಿಯ,0,0,1,2.0,0,
pair_0184,word,ಕಿರಿಯ (kiriya),ಕಿರಿಯ ಸಮಸ್ಯೆ ಛಿದ್ರ ಪಟ್ಟು.,ಕಿರಿಯ ವಯಸ್ಸು ಅಮೂಲ್ಯ.,ಕಿರಿಯ,ಕಿರಿಯ,0,0,1,2.0,0,
pair_0185,word,ಪ್ರೀತಿ (prīti),ಪ್ರೀತಿ ಭಾರ್ಯೆ ಮನೆಯ ಸಿಂದೂರ.,ಪ್ರೀತಿ ವಿಷಯ ಶಾಸ್ತ್ರ.,ಪ್ರೀತಿ,ಪ್ರೀತಿ,0,0,1,2.0,0,
pair_0186,,,ಪದದ ಅರ್ಥ ತಿಳಿಸಿ.,ಈ ಮಾತುಗಳ ಅರ್ಥ ತೃಪ್ತಿದಾಯಕವಾಗಿದೆ.,ಅರ್ಥ,ಅರ್ಥ,1,1,1,1.0,1,synthetic_examples
pair_0187,,,ಅರ್ಥ ಪಾಲಿಸುವುದು ಅವಶ್ಯಕ.,ಸಭೆ ಅರ್ಥ ಸೂಚಿಸಿದೆ.,ಅರ್ಥ,ಅರ್ಥ,1,1,2,2.0,1,synthetic_examples
pair_0188,,,ಈ ಪ್ರಯೋಗದ ಅರ್ಥ ತಪ್ಪಾದ ವಿಷಯ ಪಕ್ಷೀಕರಿಸುವುದು.,ಯುವಕನ ಅರ್ಥ ಉನ್ನತಿಯಿತು.,ಅರ್ಥ,ಅರ್ಥ,1,1,3,3.0,1,synthetic_examples
pair_0189,,,ಆ ರತ್ನದ ಅರ್ಥ ತುಂಬಾ ಹೆಚ್ಚು.,ಮಾನವ ಜೀವನದ ಅರ್ಥ ಅಮೂಲ್ಯ.,ಅರ್ಥ,ಅರ್ಥ,1,1,4,4.0,1,synthetic_examples
pair_0190,,,ಮಾನವ ಜೀವನದ ಅರ್ಥ ಅಮೂಲ್ಯ.,ಆ ರತ್ನದ ಅರ್ಥ ತುಂಬಾ ಹೆಚ್ಚು.,ಅರ್ಥ,ಅರ್ಥ,1,1,4,4.0,1,synthetic_examples
pair_0191,,,ಕಬ್ಬಿ ಚರ್ಮ ಶೇಕಡೆ.,ಕಬ್ಬಿ ಬಟ್ಟೆ ಹೊಗಳುವುದಲ್ಲ.,ಕಬ್ಬಿ,ಕಬ್ಬಿ,1,1,1,1.0,1,synthetic_examples
pair_0192,,,ಕಬ್ಬಿ ವ್ಯವಹಾರ ನಿಜನಾಗಿ ನೋವಾಗಿಸುತ್ತದೆ.,ಕಬ್ಬಿ ಮಾತು ಆಘಾತ ಬಿಡುತ್ತದೆ.,ಕಬ್ಬಿ,ಕಬ್ಬಿ,1,1,2,2.0,1,synthetic_examples
pair_0193,,,ಕಬ್ಬಿ ಮನುಷ್ಯ ಕಷ್ಟ ಸಹಿಸುತ್ತಾನೆ.,ಕಬ್ಬಿ ನಿರ್ಮಾಣ ದೀರ್ಘಸ್ಥಿರ.,ಕಬ್ಬಿ,ಕಬ್ಬಿ,1,1,3,3.0,1,synthetic_examples
pair_0194,,,ಕಬ್ಬಿ ನಿರ್ಮಾಣ ದೀರ್ಘಸ್ಥಿರ.,ಕಬ್ಬಿ ಮನುಷ್ಯ ಕಷ್ಟ ಸಹಿಸುತ್ತಾನೆ.,ಕಬ್ಬಿ,ಕಬ್ಬಿ,1,1,3,3.0,1,synthetic_examples
pair_0195,,,ಅನಸ್ಥೆಯ ಕರಣ ಕಾರ್ಯಭಾರ ಹೆಚ್ಚು.,ಈ ಘಟನೆಯ ಕರಣ ಎಂದರೆ ನಿರ್ಲಕ್ಷ್ಯತೆ.,ಕರಣ,ಕರಣ,1,1,1,1.0,1,synthetic_examples
pair_0196,,,ಶಿಕ್ಷಣ ಜೀವನ ಸುಧಾರಣೆಯ ಕರಣ.,ಕರ್ನಮ ಭರತಾವಿಯ ಕರಣಗಳು ಅದ್ಭುತವಾಗಿವೆ.,ಕರಣ,ಕರಣ,1,1,2,2.0,1,synthetic_examples
pair_0197,,,ಕರ್ನಮ ಭರತಾವಿಯ ಕರಣಗಳು ಅದ್ಭುತವಾಗಿವೆ.,ಶಿಕ್ಷಣ ಜೀವನ ಸುಧಾರಣೆಯ ಕರಣ.,ಕರಣ,ಕರಣ,1,1,2,2.0,1,synthetic_examples
pair_0198,,,ಪದವಿನ ಕರಣ ವಿಷಯ ವಿಶ್ಲೇಷಿಸಬೇಕು.,ಅಪರ ಕರಣ ತೆರೆದುಕೊಂಡಿದೆ.,ಕರಣ,ಕರಣ,1,1,3,3.0,1,synthetic_examples
pair_0199,,,ಅಪರ ಕರಣ ತೆರೆದುಕೊಂಡಿದೆ.,ಪದವಿನ ಕರಣ ವಿಷಯ ವಿಶ್ಲೇಷಿಸಬೇಕು.,ಕರಣ,ಕರಣ,1,1,3,3.0,1,synthetic_examples
pair_0200,,,ಮಹಾಭಾರತದ ಕಾಲದಲ್ಲಿ ಅನೇಕ ಯುದ್ಧ ನಡೆದವು.,ಕಾಲ ದ್ರುತವಾಗಿ ಹಾದುಹೋಗಿ.,ಕಾಲ,ಕಾಲ,1,1,1,1.0,1,synthetic_examples
pair_0201,,,ಕಾಲು ನೋವಾಗುತ್ತಿದೆ.,ಅವನ ಎಡ ಕಾಲು ಮುರಿದಿದೆ.,ಕಾಲ,ಕಾಲ,1,1,2,2.0,1,synthetic_examples
pair_0202,,,ಕಾಲ ನೋಡುತ್ತಿರುವುದೇ ಅದು.,ಕಾಲದ ಸಮಯ ನಿಗದಿತವಾಗಿದೆ.,ಕಾಲ,ಕಾಲ,1,1,3,3.0,1,synthetic_examples
pair_0203,,,ಕಾಲದ ಸಮಯ ನಿಗದಿತವಾಗಿದೆ.,ಕಾಲ ನೋಡುತ್ತಿರುವುದೇ ಅದು.,ಕಾಲ,ಕಾಲ,1,1,3,3.0,1,synthetic_examples
pair_0204,,,ಕಾಲ ಬಟ್ಟೆ ಧರಿಸಿ.,ಕಾಲ ಮೇಘ ಗಾಳಿ ಬೀಸುತ್ತಿದೆ.,ಕಾಲ,ಕಾಲ,1,1,4,4.0,1,synthetic_examples
pair_0205,,,ಕಾಲ ಮೇಘ ಗಾಳಿ ಬೀಸುತ್ತಿದೆ.,ಕಾಲ ಬಟ್ಟೆ ಧರಿಸಿ.,ಕಾಲ,ಕಾಲ,1,1,4,4.0,1,synthetic_examples
pair_0206,,,ಮುಂಗಾರು ಕಾಲ ಮೂವೆತ್ತೆ ಅಂದಾಗೆ ಬರುತ್ತದೆ.,ಬೇಸಿಗೆ ಕಾಲ ತುಂಬಾ ಬಿಸಿಯಾಗಿರುತ್ತವೆ.,ಕಾಲ,ಕಾಲ,1,1,5,5.0,1,synthetic_examples
pair_0207,,,ಅವಕಾಶ ಕಾಲೆ ಮಾಡಿದೆ.,ಅನ್ನ ಕಾಲೆ ಮಾಡಬೇಡ.,ಕಾಲೆ,ಕಾಲೆ,1,1,1,1.0,1,synthetic_examples
pair_0208,,,ಪ್ರತಿಭೆ ಕಾಲೆ ಮಾಡಬೇಡ.,ಹಣ ಕಾಲೆ ಮಾಡುವುದು ನೀತಿಹೀನ.,ಕಾಲೆ,ಕಾಲೆ,1,1,2,2.0,1,synthetic_examples
pair_0209,,,ಪರಿವಾರ ಕಾಲೆ ಮಾಡುವುದು ಅನುಚಿತ.,ಅಧ್ಯಯನ ಕಾಲೆ ಮಾಡಿದೆ.,ಕಾಲೆ,ಕಾಲೆ,1,1,3,3.0,1,synthetic_examples
pair_0210,,,ಕಿರಿಯ ವಿವರಣೆ ಸ್ಪಷ್ಟ.,ಕಿರಿಯ ಸಮಸ್ಯೆ ಛಿದ್ರ ಪಟ್ಟು.,ಕಿರಿಯ,ಕಿರಿಯ,1,1,1,1.0,1,synthetic_examples
pair_0211,,,ಕಿರಿಯ ವಯಸ್ಸು ಅಮೂಲ್ಯ.,ಕಿರಿಯ ಮಗು ನೆಲೆಯಲ್ಲಿ.,ಕಿರಿಯ,ಕಿರಿಯ,1,1,2,2.0,1,synthetic_examples
pair_0212,,,ಕಿರಿಯ ಸಹೋದರ ಸಹಾಯಕ.,ಕಿರಿಯ ಪದ ತೃಪ್ತ ವೈತನಿಕ.,ಕಿರಿಯ,ಕಿರಿಯ,1,1,3,3.0,1,synthetic_examples
pair_0213,,,ಕಿರಿಯ ಪದ ತೃಪ್ತ ವೈತನಿಕ.,ಕಿರಿಯ ಸಹೋದರ ಸಹಾಯಕ.,ಕಿರಿಯ,ಕಿರಿಯ,1,1,3,3.0,1,synthetic_examples
pair_0214,,,ನೋವಿನಿಂದ ಕೂಲಿ ಮಾಡಿದಾಳು.,ಪರೋಪಕಾರಿ ಉದ್ದೇಶದಿಂದ ಕೂಲಿ ಮಾಡುತ್ತೆ.,ಕೂಲಿ,ಕೂಲಿ,1,1,1,1.0,1,synthetic_examples
pair_0215,,,ನನ್ನನ್ನು ಕೂಲಿ ಮಾಡಿದಾಳು.,ಮಗುವನ್ನು ಕೂಲಿ ಮಾಡಿ.,ಕೂಲಿ,ಕೂಲಿ,1,1,2,2.0,1,synthetic_examples
pair_0216,,,ನಿನ್ನ ಸ್ನೇಹಿತರನ್ನು ಕೂಲಿ ಮಾಡೋ.,ಪಾರ್ಟಿಗೆ ಮಹತ್ತರ ಕೂಲಿ ಮಾಡಿದೆ.,ಕೂಲಿ,ಕೂಲಿ,1,1,3,3.0,1,synthetic_examples
pair_0217,,,ನನಗೆ ನೀರು ಕೊಡಿ.,ಆನೆಗೆ ಒಣಹೂವು ಕೊಡಿ.,ಕೊಡು,ಕೊಡು,1,1,1,1.0,1,synthetic_examples
pair_0218,,,ಅತಿಥಿಗೆ ಆಸನ ಕೊಡಿ.,ದೇವರಿಗೆ ಹೂವು ಕೊಡುವುದು ಸಂಪ್ರದಾಯ.,ಕೊಡು,ಕೊಡು,1,1,2,2.0,1,synthetic_examples
pair_0219,,,ತೊಡೆಯಿಂದ ಥಳಿ ಕೊಟ್ಟನಳೆ.,ಶತ್ರುವಿಗೆ ಭೀಷಣ ಪ್ರಹಾರ ಕೊಡುತ್ತೆ.,ಕೊಡು,ಕೊಡು,1,1,3,3.0,1,synthetic_examples
pair_0220,,,ಕ್ಷೇತ್ರ ಸಂಪೂರ್ಣ ಫಸಲಿ ಕೊಡುತ್ತಿದೆ.,ಗಿರುಗಳ ಹಾಕುಮಾರಿ ಬೆಳ್ಳಳಿ ಕೊಡುತ್ತವೆ.,ಕೊಡು,ಕೊಡು,1,1,4,4.0,1,synthetic_examples
pair_0221,,,ಮಜ್ಜಿಗೆ ಗಟ್ಟ ಕಕ್ಷ.,ಗಟ್ಟ ಕಲ್ಲು ಚಾಪುತ್ತಾರೆ.,ಗಟ್ಟ,ಗಟ್ಟ,1,1,1,1.0,1,synthetic_examples
pair_0222,,,ಗಟ್ಟ ನಿಯಮ ಪಾಲಿಸುತ್ತಾರೆ.,ಗುರುವು ಗಟ್ಟ ಆಜ್ಞೆಕಾರಿ.,ಗಟ್ಟ,ಗಟ್ಟ,1,1,2,2.0,1,synthetic_examples
pair_0223,,,ಗಟ್ಟ ಅನುಸಾರ ನೋವು.,ಗಟ್ಟ ಸಮಸ್ಯೆ ಎದುರಾಗಿದೆ.,ಗಟ್ಟ,ಗಟ್ಟ,1,1,3,3.0,1,synthetic_examples
pair_0224,,,ಗುರುತ್ವ ಕಾಚು ಕೆಲಸ.,ಗುರುತ್ವ ಸಮಸ್ಯೆ ಪರಿಹಾರ.,ಗುರುತ್ವ,ಗುರುತ್ವ,1,1,1,1.0,1,synthetic_examples
pair_0225,,,ಗುರುತ್ವ ಸಮಸ್ಯೆ ಪರಿಹಾರ.,ಗುರುತ್ವ ಕಾಚು ಕೆಲಸ.,ಗುರುತ್ವ,ಗುರುತ್ವ,1,1,1,1.0,1,synthetic_examples
pair_0226,,,ಗುರುತ್ವ ನಿರ್ಧಾರ ಕೆಳಗಿಳಿಸಲಾಯಿತು.,ಗುರುತ್ವ ಕಾರ್ಯಭಾರ ತಿಳಿಸಲಾಯಿತು.,ಗುರುತ್ವ,ಗುರುತ್ವ,1,1,2,2.0,1,synthetic_examples
pair_0227,,,ಗುರುತ್ವ ಕಾರ್ಯಭಾರ ತಿಳಿಸಲಾಯಿತು.,ಗುರುತ್ವ ನಿರ್ಧಾರ ಕೆಳಗಿಳಿಸಲಾಯಿತು.,ಗುರುತ್ವ,ಗುರುತ್ವ,1,1,2,2.0,1,synthetic_examples
pair_0228,,,ಗುರುತ್ವ ಸಂಜೆಯಲ್ಲಿ ಆರಾಧನೆ.,ಗುರುತ್ವ ನೀತಿ ಅನುಷ್ಠಾನ.,ಗುರುತ್ವ,ಗುರುತ್ವ,1,1,3,3.0,1,synthetic_examples
pair_0229,,,ಗುರುತ್ವ ನೀತಿ ಅನುಷ್ಠಾನ.,ಗುರುತ್ವ ಸಂಜೆಯಲ್ಲಿ ಆರಾಧನೆ.,ಗುರುತ್ವ,ಗುರುತ್ವ,1,1,3,3.0,1,synthetic_examples
pair_0230,,,ಮೊಟೊರಿನ ಚಕ್ರ ತಿರುಗುತ್ತಿದೆ.,ರಥದ ಚಕ್ರ ಭಾರೀ ಮರದಿಂದ ತಯಾರಾಗಿದೆ.,ಚಕ್ರ,ಚಕ್ರ,1,1,1,1.0,1,synthetic_examples
pair_0231,,,ಋತುಗಳ ಚಕ್ರ ಪುನರಾವೃತ್ತಿಯಾಗುತ್ತಿದೆ.,ಜೀವನದ ಚಕ್ರ ಮುಂದುವರಿದುಕೊಂಡಿದೆ.,ಚಕ್ರ,ಚಕ್ರ,1,1,2,2.0,1,synthetic_examples
pair_0232,,,ಹೃದಯ ಚಕ್ರ ಸಕ್ರಿಯಗೊಳಿಸುತ್ತಾರೆ.,ಯೋಗದಲ್ಲಿ ಆಚ್ಠ ಚಕ್ರಗಳು ಮುಖ್ಯ.,ಚಕ್ರ,ಚಕ್ರ,1,1,3,3.0,1,synthetic_examples
pair_0233,,,ಸುದರ್ಶನ ಚಕ್ರ ಸಕಲವನ್ನು ನಾಶಮಾಡುತ್ತಿದೆ.,ಕೃಷ್ಣನ ಚಕ್ರ ವೈಷ್ಣವ ಅಸ್ತ್ರ.,ಚಕ್ರ,ಚಕ್ರ,1,1,4,4.0,1,synthetic_examples
pair_0234,,,ಚಿತ್ರ ತೆಗೆಯಬೇಕೆ?,ಆ ಚಿತ್ರ ನೈಜತ್ವವನ್ನು ಪ್ರತಿಬಿಂಬಿಸುತ್ತದೆ.,ಚಿತ್ರ,ಚಿತ್ರ,1,1,1,1.0,1,synthetic_examples
pair_0235,,,ಈ ಕಾದಂಬರಿಯು ಚಿತ್ರವಾದ ಪ್ರಕರಣಗಳನ್ನು ಹೊಂದಿದೆ.,ಸಮಾಜದಲ್ಲಿ ಅನೇಕ ಚಿತ್ರ ಜನತೆ ವಾಸ ಮಾಡುತ್ತಾರೆ.,ಚಿತ್ರ,ಚಿತ್ರ,1,1,2,2.0,1,synthetic_examples
pair_0236,,,ಚಿತ್ರವಾದ ಸಂಗತಿ ಸಂಭವಿಸಿದೆ.,ಆ ಚಿತ್ರ ಘಟನೆ ಕೇಳಲು ಅದ್ಭುತವಾಗಿದೆ.,ಚಿತ್ರ,ಚಿತ್ರ,1,1,3,3.0,1,synthetic_examples
pair_0237,,,ಈ ಚಿತ್ರ ಶಿಲ್ಪ ಅಸಾಧಾರಣ ಕಾದಂಬರಿ.,ರವಿಶಂಕರ ಸುಂದರ ಚಿತ್ರ ಸೃಷ್ಟಿಸುತ್ತಾರೆ.,ಚಿತ್ರ,ಚಿತ್ರ,1,1,4,4.0,1,synthetic_examples
pair_0238,,,ನೀರಾಯ ಜಲ ಕುಡಿಯಿರಿ.,ಜಲ ಬೆಳಗಿನ ಬಿಸಿಯಲ್ಲಿ ಕುದಿಯುತ್ತಿದೆ.,ಜಲ,ಜಲ,1,1,1,1.0,1,synthetic_examples
pair_0239,,,ಜಲ ಬೆಳಗಿನ ಬಿಸಿಯಲ್ಲಿ ಕುದಿಯುತ್ತಿದೆ.,ನೀರಾಯ ಜಲ ಕುಡಿಯಿರಿ.,ಜಲ,ಜಲ,1,1,1,1.0,1,synthetic_examples
pair_0240,,,ತೈಲಜಲ ಸಲ್ಯ ಹೀಲಿಂಗಿಗೆ ಉಪಯುಕ್ತ.,ಕಷಾಯ ಜಲ ಔಷಧ.,ಜಲ,ಜಲ,1,1,2,2.0,1,synthetic_examples
pair_0241,,,ಕಷಾಯ ಜಲ ಔಷಧ.,ತೈಲಜಲ ಸಲ್ಯ ಹೀಲಿಂಗಿಗೆ ಉಪಯುಕ್ತ.,ಜಲ,ಜಲ,1,1,2,2.0,1,synthetic_examples
pair_0242,,,ಜಲದಲ್ಲಿ ಬೆನ್ನು ಬದ್ಧವಾಗುತ್ತಿದೆ.,ಜಲ ತೂರುವ ಹೀನಾಭಿಮಾನ ನಿವಾರಿಸುವುದು ಕಷ್ಟ.,ಜಲ,ಜಲ,1,1,3,3.0,1,synthetic_examples
pair_0243,,,ಜಲ ತೂರುವ ಹೀನಾಭಿಮಾನ ನಿವಾರಿಸುವುದು ಕಷ್ಟ.,ಜಲದಲ್ಲಿ ಬೆನ್ನು ಬದ್ಧವಾಗುತ್ತಿದೆ.,ಜಲ,ಜಲ,1,1,3,3.0,1,synthetic_examples
pair_0244,,,ಹಾಕುಮಾರಿಗೆ ನಕ್ಷತ್ರ ತೆಗೆದು ಕೊಟ್ಟರು.,ನನ್ನ ಹಸ್ತ ತೆಗೆ.,ತೆಗೆ,ತೆಗೆ,1,1,1,1.0,1,synthetic_examples
pair_0245,,,ಕಂಕುದಿಂದ ಮುಖ್ಯ ಕೆಲಸ ತೆಗೆದುಕೊ.,ಹೋಗಿ ಮೇಲಿನ ತಗರು ತೆಗೆದುಕೊ.,ತೆಗೆ,ತೆಗೆ,1,1,2,2.0,1,synthetic_examples
pair_0246,,,ಹೊರಗಿನ ಸೂಪ ತೆಗೆದುಕೊಂಡೆ.,ನೆಲದಿಂದ ಪಿಸು ತೆಗೆದುಕೊ.,ತೆಗೆ,ತೆಗೆ,1,1,3,3.0,1,synthetic_examples
pair_0247,,,ಪ್ರಾಣಿ ಪರೀಕ್ಷೆಯಲ್ಲಿ ತೆಗೆದುಕೊಂಡರು.,ಗುರಿನೆ ಬಾರಣವನ್ನು ತೆಗೆದುಕೊಳ್ಳಿ.,ತೆಗೆ,ತೆಗೆ,1,1,4,4.0,1,synthetic_examples
pair_0248,,,ಧರಣಿಯ ಮೇಲೆ ಮಿಲಿಯನ ಜನ ವಾಸ ಮಾಡುತ್ತಾರೆ.,ಧರಣಿ ಭ್ರಮಿಸುತ್ತಾ ಇರುತ್ತದೆ.,ಧರಣಿ,ಧರಣಿ,1,1,1,1.0,1,synthetic_examples
pair_0249,,,ಮನೆಯ ಧರಣಿ ಬಲಾಗಿರುವುದು ಅಗತ್ಯ.,ಈ ಕೋಟೆಯ ಧರಣಿ ಕಲ್ಲಿನಿಂದ ಕೆತ್ತಿರುವುದು.,ಧರಣಿ,ಧರಣಿ,1,1,2,2.0,1,synthetic_examples
pair_0250,,,ಪುಷ್ಪಗಳ ಧರಣಿ ಸುವಾಸಿತವಾಗಿರುತ್ತವೆ.,ಧರಣಿ ಇಳಿಪಡಿಸುವ ಪದಾರ್ಥ.,ಧರಣಿ,ಧರಣಿ,1,1,3,3.0,1,synthetic_examples
pair_0251,,,ಧರಣಿ ಇಳಿಪಡಿಸುವ ಪದಾರ್ಥ.,ಪುಷ್ಪಗಳ ಧರಣಿ ಸುವಾಸಿತವಾಗಿರುತ್ತವೆ.,ಧರಣಿ,ಧರಣಿ,1,1,3,3.0,1,synthetic_examples
pair_0252,,,ಮುಖವಾಣಿ ಧರಿಸಿ.,ಹೊಸ ಬಟ್ಟೆ ಧರಿಸಿ.,ಧರಿಸು,ಧರಿಸು,1,1,1,1.0,1,synthetic_examples
pair_0253,,,ಮಾದರಿ ಧರಿಸಿ ಹೋಗುತ್ತೆ.,ಅಸ್ತ್ರ ಧರಿಸಿ ಯುದ್ಧಕ್ಕೆ ಬಂದರು.,ಧರಿಸು,ಧರಿಸು,1,1,2,2.0,1,synthetic_examples
pair_0254,,,ಕುಟುಂಬದ ನೈತಿಕ ಧರಿಸುವುದು ಅವಶ್ಯಕ.,ಭೂಮಿಯ ಸಾಕಷ್ಟು ಸೋಂಕುಗಳನ್ನು ಧರಿಸಿದೆ.,ಧರಿಸು,ಧರಿಸು,1,1,3,3.0,1,synthetic_examples
pair_0255,,,ನಕಲಿ ಪಾಸ್‌ಪೋರ್ಟ್ ಜರಿಮಾನೆಗೆ ಸಾಧ್ಯ.,ಆ ನಕಲಿ ಚಿತ್ರ ಅಸಾಧಾರಣ ಸಿದ್ಧಿ.,ನಕಲಿ,ನಕಲಿ,1,1,1,1.0,1,synthetic_examples
pair_0256,,,ನಕಲಿ ವಾದ್ಯತೆ ನಿಖಿಲ ಎಲೆ ಪ್ರತಿ.,ನಕಲಿ ಸಾಕ್ಷ್ಯ ನ್ಯಾಯಾಲಯದ ವಿರುದ್ಧ ರಿವಾಜು.,ನಕಲಿ,ನಕಲಿ,1,1,2,2.0,1,synthetic_examples
pair_0257,,,ನಕಲಿ ನಾಣ್ಯ ಸಾಕಷ್ಟು ಪರಿಚಿತವಾಗಿದೆ.,ನಕಲಿ ವಸ್ತುವನ್ನು ವಿಕ್ರಯ ಮಾಡುವುದು ಅಪರಾಧ.,ನಕಲಿ,ನಕಲಿ,1,1,3,3.0,1,synthetic_examples
pair_0258,,,ನಕಲಿ ವಸ್ತುವನ್ನು ವಿಕ್ರಯ ಮಾಡುವುದು ಅಪರಾಧ.,ನಕಲಿ ನಾಣ್ಯ ಸಾಕಷ್ಟು ಪರಿಚಿತವಾಗಿದೆ.,ನಕಲಿ,ನಕಲಿ,1,1,3,3.0,1,synthetic_examples
pair_0259,,,ಸೂಕನಲ್ಲಿ ನೀಡ ತಿರಿಯುತ್ತೆ.,ಪಕ್ಷಿಯ ನೀಡ ವೃಕ್ಷದ ಮೇಲೆ ಇದೆ.,ನೀಡ,ನೀಡ,1,1,1,1.0,1,synthetic_examples
pair_0260,,,ಹೊಸ ನೀಡಕ್ಕೆ ಸ್ವಾಗತ.,ಬೆಕೆಲೆಗಾಗಿ ಪರಿವಾರದ ನೀಡ ನಿರ್ಮಾಣ ಮಾಡಿದರು.,ನೀಡ,ನೀಡ,1,1,2,2.0,1,synthetic_examples
pair_0261,,,ಪ್ರಭುನ ನೀಡ ನೀತಿಸೋಪಾನದಲ್ಲಿ.,ಆತ್ಮನ ಚಿರಂತನ ನೀಡ ಅತೀಂದ್ರಿಯ.,ನೀಡ,ನೀಡ,1,1,3,3.0,1,synthetic_examples
pair_0262,,,ಆತ್ಮನ ಚಿರಂತನ ನೀಡ ಅತೀಂದ್ರಿಯ.,ಪ್ರಭುನ ನೀಡ ನೀತಿಸೋಪಾನದಲ್ಲಿ.,ನೀಡ,ನೀಡ,1,1,3,3.0,1,synthetic_examples
pair_0263,,,ನೀಲ ವಸ್ತ್ರ ಸುಂದರವಾಗಿದೆ.,ನೀಲ ಆಕಾಶ ಮೋಹಕ.,ನೀಲ,ನೀಲ,1,1,1,1.0,1,synthetic_examples
pair_0264,,,ನೀಲ ಮೋಹೆ ಅಂಧಕಾರ.,ನೀಲ ಸಂಜೆ ಬರುತ್ತಿದೆ.,ನೀಲ,ನೀಲ,1,1,2,2.0,1,synthetic_examples
pair_0265,,,ನೀಲ ಗಿಳಿ ಮಂಡಿರದ ಸ್ಕಂಧ.,ನೀಲ ರಂಗು ಧೌತ ಸಂಭೋಗ.,ನೀಲ,ನೀಲ,1,1,3,3.0,1,synthetic_examples
pair_0266,,,ನೀಲ ರಂಗು ಧೌತ ಸಂಭೋಗ.,ನೀಲ ಗಿಳಿ ಮಂಡಿರದ ಸ್ಕಂಧ.,ನೀಲ,ನೀಲ,1,1,3,3.0,1,synthetic_examples
pair_0267,,,ಪಾರ್ಥ ಸೈನ್ಯವನ್ನು ನೇತೃತ್ವ ಮಾಡಿದರು.,ಈ ಪ್ರಯೋಗದಲ್ಲಿ ನಾನು ನೇತೃತ್ವ ಮಾಡುತ್ತೇನೆ.,ನೇತೃತ್ವ,ನೇತೃತ್ವ,1,1,1,1.0,1,synthetic_examples
pair_0268,,,ಈ ಪ್ರಯೋಗದಲ್ಲಿ ನಾನು ನೇತೃತ್ವ ಮಾಡುತ್ತೇನೆ.,ಪಾರ್ಥ ಸೈನ್ಯವನ್ನು ನೇತೃತ್ವ ಮಾಡಿದರು.,ನೇತೃತ್ವ,ನೇತೃತ್ವ,1,1,1,1.0,1,synthetic_examples
pair_0269,,,ಶಿಲ್ಪಿ ಸಂಗೀತವನ್ನು ನೇತೃತ್ವ ಮಾಡಿದರು.,ಆರ್ಕೆಸ್ಟ್ರಾ ನೇತೃತ್ವ ಮಾಡುವುದು ಕಾಂಡಕ್ಟರ್‌ನ ಕೆಲಸ.,ನೇತೃತ್ವ,ನೇತೃತ್ವ,1,1,2,2.0,1,synthetic_examples
pair_0270,,,ಆರ್ಕೆಸ್ಟ್ರಾ ನೇತೃತ್ವ ಮಾಡುವುದು ಕಾಂಡಕ್ಟರ್‌ನ ಕೆಲಸ.,ಶಿಲ್ಪಿ ಸಂಗೀತವನ್ನು ನೇತೃತ್ವ ಮಾಡಿದರು.,ನೇತೃತ್ವ,ನೇತೃತ್ವ,1,1,2,2.0,1,synthetic_examples
pair_0271,,,ಸಂಸ್ಥೆಯನ್ನು ನೇತೃತ್ವ ಮಾಡುವ ಜವಾಬ್ದಾರಿ.,ಯುವಕನು ಕಂಪನಿ ನೇತೃತ್ವ ಮಾಡಿದನು.,ನೇತೃತ್ವ,ನೇತೃತ್ವ,1,1,3,3.0,1,synthetic_examples
pair_0272,,,ಯುವಕನು ಕಂಪನಿ ನೇತೃತ್ವ ಮಾಡಿದನು.,ಸಂಸ್ಥೆಯನ್ನು ನೇತೃತ್ವ ಮಾಡುವ ಜವಾಬ್ದಾರಿ.,ನೇತೃತ್ವ,ನೇತೃತ್ವ,1,1,3,3.0,1,synthetic_examples
pair_0273,,,ಒಟ್ಟಿಗೆ ಏನು ನೋಡುತ್ತೀಯ?,ಆಕಾಶ ನೋಡಿ.,ನೋಡು,ನೋಡು,1,1,1,1.0,1,synthetic_examples
pair_0274,,,ಕಡಿಮೆ ಮಾರುಕಟ್ಟೆ ನೋಡೊಳ್ಳಿ.,ಸಿನೆಮಾ ನೋಡುವುದು ಆನಂದ.,ನೋಡು,ನೋಡು,1,1,2,2.0,1,synthetic_examples
pair_0275,,,ರಾತ್ರಿ ನಿಮ್ಮನ್ನು ನೋಡುತ್ತೇನೆ.,ನನ್ನ ಸ್ನೇಹಿತ ನೀಡೆ ನೋಡುತ್ತೆ.,ನೋಡು,ನೋಡು,1,1,3,3.0,1,synthetic_examples
pair_0276,,,ಚಿಕಿತ್ಸಕ ರೋಗಿಯನ್ನು ನೋಡಿದರು.,ಸರಿಪೊತ್ತು ನೋಡಿ.,ನೋಡು,ನೋಡು,1,1,4,4.0,1,synthetic_examples
pair_0277,,,ನದಿಯ ಮೇಲೆ ಹೊಸ ಪುಲ ನಿರ್ಮಾಣವಾಗುತ್ತಿದೆ.,ಪುಲ ದಾಟಿ ಹೋಗಿ.,ಪುಲ,ಪುಲ,1,1,1,1.0,1,synthetic_examples
pair_0278,,,ಪುಲ ದಾಟಿ ಹೋಗಿ.,ನದಿಯ ಮೇಲೆ ಹೊಸ ಪುಲ ನಿರ್ಮಾಣವಾಗುತ್ತಿದೆ.,ಪುಲ,ಪುಲ,1,1,1,1.0,1,synthetic_examples
pair_0279,,,ಬೆಸೆಯ ಪುಲ ಚೆಂದ ಸುವಾಸಿತವಾಗಿರುತ್ತವೆ.,ಹೂವಿನ ಪುಲ ನೋಡು.,ಪುಲ,ಪುಲ,1,1,2,2.0,1,synthetic_examples
pair_0280,,,ಹೂವಿನ ಪುಲ ನೋಡು.,ಬೆಸೆಯ ಪುಲ ಚೆಂದ ಸುವಾಸಿತವಾಗಿರುತ್ತವೆ.,ಪುಲ,ಪುಲ,1,1,2,2.0,1,synthetic_examples
pair_0281,,,ನವೆಂಬರ್ ಅವರಿಗೆ ಪುಲದ ತೂಟು ಕೊಟ್ಟರು.,ಮದುವೆಯ ಸಮಯದಲ್ಲಿ ಸುಂದರ ಪುಲದ ತೂಟು ನೋಡಲಾಯಿತು.,ಪುಲ,ಪುಲ,1,1,3,3.0,1,synthetic_examples
pair_0282,,,ಮದುವೆಯ ಸಮಯದಲ್ಲಿ ಸುಂದರ ಪುಲದ ತೂಟು ನೋಡಲಾಯಿತು.,ನವೆಂಬರ್ ಅವರಿಗೆ ಪುಲದ ತೂಟು ಕೊಟ್ಟರು.,ಪುಲ,ಪುಲ,1,1,3,3.0,1,synthetic_examples
pair_0283,,,ಸೂರ್ಯನ ಪೆರೆಲೆ ಬೀಸುತ್ತಿದೆ.,ಮರದ ಪೆರೆಲೆಯಲ್ಲಿ ಕುಳಿತುಕೊಂಡೆ.,ಪೆರೆಲೆ,ಪೆರೆಲೆ,1,1,1,1.0,1,synthetic_examples
pair_0284,,,ಮರದ ಪೆರೆಲೆಯಲ್ಲಿ ಕುಳಿತುಕೊಂಡೆ.,ಸೂರ್ಯನ ಪೆರೆಲೆ ಬೀಸುತ್ತಿದೆ.,ಪೆರೆಲೆ,ಪೆರೆಲೆ,1,1,1,1.0,1,synthetic_examples
pair_0285,,,ನೀರಿನಲ್ಲಿ ಮುಖದ ಪೆರೆಲೆ ಕಾಣುತ್ತಿದೆ.,ಕನ್ನಡ ಸಂಸ್ಕೃತಿಯ ಪೆರೆಲೆ ಲೋಕವೆಲ್ಲಾ ಪಡೆದೆ.,ಪೆರೆಲೆ,ಪೆರೆಲೆ,1,1,2,2.0,1,synthetic_examples
pair_0286,,,ಕನ್ನಡ ಸಂಸ್ಕೃತಿಯ ಪೆರೆಲೆ ಲೋಕವೆಲ್ಲಾ ಪಡೆದೆ.,ನೀರಿನಲ್ಲಿ ಮುಖದ ಪೆರೆಲೆ ಕಾಣುತ್ತಿದೆ.,ಪೆರೆಲೆ,ಪೆರೆಲೆ,1,1,2,2.0,1,synthetic_examples
pair_0287,,,ಆತನ ಮೇಲೆ ನಿರ್ದೋಷತೆಯ ಪೆರೆಲೆಯೂ ಇಲ್ಲ.,ಪೆರೆಲೆ ಪರಿಚಯ ನಾಶ ಮಾಡುತ್ತದೆ.,ಪೆರೆಲೆ,ಪೆರೆಲೆ,1,1,3,3.0,1,synthetic_examples
pair_0288,,,ಪೆರೆಲೆ ಪರಿಚಯ ನಾಶ ಮಾಡುತ್ತದೆ.,ಆತನ ಮೇಲೆ ನಿರ್ದೋಷತೆಯ ಪೆರೆಲೆಯೂ ಇಲ್ಲ.,ಪೆರೆಲೆ,ಪೆರೆಲೆ,1,1,3,3.0,1,synthetic_examples
pair_0289,,,ಪ್ರಭುವಿನ ಆದೇಶ ಪಾಲಿಸಲೇಬೇಕು.,ಸೋಮನಾಥ ತನ್ನ ಗುಲಾಮನ ಪ್ರಭು.,ಪ್ರಭು,ಪ್ರಭು,1,1,1,1.0,1,synthetic_examples
pair_0290,,,ಪ್ರಭುವಿನ ಕೃಪೆ ಅಪರಿಸೀಮ.,ಪ್ರಭುವೆ ನಮ್ಮನ್ನು ರಕ್ಷಿಸಿ.,ಪ್ರಭು,ಪ್ರಭು,1,1,2,2.0,1,synthetic_examples
pair_0291,,,ರವಿ ಪ್ರಭುಗಳು ಮುಖ್ಯ ಅಧಿಕಾರಿ.,ಪ್ರಭುಗಳ ನಿರ್ದೇಶನ ನೋಡಿ ಕೆಲಸ ಮಾಡಿ.,ಪ್ರಭು,ಪ್ರಭು,1,1,3,3.0,1,synthetic_examples
pair_0292,,,ಪ್ರಭುಗಳ ನಿರ್ದೇಶನ ನೋಡಿ ಕೆಲಸ ಮಾಡಿ.,ರವಿ ಪ್ರಭುಗಳು ಮುಖ್ಯ ಅಧಿಕಾರಿ.,ಪ್ರಭು,ಪ್ರಭು,1,1,3,3.0,1,synthetic_examples
pair_0293,,,ಪ್ರೀತಿ ಭಿತಿಜ ಅವನ ಪ್ರಿಯೆ.,ಪ್ರೀತಿ ಭಾರ್ಯೆ ಮನೆಯ ಸಿಂದೂರ.,ಪ್ರೀತಿ,ಪ್ರೀತಿ,1,1,1,1.0,1,synthetic_examples
pair_0294,,,ಪ್ರೀತಿ ಔಷಧ ಇಂದ್ರಿಯ.,ಪ್ರೀತಿ ವಿಷಯ ಶಾಸ್ತ್ರ.,ಪ್ರೀತಿ,ಪ್ರೀತಿ,1,1,2,2.0,1,synthetic_examples
pair_0295,,,ಪ್ರೀತಿ ಸುಗಂಧ ಹೃದಯ.,ಪ್ರೀತಿ ಸಂವಾದ ಆನಂದ.,ಪ್ರೀತಿ,ಪ್ರೀತಿ,1,1,3,3.0,1,synthetic_examples
pair_0296,,,ಪ್ರೀತಿ ಸಂವಾದ ಆನಂದ.,ಪ್ರೀತಿ ಸುಗಂಧ ಹೃದಯ.,ಪ್ರೀತಿ,ಪ್ರೀತಿ,1,1,3,3.0,1,synthetic_examples
pair_0297,,,ಕಡಿಮೆ ಕರೆ ಸುಗಿಕೊ ಬರುತ್ತೆ.,ನಾಳೆ ನನ್ನ ಮನೆಗೆ ಬಾರು.,ಬರು,ಬರು,1,1,1,1.0,1,synthetic_examples
pair_0298,,,ಮೇಲಿನ ಸಿಡಿ ಹಠಾತ್ತು ಬರುತ್ತೆ.,ರೈಲು ಸಮಯಕ್ಕೆ ಬರುತ್ತಿದೆ.,ಬರು,ಬರು,1,1,2,2.0,1,synthetic_examples
pair_0299,,,ಶೀತ ಋತುವು ಬರುತ್ತಿದೆ.,ಇದೇ ಆಕಸ್ಮಾತ್ ಘಟನೆ ಕಾಲೇ ಕಾಲೇ ಬರುತ್ತದೆ.,ಬರು,ಬರು,1,1,3,3.0,1,synthetic_examples
pair_0300,,,ನೀ ಶಕ್ತಿಶಾಳಿಯಾಗಿ ಬರಿ.,ಅವನು ಅರಸನಾಗಿ ಬರುತ್ತೀಯ.,ಬರು,ಬರು,1,1,4,4.0,1,synthetic_examples
pair_0301,,,ತರಕಾರಿ ಬಾಗದಲ್ಲಿ ಸೋಂಕು ಹಿಡಿದಿದೆ.,ಪುಷ್ಪಬಾಗ ಅತ್ಯಂತ ಸುಂದರವಾಗಿದೆ.,ಬಾಗ,ಬಾಗ,1,1,1,1.0,1,synthetic_examples
pair_0302,,,ನನ್ನ ಬಾಗ ನಿಗದಿತವಾಗಿ ಇದೆ.,ಸಂಪತ್ತಿನಿಂದ ಪ್ರತಿಯೊಬ್ಬರ ಬಾಗ ನಿರ್ಧರಿಸಿ.,ಬಾಗ,ಬಾಗ,1,1,2,2.0,1,synthetic_examples
pair_0303,,,ನಗರದ ಪಶ್ಚಿಮ ಬಾಗ ಸಾಕಷ್ಟು ಅಭಿವೃದ್ಧಿಯಾಗಿದೆ.,ಬೆಂಗಳೂರು ಉತ್ತರ ಬಾಗದಲ್ಲಿ ಸ್ಥಿತವಾಗಿದೆ.,ಬಾಗ,ಬಾಗ,1,1,3,3.0,1,synthetic_examples
pair_0304,,,ತರಕಾರಿಯ ಬೀಜ ಲೋಳೆ.,ಬೀಜ ಬಿತ್ತಬೇಕು ವರ್ಷ ಸುಮಾರು.,ಬೀಜ,ಬೀಜ,1,1,1,1.0,1,synthetic_examples
pair_0305,,,ಬೀಜ ಬಿತ್ತಬೇಕು ವರ್ಷ ಸುಮಾರು.,ತರಕಾರಿಯ ಬೀಜ ಲೋಳೆ.,ಬೀಜ,ಬೀಜ,1,1,1,1.0,1,synthetic_examples
pair_0306,,,ಆ ಕಲುಷತೆಯ ಬೀಜ ಕುರೂರತೆ.,ಚಿಂತೆ ಎಲ್ಲ ಸಮಸ್ಯೆಯ ಬೀಜ.,ಬೀಜ,ಬೀಜ,1,1,2,2.0,1,synthetic_examples
pair_0307,,,ಚಿಂತೆ ಎಲ್ಲ ಸಮಸ್ಯೆಯ ಬೀಜ.,ಆ ಕಲುಷತೆಯ ಬೀಜ ಕುರೂರತೆ.,ಬೀಜ,ಬೀಜ,1,1,2,2.0,1,synthetic_examples
pair_0308,,,ಗುರುವು ಗುಪ್ತ ಬೀಜ ಪ್ರದಾನ ಮಾಡಿದರು.,ಈ ಯಂತ್ರದ ಬೀಜ ತಿಳಿದರೆ ಸಾಧನೆ ಮಾಡಬಹುದು.,ಬೀಜ,ಬೀಜ,1,1,3,3.0,1,synthetic_examples
pair_0309,,,ಈ ಯಂತ್ರದ ಬೀಜ ತಿಳಿದರೆ ಸಾಧನೆ ಮಾಡಬಹುದು.,ಗುರುವು ಗುಪ್ತ ಬೀಜ ಪ್ರದಾನ ಮಾಡಿದರು.,ಬೀಜ,ಬೀಜ,1,1,3,3.0,1,synthetic_examples
pair_0310,,,ಆತನ ಉತ್ತರ ದಾಯಿತ್ವ ಬೆಳೆಯುತ್ತಿದೆ.,ಮಗು ಬೆಳೆಯುತ್ತಿದೆ.,ಬೆಳೆ,ಬೆಳೆ,1,1,1,1.0,1,synthetic_examples
pair_0311,,,ತರಕಾರಿ ಬೆಳೆಯಿರಿ.,ಅನ್ನ ಬೆಳೆಯುವುದು ರೈತಿಕೆಯ ಪ್ರಧಾನ ಕೆಲಸ.,ಬೆಳೆ,ಬೆಳೆ,1,1,2,2.0,1,synthetic_examples
pair_0312,,,ಶಕ್ತಿ ಬೆಳೆಸಿ.,ಮಗುವಿನ ಮನ ಬೆಳೆಯುವುದು ಮುಖ್ಯ.,ಬೆಳೆ,ಬೆಳೆ,1,1,3,3.0,1,synthetic_examples
pair_0313,,,ಬೋಳ ವಿಚಾರಣೆ ಅಸಮರ್ಥನನ್ನು ಸೂಚಿಸುತ್ತದೆ.,ಬೋಳ ಕಾಲೆ ಅವನು ಕೆಟ್ಟ ಪರಿಣಾಮ ಮಾಡಿದನು.,ಬೋಳ,ಬೋಳ,1,1,1,1.0,1,synthetic_examples
pair_0314,,,ಬೋಳ ಮಸ್ತಿಷ್ಕ ಶಿಕ್ಷೆ ಪಡೆಯಲು ಸಾಧ್ಯ.,ಬೋಳ ಸಮಝಿಸುವ ಶಕ್ತಿ ಕ್ಷೀಣ.,ಬೋಳ,ಬೋಳ,1,1,2,2.0,1,synthetic_examples
pair_0315,,,ಬೋಳ ಸಮಝಿಸುವ ಶಕ್ತಿ ಕ್ಷೀಣ.,ಬೋಳ ಮಸ್ತಿಷ್ಕ ಶಿಕ್ಷೆ ಪಡೆಯಲು ಸಾಧ್ಯ.,ಬೋಳ,ಬೋಳ,1,1,2,2.0,1,synthetic_examples
pair_0316,,,ಈ ಬೋಳ ಬಟ್ಟೆ ಹಾಕುವೆ ಅದೇ.,ಆ ಬೋಳ ಕುರುಡೆ ಹಾಗೆ ಕೆಲಸ ಮಾಡುತ್ತಾನೆ.,ಬೋಳ,ಬೋಳ,1,1,3,3.0,1,synthetic_examples
pair_0317,,,ಆ ಬೋಳ ಕುರುಡೆ ಹಾಗೆ ಕೆಲಸ ಮಾಡುತ್ತಾನೆ.,ಈ ಬೋಳ ಬಟ್ಟೆ ಹಾಕುವೆ ಅದೇ.,ಬೋಳ,ಬೋಳ,1,1,3,3.0,1,synthetic_examples
pair_0318,,,ಈ ಬೋಳ ಬಟ್ಟೆ ಹಾಕುವೆ ಅದೇ.,Diverse contexts for each sense,ಬೋಳ,ಬೋಳ,1,1,3,3.0,1,synthetic_examples
pair_0319,,,Diverse contexts for each sense,ಈ ಬೋಳ ಬಟ್ಟೆ ಹಾಕುವೆ ಅದೇ.,ಬೋಳ,ಬೋಳ,1,1,3,3.0,1,synthetic_examples
pair_0320,,,ಈ ಬೋಳ ಬಟ್ಟೆ ಹಾಕುವೆ ಅದೇ.,"Mix of everyday, literary, and formal usage",ಬೋಳ,ಬೋಳ,1,1,3,3.0,1,synthetic_examples
pair_0321,,,"Mix of everyday, literary, and formal usage",ಈ ಬೋಳ ಬಟ್ಟೆ ಹಾಕುವೆ ಅದೇ.,ಬೋಳ,ಬೋಳ,1,1,3,3.0,1,synthetic_examples
pair_0322,,,ಈ ಬೋಳ ಬಟ್ಟೆ ಹಾಕುವೆ ಅದೇ.,Real-world applicability,ಬೋಳ,ಬೋಳ,1,1,3,3.0,1,synthetic_examples
pair_0323,,,Real-world applicability,ಈ ಬೋಳ ಬಟ್ಟೆ ಹಾಕುವೆ ಅದೇ.,ಬೋಳ,ಬೋಳ,1,1,3,3.0,1,synthetic_examples
pair_0324,,,ಆ ಬೋಳ ಕುರುಡೆ ಹಾಗೆ ಕೆಲಸ ಮಾಡುತ್ತಾನೆ.,Diverse contexts for each sense,ಬೋಳ,ಬೋಳ,1,1,3,3.0,1,synthetic_examples
pair_0325,,,Diverse contexts for each sense,ಆ ಬೋಳ ಕುರುಡೆ ಹಾಗೆ ಕೆಲಸ ಮಾಡುತ್ತಾನೆ.,ಬೋಳ,ಬೋಳ,1,1,3,3.0,1,synthetic_examples
pair_0326,,,ಆ ಬೋಳ ಕುರುಡೆ ಹಾಗೆ ಕೆಲಸ ಮಾಡುತ್ತಾನೆ.,"Mix of everyday, literary, and formal usage",ಬೋಳ,ಬೋಳ,1,1,3,3.0,1,synthetic_examples
pair_0327,,,"Mix of everyday, literary, and formal usage",ಆ ಬೋಳ ಕುರುಡೆ ಹಾಗೆ ಕೆಲಸ ಮಾಡುತ್ತಾನೆ.,ಬೋಳ,ಬೋಳ,1,1,3,3.0,1,synthetic_examples
pair_0328,,,ಆ ಬೋಳ ಕುರುಡೆ ಹಾಗೆ ಕೆಲಸ ಮಾಡುತ್ತಾನೆ.,Real-world applicability,ಬೋಳ,ಬೋಳ,1,1,3,3.0,1,synthetic_examples
pair_0329,,,Real-world applicability,ಆ ಬೋಳ ಕುರುಡೆ ಹಾಗೆ ಕೆಲಸ ಮಾಡುತ್ತಾನೆ.,ಬೋಳ,ಬೋಳ,1,1,3,3.0,1,synthetic_examples
pair_0330,,,Diverse contexts for each sense,"Mix of everyday, literary, and formal usage",ಬೋಳ,ಬೋಳ,1,1,3,3.0,1,synthetic_examples
pair_0331,,,"Mix of everyday, literary, and formal usage",Diverse contexts for each sense,ಬೋಳ,ಬೋಳ,1,1,3,3.0,1,synthetic_examples
pair_0332,,,Diverse contexts for each sense,Real-world applicability,ಬೋಳ,ಬೋಳ,1,1,3,3.0,1,synthetic_examples
pair_0333,,,Real-world applicability,Diverse contexts for each sense,ಬೋಳ,ಬೋಳ,1,1,3,3.0,1,synthetic_examples
pair_0334,,,"Mix of everyday, literary, and formal usage",Real-world applicability,ಬೋಳ,ಬೋಳ,1,1,3,3.0,1,synthetic_examples
pair_0335,,,Real-world applicability,"Mix of everyday, literary, and formal usage",ಬೋಳ,ಬೋಳ,1,1,3,3.0,1,synthetic_examples
pair_0336,,,ಆ ಗುರುವಿನ ಭಕ್ತ ತುಂಬಾ ಆಸ್ಥೆಗಳುದ್ದ.,ಕೃಷ್ಣನ ಭಕ್ತರು ಕೋವಿಲಿಗೆ ಸೆರೆದುಬಂದರು.,ಭಕ್ತ,ಭಕ್ತ,1,1,1,1.0,1,synthetic_examples
pair_0337,,,ಭಕ್ತರನ್ನು ಸಮ್ಮಾನಿಸಿ.,ಅರಸನ ಭಕ್ತರು ನಿರ್ದೇಶ ಪಾಲಿಸಿದರು.,ಭಕ್ತ,ಭಕ್ತ,1,1,2,2.0,1,synthetic_examples
pair_0338,,,ಪ್ರಭುದ ಭಕ್ತರು ಧರ್ಮವನ್ನು ಪೋಷಿಸಿದರು.,ನಿಜನಾದ ಭಕ್ತರು ಸತ್ತರನ್ನು ಒಂದೆಡೆ ಮಾಡುತ್ತಾರೆ.,ಭಕ್ತ,ಭಕ್ತ,1,1,3,3.0,1,synthetic_examples
pair_0339,,,ನಿಜನಾದ ಭಕ್ತರು ಸತ್ತರನ್ನು ಒಂದೆಡೆ ಮಾಡುತ್ತಾರೆ.,ಪ್ರಭುದ ಭಕ್ತರು ಧರ್ಮವನ್ನು ಪೋಷಿಸಿದರು.,ಭಕ್ತ,ಭಕ್ತ,1,1,3,3.0,1,synthetic_examples
pair_0340,,,ಕಟಣೆ ಮಾಡುತ್ತೇನೆ.,ಚಿತ್ರ ಸೃಷ್ಟಿ ಮಾಡಿ.,ಮಾಡು,ಮಾಡು,1,1,1,1.0,1,synthetic_examples
pair_0341,,,ಸಹಾಯ ಮಾಡಿ.,ಕೆಲಸ ಮಾಡಿ.,ಮಾಡು,ಮಾಡು,1,1,2,2.0,1,synthetic_examples
pair_0342,,,ಬಾರ ಮಾಡುವುದು ಪುರಸ್ಕಾರ.,ಆಹಾರ ಮಾಡುತ್ತೇನೆ.,ಮಾಡು,ಮಾಡು,1,1,3,3.0,1,synthetic_examples
pair_0343,,,ಕೆಸರು ಮಾಡುವುದು ಸುಗಮ.,ಸಮಸ್ಯೆ ಮಾಡಿದೆ.,ಮಾಡು,ಮಾಡು,1,1,4,4.0,1,synthetic_examples
pair_0344,,,ರೋಗಿಯನ್ನು ಸರಿಯಾಗಿ ಮಾಡಿ.,ಸಮಸ್ಯೆಯನ್ನು ಸರಿಯಾಗಿ ಮಾಡಬೇಕು.,ಮಾಡು,ಮಾಡು,1,1,5,5.0,1,synthetic_examples
pair_0345,,,ಸಮಸ್ಯೆಯನ್ನು ಸರಿಯಾಗಿ ಮಾಡಬೇಕು.,ರೋಗಿಯನ್ನು ಸರಿಯಾಗಿ ಮಾಡಿ.,ಮಾಡು,ಮಾಡು,1,1,5,5.0,1,synthetic_examples
pair_0346,,,ಆ ಮಾತು ನಿಜವಾಗಿದೆ.,ನನ್ನ ಮಾತು ಆಲಿಸಿ.,ಮಾತು,ಮಾತು,1,1,1,1.0,1,synthetic_examples
pair_0347,,,ನನ್ನ ಮಾತು ಆಲಿಸಿ.,"ಮಾತುಗಳ ಅರ್ಥ ಅಲ್ಲ, ಭಾವ ಪ್ರಮುಖ.",ಮಾತು,ಮಾತು,1,1,1,1.0,1,synthetic_examples
pair_0348,,,"ಮಾತುಗಳ ಅರ್ಥ ಅಲ್ಲ, ಭಾವ ಪ್ರಮುಖ.",ನನ್ನ ಮಾತು ಆಲಿಸಿ.,ಮಾತು,ಮಾತು,1,1,1,1.0,1,synthetic_examples
pair_0349,,,ಆ ಮಾತು ನಿಜವಾಗಿದೆ.,"ಮಾತುಗಳ ಅರ್ಥ ಅಲ್ಲ, ಭಾವ ಪ್ರಮುಖ.",ಮಾತು,ಮಾತು,1,1,1,1.0,1,synthetic_examples
pair_0350,,,"ಮಾತುಗಳ ಅರ್ಥ ಅಲ್ಲ, ಭಾವ ಪ್ರಮುಖ.",ಆ ಮಾತು ನಿಜವಾಗಿದೆ.,ಮಾತು,ಮಾತು,1,1,1,1.0,1,synthetic_examples
pair_0351,,,ಆ ಮಾತಿನ ಬಗ್ಗೆ ಮಾತನಾಡಬೇಡ.,ಇದು ಗಮನಾರ್ಹ ಮಾತು.,ಮಾತು,ಮಾತು,1,1,2,2.0,1,synthetic_examples
pair_0352,,,ಇದು ಗಮನಾರ್ಹ ಮಾತು.,ಕ್ರೀಡಾ ಮಾತು ಈತನಿಗೆ ಆಸಕ್ತಿ.,ಮಾತು,ಮಾತು,1,1,2,2.0,1,synthetic_examples
pair_0353,,,ಕ್ರೀಡಾ ಮಾತು ಈತನಿಗೆ ಆಸಕ್ತಿ.,ಇದು ಗಮನಾರ್ಹ ಮಾತು.,ಮಾತು,ಮಾತು,1,1,2,2.0,1,synthetic_examples
pair_0354,,,ಆ ಮಾತಿನ ಬಗ್ಗೆ ಮಾತನಾಡಬೇಡ.,ಕ್ರೀಡಾ ಮಾತು ಈತನಿಗೆ ಆಸಕ್ತಿ.,ಮಾತು,ಮಾತು,1,1,2,2.0,1,synthetic_examples
pair_0355,,,ಕ್ರೀಡಾ ಮಾತು ಈತನಿಗೆ ಆಸಕ್ತಿ.,ಆ ಮಾತಿನ ಬಗ್ಗೆ ಮಾತನಾಡಬೇಡ.,ಮಾತು,ಮಾತು,1,1,2,2.0,1,synthetic_examples
pair_0356,,,ತಲೆಕೆಳಿತ ಮಾತು ನಂಬಬೇಡ.,ಪಟ್ಟಣದಲ್ಲಿ ಸಾಕಷ್ಟು ಮಾತು ಆಗಿದೆ.,ಮಾತು,ಮಾತು,1,1,3,3.0,1,synthetic_examples
pair_0357,,,ಮುಕ್ತ ಮನೋಭಾವ ಅಗತ್ಯ.,ಕೈದಿ ಮುಕ್ತನಾದನು.,ಮುಕ್ತ,ಮುಕ್ತ,1,1,1,1.0,1,synthetic_examples
pair_0358,,,ಇಲಿಯನ್ನು ಮುಕ್ತ ಮಾಡಿ.,ಬಂಧನೆಯಿಂದ ಮುಕ್ತನಾದನು.,ಮುಕ್ತ,ಮುಕ್ತ,1,1,2,2.0,1,synthetic_examples
pair_0359,,,ಪ್ರಾಣಿ ಮೋಕ್ಷದಿಂದ ಮುಕ್ತನಾದನು.,ಶರೀರದ ಬಂಧನೆಯಿಂದ ಮುಕ್ತ ಪುರುಷ.,ಮುಕ್ತ,ಮುಕ್ತ,1,1,3,3.0,1,synthetic_examples
pair_0360,,,ಶರೀರದ ಬಂಧನೆಯಿಂದ ಮುಕ್ತ ಪುರುಷ.,ಪ್ರಾಣಿ ಮೋಕ್ಷದಿಂದ ಮುಕ್ತನಾದನು.,ಮುಕ್ತ,ಮುಕ್ತ,1,1,3,3.0,1,synthetic_examples
pair_0361,,,ಲೆಮೆನ್ ರಸ ಅಮ್ಲೀಯವಾಗಿರುತ್ತದೆ.,ಆ ಅನ್ನದ ರಸ ಅತ್ಯಂತ ಸುಮಾರು.,ರಸ,ರಸ,1,1,1,1.0,1,synthetic_examples
pair_0362,,,ಗೆಜ್ಜಿನ ರಸ ಸೋಯಿ ರಸ ಹೊಂದಿಕೆ.,ಹಣ್ಣಿನ ರಸ ಮಿಠಾಗಿರುತ್ತದೆ.,ರಸ,ರಸ,1,1,2,2.0,1,synthetic_examples
pair_0363,,,ಶೃಂಗಾರ ರಸ ಸಂಗೀತದಲ್ಲಿ ಪ್ರಕಾಶಿತವಾಗುತ್ತದೆ.,ಕವಿತೆಯಲ್ಲಿ ಭಿನ್ನ ರಸಗಳು ಇವೆ.,ರಸ,ರಸ,1,1,3,3.0,1,synthetic_examples
pair_0364,,,ದೇವತೆಗಳು ಅಮೃತ ರಸ ಕುಡಿದರು.,ರೇಸ ರಸದ ಎಳೆ ಮಧುರ.,ರಸ,ರಸ,1,1,4,4.0,1,synthetic_examples
pair_0365,,,ರೇಸ ರಸದ ಎಳೆ ಮಧುರ.,ದೇವತೆಗಳು ಅಮೃತ ರಸ ಕುಡಿದರು.,ರಸ,ರಸ,1,1,4,4.0,1,synthetic_examples
pair_0366,,,ನಟನ ಅಭಿನಯ ರಸವನ್ನು ಹೃದಯಕ್ಕೆ ಸೇರಿಸುತ್ತದೆ.,ಕ್ಷಿತಿಜರ ನೃತ್ಯ ಏಕ ರಸದಿಂದ ತುಂಬಿತ್ತು.,ರಸ,ರಸ,1,1,5,5.0,1,synthetic_examples
pair_0367,,,ಕ್ಷಿತಿಜರ ನೃತ್ಯ ಏಕ ರಸದಿಂದ ತುಂಬಿತ್ತು.,ನಟನ ಅಭಿನಯ ರಸವನ್ನು ಹೃದಯಕ್ಕೆ ಸೇರಿಸುತ್ತದೆ.,ರಸ,ರಸ,1,1,5,5.0,1,synthetic_examples
pair_0368,,,ಆ ಸೂಪಿಗೆ ಈ ದ್ರವ್ಯ ಲೇಯಿ.,ನೀರು ಲೇಯಿ.,ಲೇ,ಲೇ,1,1,1,1.0,1,synthetic_examples
pair_0369,,,ಹೊಡೆದಿದ್ದರಿಂದ ಹೆಣ್ಣಿನ ಲೋಹಿತ ಲೇದೆ.,ಟೇಬಿಲ್ ಮೇಲೆ ನೀರು ಲೇದೆ.,ಲೇ,ಲೇ,1,1,2,2.0,1,synthetic_examples
pair_0370,,,ಪ್ರಕಾಶ ಲೇದೆ.,ಬೀಜ ಲೇಯಿ.,ಲೇ,ಲೇ,1,1,3,3.0,1,synthetic_examples
pair_0371,,,ಲೋಭಿ ಭಾವನೆ ನಾಶ ಮಾಡುತ್ತದೆ.,ಲೋಭಿ ಮನುಷ್ಯ ಸದಾ ತೃಪ್ತ ರಹಿತ.,ಲೋಭಿ,ಲೋಭಿ,1,1,1,1.0,1,synthetic_examples
pair_0372,,,ಸಭೆ ಅರ್ಥ ಸೂಚಿಸಿದೆ.,ಈ ಮಾತುಗಳ ಅರ್ಥ ತೃಪ್ತಿದಾಯಕವಾಗಿದೆ.,ಅರ್ಥ,ಅರ್ಥ,0,0,2,1.0,0,synthetic_examples
pair_0373,,,ಈ ಮಾತುಗಳ ಅರ್ಥ ತೃಪ್ತಿದಾಯಕವಾಗಿದೆ.,ಅರ್ಥ ಪಾಲಿಸುವುದು ಅವಶ್ಯಕ.,ಅರ್ಥ,ಅರ್ಥ,0,0,1,2.0,0,synthetic_examples
pair_0374,,,ಅರ್ಥ ಪಾಲಿಸುವುದು ಅವಶ್ಯಕ.,ಈ ಮಾತುಗಳ ಅರ್ಥ ತೃಪ್ತಿದಾಯಕವಾಗಿದೆ.,ಅರ್ಥ,ಅರ್ಥ,0,0,2,1.0,0,synthetic_examples
pair_0375,,,ಪದದ ಅರ್ಥ ತಿಳಿಸಿ.,ಸಭೆ ಅರ್ಥ ಸೂಚಿಸಿದೆ.,ಅರ್ಥ,ಅರ್ಥ,0,0,1,2.0,0,synthetic_examples
pair_0376,,,ಸಭೆ ಅರ್ಥ ಸೂಚಿಸಿದೆ.,ಪದದ ಅರ್ಥ ತಿಳಿಸಿ.,ಅರ್ಥ,ಅರ್ಥ,0,0,2,1.0,0,synthetic_examples
pair_0377,,,ಪದದ ಅರ್ಥ ತಿಳಿಸಿ.,ಅರ್ಥ ಪಾಲಿಸುವುದು ಅವಶ್ಯಕ.,ಅರ್ಥ,ಅರ್ಥ,0,0,1,2.0,0,synthetic_examples
pair_0378,,,ಅರ್ಥ ಪಾಲಿಸುವುದು ಅವಶ್ಯಕ.,ಪದದ ಅರ್ಥ ತಿಳಿಸಿ.,ಅರ್ಥ,ಅರ್ಥ,0,0,2,1.0,0,synthetic_examples
pair_0379,,,ಈ ಮಾತುಗಳ ಅರ್ಥ ತೃಪ್ತಿದಾಯಕವಾಗಿದೆ.,ಯುವಕನ ಅರ್ಥ ಉನ್ನತಿಯಿತು.,ಅರ್ಥ,ಅರ್ಥ,0,0,1,3.0,0,synthetic_examples
pair_0380,,,ಯುವಕನ ಅರ್ಥ ಉನ್ನತಿಯಿತು.,ಈ ಮಾತುಗಳ ಅರ್ಥ ತೃಪ್ತಿದಾಯಕವಾಗಿದೆ.,ಅರ್ಥ,ಅರ್ಥ,0,0,3,1.0,0,synthetic_examples
pair_0381,,,ಈ ಮಾತುಗಳ ಅರ್ಥ ತೃಪ್ತಿದಾಯಕವಾಗಿದೆ.,ಈ ಪ್ರಯೋಗದ ಅರ್ಥ ತಪ್ಪಾದ ವಿಷಯ ಪಕ್ಷೀಕರಿಸುವುದು.,ಅರ್ಥ,ಅರ್ಥ,0,0,1,3.0,0,synthetic_examples
pair_0382,,,ಈ ಪ್ರಯೋಗದ ಅರ್ಥ ತಪ್ಪಾದ ವಿಷಯ ಪಕ್ಷೀಕರಿಸುವುದು.,ಈ ಮಾತುಗಳ ಅರ್ಥ ತೃಪ್ತಿದಾಯಕವಾಗಿದೆ.,ಅರ್ಥ,ಅರ್ಥ,0,0,3,1.0,0,synthetic_examples
pair_0383,,,ಯುವಕನ ಅರ್ಥ ಉನ್ನತಿಯಿತು.,ಪದದ ಅರ್ಥ ತಿಳಿಸಿ.,ಅರ್ಥ,ಅರ್ಥ,0,0,3,1.0,0,synthetic_examples
pair_0384,,,ಪದದ ಅರ್ಥ ತಿಳಿಸಿ.,ಈ ಪ್ರಯೋಗದ ಅರ್ಥ ತಪ್ಪಾದ ವಿಷಯ ಪಕ್ಷೀಕರಿಸುವುದು.,ಅರ್ಥ,ಅರ್ಥ,0,0,1,3.0,0,synthetic_examples
pair_0385,,,ಈ ಪ್ರಯೋಗದ ಅರ್ಥ ತಪ್ಪಾದ ವಿಷಯ ಪಕ್ಷೀಕರಿಸುವುದು.,ಪದದ ಅರ್ಥ ತಿಳಿಸಿ.,ಅರ್ಥ,ಅರ್ಥ,0,0,3,1.0,0,synthetic_examples
pair_0386,,,ಈ ಮಾತುಗಳ ಅರ್ಥ ತೃಪ್ತಿದಾಯಕವಾಗಿದೆ.,ಆ ರತ್ನದ ಅರ್ಥ ತುಂಬಾ ಹೆಚ್ಚು.,ಅರ್ಥ,ಅರ್ಥ,0,0,1,4.0,0,synthetic_examples
pair_0387,,,ಆ ರತ್ನದ ಅರ್ಥ ತುಂಬಾ ಹೆಚ್ಚು.,ಈ ಮಾತುಗಳ ಅರ್ಥ ತೃಪ್ತಿದಾಯಕವಾಗಿದೆ.,ಅರ್ಥ,ಅರ್ಥ,0,0,4,1.0,0,synthetic_examples
pair_0388,,,ಈ ಮಾತುಗಳ ಅರ್ಥ ತೃಪ್ತಿದಾಯಕವಾಗಿದೆ.,ಮಾನವ ಜೀವನದ ಅರ್ಥ ಅಮೂಲ್ಯ.,ಅರ್ಥ,ಅರ್ಥ,0,0,1,4.0,0,synthetic_examples
pair_0389,,,ಮಾನವ ಜೀವನದ ಅರ್ಥ ಅಮೂಲ್ಯ.,ಈ ಮಾತುಗಳ ಅರ್ಥ ತೃಪ್ತಿದಾಯಕವಾಗಿದೆ.,ಅರ್ಥ,ಅರ್ಥ,0,0,4,1.0,0,synthetic_examples
pair_0390,,,ಪದದ ಅರ್ಥ ತಿಳಿಸಿ.,ಆ ರತ್ನದ ಅರ್ಥ ತುಂಬಾ ಹೆಚ್ಚು.,ಅರ್ಥ,ಅರ್ಥ,0,0,1,4.0,0,synthetic_examples
pair_0391,,,ಆ ರತ್ನದ ಅರ್ಥ ತುಂಬಾ ಹೆಚ್ಚು.,ಪದದ ಅರ್ಥ ತಿಳಿಸಿ.,ಅರ್ಥ,ಅರ್ಥ,0,0,4,1.0,0,synthetic_examples
pair_0392,,,ಪದದ ಅರ್ಥ ತಿಳಿಸಿ.,ಮಾನವ ಜೀವನದ ಅರ್ಥ ಅಮೂಲ್ಯ.,ಅರ್ಥ,ಅರ್ಥ,0,0,1,4.0,0,synthetic_examples
pair_0393,,,ಮಾನವ ಜೀವನದ ಅರ್ಥ ಅಮೂಲ್ಯ.,ಪದದ ಅರ್ಥ ತಿಳಿಸಿ.,ಅರ್ಥ,ಅರ್ಥ,0,0,4,1.0,0,synthetic_examples
pair_0394,,,ಸಭೆ ಅರ್ಥ ಸೂಚಿಸಿದೆ.,ಯುವಕನ ಅರ್ಥ ಉನ್ನತಿಯಿತು.,ಅರ್ಥ,ಅರ್ಥ,0,0,2,3.0,0,synthetic_examples
pair_0395,,,ಯುವಕನ ಅರ್ಥ ಉನ್ನತಿಯಿತು.,ಸಭೆ ಅರ್ಥ ಸೂಚಿಸಿದೆ.,ಅರ್ಥ,ಅರ್ಥ,0,0,3,2.0,0,synthetic_examples
pair_0396,,,ಸಭೆ ಅರ್ಥ ಸೂಚಿಸಿದೆ.,ಈ ಪ್ರಯೋಗದ ಅರ್ಥ ತಪ್ಪಾದ ವಿಷಯ ಪಕ್ಷೀಕರಿಸುವುದು.,ಅರ್ಥ,ಅರ್ಥ,0,0,2,3.0,0,synthetic_examples
pair_0397,,,ಈ ಪ್ರಯೋಗದ ಅರ್ಥ ತಪ್ಪಾದ ವಿಷಯ ಪಕ್ಷೀಕರಿಸುವುದು.,ಸಭೆ ಅರ್ಥ ಸೂಚಿಸಿದೆ.,ಅರ್ಥ,ಅರ್ಥ,0,0,3,2.0,0,synthetic_examples
pair_0398,,,ಅರ್ಥ ಪಾಲಿಸುವುದು ಅವಶ್ಯಕ.,ಯುವಕನ ಅರ್ಥ ಉನ್ನತಿಯಿತು.,ಅರ್ಥ,ಅರ್ಥ,0,0,2,3.0,0,synthetic_examples
pair_0399,,,ಯುವಕನ ಅರ್ಥ ಉನ್ನತಿಯಿತು.,ಅರ್ಥ ಪಾಲಿಸುವುದು ಅವಶ್ಯಕ.,ಅರ್ಥ,ಅರ್ಥ,0,0,3,2.0,0,synthetic_examples
pair_0400,,,ಅರ್ಥ ಪಾಲಿಸುವುದು ಅವಶ್ಯಕ.,ಈ ಪ್ರಯೋಗದ ಅರ್ಥ ತಪ್ಪಾದ ವಿಷಯ ಪಕ್ಷೀಕರಿಸುವುದು.,ಅರ್ಥ,ಅರ್ಥ,0,0,2,3.0,0,synthetic_examples
pair_0401,,,ಈ ಪ್ರಯೋಗದ ಅರ್ಥ ತಪ್ಪಾದ ವಿಷಯ ಪಕ್ಷೀಕರಿಸುವುದು.,ಅರ್ಥ ಪಾಲಿಸುವುದು ಅವಶ್ಯಕ.,ಅರ್ಥ,ಅರ್ಥ,0,0,3,2.0,0,synthetic_examples
pair_0402,,,ಸಭೆ ಅರ್ಥ ಸೂಚಿಸಿದೆ.,ಆ ರತ್ನದ ಅರ್ಥ ತುಂಬಾ ಹೆಚ್ಚು.,ಅರ್ಥ,ಅರ್ಥ,0,0,2,4.0,0,synthetic_examples
pair_0403,,,ಆ ರತ್ನದ ಅರ್ಥ ತುಂಬಾ ಹೆಚ್ಚು.,ಸಭೆ ಅರ್ಥ ಸೂಚಿಸಿದೆ.,ಅರ್ಥ,ಅರ್ಥ,0,0,4,2.0,0,synthetic_examples
pair_0404,,,ಸಭೆ ಅರ್ಥ ಸೂಚಿಸಿದೆ.,ಮಾನವ ಜೀವನದ ಅರ್ಥ ಅಮೂಲ್ಯ.,ಅರ್ಥ,ಅರ್ಥ,0,0,2,4.0,0,synthetic_examples
pair_0405,,,ಮಾನವ ಜೀವನದ ಅರ್ಥ ಅಮೂಲ್ಯ.,ಸಭೆ ಅರ್ಥ ಸೂಚಿಸಿದೆ.,ಅರ್ಥ,ಅರ್ಥ,0,0,4,2.0,0,synthetic_examples
pair_0406,,,ಅರ್ಥ ಪಾಲಿಸುವುದು ಅವಶ್ಯಕ.,ಆ ರತ್ನದ ಅರ್ಥ ತುಂಬಾ ಹೆಚ್ಚು.,ಅರ್ಥ,ಅರ್ಥ,0,0,2,4.0,0,synthetic_examples
pair_0407,,,ಆ ರತ್ನದ ಅರ್ಥ ತುಂಬಾ ಹೆಚ್ಚು.,ಅರ್ಥ ಪಾಲಿಸುವುದು ಅವಶ್ಯಕ.,ಅರ್ಥ,ಅರ್ಥ,0,0,4,2.0,0,synthetic_examples
pair_0408,,,ಅರ್ಥ ಪಾಲಿಸುವುದು ಅವಶ್ಯಕ.,ಮಾನವ ಜೀವನದ ಅರ್ಥ ಅಮೂಲ್ಯ.,ಅರ್ಥ,ಅರ್ಥ,0,0,2,4.0,0,synthetic_examples
pair_0409,,,ಮಾನವ ಜೀವನದ ಅರ್ಥ ಅಮೂಲ್ಯ.,ಅರ್ಥ ಪಾಲಿಸುವುದು ಅವಶ್ಯಕ.,ಅರ್ಥ,ಅರ್ಥ,0,0,4,2.0,0,synthetic_examples
pair_0410,,,ಯುವಕನ ಅರ್ಥ ಉನ್ನತಿಯಿತು.,ಆ ರತ್ನದ ಅರ್ಥ ತುಂಬಾ ಹೆಚ್ಚು.,ಅರ್ಥ,ಅರ್ಥ,0,0,3,4.0,0,synthetic_examples
pair_0411,,,ಆ ರತ್ನದ ಅರ್ಥ ತುಂಬಾ ಹೆಚ್ಚು.,ಯುವಕನ ಅರ್ಥ ಉನ್ನತಿಯಿತು.,ಅರ್ಥ,ಅರ್ಥ,0,0,4,3.0,0,synthetic_examples
pair_0412,,,ಯುವಕನ ಅರ್ಥ ಉನ್ನತಿಯಿತು.,ಮಾನವ ಜೀವನದ ಅರ್ಥ ಅಮೂಲ್ಯ.,ಅರ್ಥ,ಅರ್ಥ,0,0,3,4.0,0,synthetic_examples
pair_0413,,,ಮಾನವ ಜೀವನದ ಅರ್ಥ ಅಮೂಲ್ಯ.,ಯುವಕನ ಅರ್ಥ ಉನ್ನತಿಯಿತು.,ಅರ್ಥ,ಅರ್ಥ,0,0,4,3.0,0,synthetic_examples
pair_0414,,,ಈ ಪ್ರಯೋಗದ ಅರ್ಥ ತಪ್ಪಾದ ವಿಷಯ ಪಕ್ಷೀಕರಿಸುವುದು.,ಆ ರತ್ನದ ಅರ್ಥ ತುಂಬಾ ಹೆಚ್ಚು.,ಅರ್ಥ,ಅರ್ಥ,0,0,3,4.0,0,synthetic_examples
pair_0415,,,ಆ ರತ್ನದ ಅರ್ಥ ತುಂಬಾ ಹೆಚ್ಚು.,ಈ ಪ್ರಯೋಗದ ಅರ್ಥ ತಪ್ಪಾದ ವಿಷಯ ಪಕ್ಷೀಕರಿಸುವುದು.,ಅರ್ಥ,ಅರ್ಥ,0,0,4,3.0,0,synthetic_examples
pair_0416,,,ಈ ಪ್ರಯೋಗದ ಅರ್ಥ ತಪ್ಪಾದ ವಿಷಯ ಪಕ್ಷೀಕರಿಸುವುದು.,ಮಾನವ ಜೀವನದ ಅರ್ಥ ಅಮೂಲ್ಯ.,ಅರ್ಥ,ಅರ್ಥ,0,0,3,4.0,0,synthetic_examples
pair_0417,,,ಮಾನವ ಜೀವನದ ಅರ್ಥ ಅಮೂಲ್ಯ.,ಈ ಪ್ರಯೋಗದ ಅರ್ಥ ತಪ್ಪಾದ ವಿಷಯ ಪಕ್ಷೀಕರಿಸುವುದು.,ಅರ್ಥ,ಅರ್ಥ,0,0,4,3.0,0,synthetic_examples
pair_0418,,,ಕಬ್ಬಿ ಮಾತು ಆಘಾತ ಬಿಡುತ್ತದೆ.,ಕಬ್ಬಿ ಬಟ್ಟೆ ಹೊಗಳುವುದಲ್ಲ.,ಕಬ್ಬಿ,ಕಬ್ಬಿ,0,0,2,1.0,0,synthetic_examples
pair_0419,,,ಕಬ್ಬಿ ಬಟ್ಟೆ ಹೊಗಳುವುದಲ್ಲ.,ಕಬ್ಬಿ ವ್ಯವಹಾರ ನಿಜನಾಗಿ ನೋವಾಗಿಸುತ್ತದೆ.,ಕಬ್ಬಿ,ಕಬ್ಬಿ,0,0,1,2.0,0,synthetic_examples
pair_0420,,,ಕಬ್ಬಿ ವ್ಯವಹಾರ ನಿಜನಾಗಿ ನೋವಾಗಿಸುತ್ತದೆ.,ಕಬ್ಬಿ ಬಟ್ಟೆ ಹೊಗಳುವುದಲ್ಲ.,ಕಬ್ಬಿ,ಕಬ್ಬಿ,0,0,2,1.0,0,synthetic_examples
pair_0421,,,ಕಬ್ಬಿ ಚರ್ಮ ಶೇಕಡೆ.,ಕಬ್ಬಿ ಮಾತು ಆಘಾತ ಬಿಡುತ್ತದೆ.,ಕಬ್ಬಿ,ಕಬ್ಬಿ,0,0,1,2.0,0,synthetic_examples
pair_0422,,,ಕಬ್ಬಿ ಮಾತು ಆಘಾತ ಬಿಡುತ್ತದೆ.,ಕಬ್ಬಿ ಚರ್ಮ ಶೇಕಡೆ.,ಕಬ್ಬಿ,ಕಬ್ಬಿ,0,0,2,1.0,0,synthetic_examples
pair_0423,,,ಕಬ್ಬಿ ಚರ್ಮ ಶೇಕಡೆ.,ಕಬ್ಬಿ ವ್ಯವಹಾರ ನಿಜನಾಗಿ ನೋವಾಗಿಸುತ್ತದೆ.,ಕಬ್ಬಿ,ಕಬ್ಬಿ,0,0,1,2.0,0,synthetic_examples
pair_0424,,,ಕಬ್ಬಿ ವ್ಯವಹಾರ ನಿಜನಾಗಿ ನೋವಾಗಿಸುತ್ತದೆ.,ಕಬ್ಬಿ ಚರ್ಮ ಶೇಕಡೆ.,ಕಬ್ಬಿ,ಕಬ್ಬಿ,0,0,2,1.0,0,synthetic_examples
pair_0425,,,ಕಬ್ಬಿ ಬಟ್ಟೆ ಹೊಗಳುವುದಲ್ಲ.,ಕಬ್ಬಿ ಮನುಷ್ಯ ಕಷ್ಟ ಸಹಿಸುತ್ತಾನೆ.,ಕಬ್ಬಿ,ಕಬ್ಬಿ,0,0,1,3.0,0,synthetic_examples
pair_0426,,,ಕಬ್ಬಿ ಮನುಷ್ಯ ಕಷ್ಟ ಸಹಿಸುತ್ತಾನೆ.,ಕಬ್ಬಿ ಬಟ್ಟೆ ಹೊಗಳುವುದಲ್ಲ.,ಕಬ್ಬಿ,ಕಬ್ಬಿ,0,0,3,1.0,0,synthetic_examples
pair_0427,,,ಕಬ್ಬಿ ಬಟ್ಟೆ ಹೊಗಳುವುದಲ್ಲ.,ಕಬ್ಬಿ ನಿರ್ಮಾಣ ದೀರ್ಘಸ್ಥಿರ.,ಕಬ್ಬಿ,ಕಬ್ಬಿ,0,0,1,3.0,0,synthetic_examples
pair_0428,,,ಕಬ್ಬಿ ನಿರ್ಮಾಣ ದೀರ್ಘಸ್ಥಿರ.,ಕಬ್ಬಿ ಬಟ್ಟೆ ಹೊಗಳುವುದಲ್ಲ.,ಕಬ್ಬಿ,ಕಬ್ಬಿ,0,0,3,1.0,0,synthetic_examples
pair_0429,,,ಕಬ್ಬಿ ಚರ್ಮ ಶೇಕಡೆ.,ಕಬ್ಬಿ ಮನುಷ್ಯ ಕಷ್ಟ ಸಹಿಸುತ್ತಾನೆ.,ಕಬ್ಬಿ,ಕಬ್ಬಿ,0,0,1,3.0,0,synthetic_examples
pair_0430,,,ಕಬ್ಬಿ ಮನುಷ್ಯ ಕಷ್ಟ ಸಹಿಸುತ್ತಾನೆ.,ಕಬ್ಬಿ ಚರ್ಮ ಶೇಕಡೆ.,ಕಬ್ಬಿ,ಕಬ್ಬಿ,0,0,3,1.0,0,synthetic_examples
pair_0431,,,ಕಬ್ಬಿ ಚರ್ಮ ಶೇಕಡೆ.,ಕಬ್ಬಿ ನಿರ್ಮಾಣ ದೀರ್ಘಸ್ಥಿರ.,ಕಬ್ಬಿ,ಕಬ್ಬಿ,0,0,1,3.0,0,synthetic_examples
pair_0432,,,ಕಬ್ಬಿ ನಿರ್ಮಾಣ ದೀರ್ಘಸ್ಥಿರ.,ಕಬ್ಬಿ ಚರ್ಮ ಶೇಕಡೆ.,ಕಬ್ಬಿ,ಕಬ್ಬಿ,0,0,3,1.0,0,synthetic_examples
pair_0433,,,ಕಬ್ಬಿ ಮಾತು ಆಘಾತ ಬಿಡುತ್ತದೆ.,ಕಬ್ಬಿ ಮನುಷ್ಯ ಕಷ್ಟ ಸಹಿಸುತ್ತಾನೆ.,ಕಬ್ಬಿ,ಕಬ್ಬಿ,0,0,2,3.0,0,synthetic_examples
pair_0434,,,ಕಬ್ಬಿ ಮನುಷ್ಯ ಕಷ್ಟ ಸಹಿಸುತ್ತಾನೆ.,ಕಬ್ಬಿ ಮಾತು ಆಘಾತ ಬಿಡುತ್ತದೆ.,ಕಬ್ಬಿ,ಕಬ್ಬಿ,0,0,3,2.0,0,synthetic_examples
pair_0435,,,ಕಬ್ಬಿ ಮಾತು ಆಘಾತ ಬಿಡುತ್ತದೆ.,ಕಬ್ಬಿ ನಿರ್ಮಾಣ ದೀರ್ಘಸ್ಥಿರ.,ಕಬ್ಬಿ,ಕಬ್ಬಿ,0,0,2,3.0,0,synthetic_examples
pair_0436,,,ಕಬ್ಬಿ ನಿರ್ಮಾಣ ದೀರ್ಘಸ್ಥಿರ.,ಕಬ್ಬಿ ಮಾತು ಆಘಾತ ಬಿಡುತ್ತದೆ.,ಕಬ್ಬಿ,ಕಬ್ಬಿ,0,0,3,2.0,0,synthetic_examples
pair_0437,,,ಕಬ್ಬಿ ವ್ಯವಹಾರ ನಿಜನಾಗಿ ನೋವಾಗಿಸುತ್ತದೆ.,ಕಬ್ಬಿ ಮನುಷ್ಯ ಕಷ್ಟ ಸಹಿಸುತ್ತಾನೆ.,ಕಬ್ಬಿ,ಕಬ್ಬಿ,0,0,2,3.0,0,synthetic_examples
pair_0438,,,ಕಬ್ಬಿ ಮನುಷ್ಯ ಕಷ್ಟ ಸಹಿಸುತ್ತಾನೆ.,ಕಬ್ಬಿ ವ್ಯವಹಾರ ನಿಜನಾಗಿ ನೋವಾಗಿಸುತ್ತದೆ.,ಕಬ್ಬಿ,ಕಬ್ಬಿ,0,0,3,2.0,0,synthetic_examples
pair_0439,,,ಕಬ್ಬಿ ವ್ಯವಹಾರ ನಿಜನಾಗಿ ನೋವಾಗಿಸುತ್ತದೆ.,ಕಬ್ಬಿ ನಿರ್ಮಾಣ ದೀರ್ಘಸ್ಥಿರ.,ಕಬ್ಬಿ,ಕಬ್ಬಿ,0,0,2,3.0,0,synthetic_examples
pair_0440,,,ಕಬ್ಬಿ ನಿರ್ಮಾಣ ದೀರ್ಘಸ್ಥಿರ.,ಕಬ್ಬಿ ವ್ಯವಹಾರ ನಿಜನಾಗಿ ನೋವಾಗಿಸುತ್ತದೆ.,ಕಬ್ಬಿ,ಕಬ್ಬಿ,0,0,3,2.0,0,synthetic_examples
pair_0441,,,ಶಿಕ್ಷಣ ಜೀವನ ಸುಧಾರಣೆಯ ಕರಣ.,ಈ ಘಟನೆಯ ಕರಣ ಎಂದರೆ ನಿರ್ಲಕ್ಷ್ಯತೆ.,ಕರಣ,ಕರಣ,0,0,2,1.0,0,synthetic_examples
pair_0442,,,ಈ ಘಟನೆಯ ಕರಣ ಎಂದರೆ ನಿರ್ಲಕ್ಷ್ಯತೆ.,ಕರ್ನಮ ಭರತಾವಿಯ ಕರಣಗಳು ಅದ್ಭುತವಾಗಿವೆ.,ಕರಣ,ಕರಣ,0,0,1,2.0,0,synthetic_examples
pair_0443,,,ಕರ್ನಮ ಭರತಾವಿಯ ಕರಣಗಳು ಅದ್ಭುತವಾಗಿವೆ.,ಈ ಘಟನೆಯ ಕರಣ ಎಂದರೆ ನಿರ್ಲಕ್ಷ್ಯತೆ.,ಕರಣ,ಕರಣ,0,0,2,1.0,0,synthetic_examples
pair_0444,,,ಅನಸ್ಥೆಯ ಕರಣ ಕಾರ್ಯಭಾರ ಹೆಚ್ಚು.,ಶಿಕ್ಷಣ ಜೀವನ ಸುಧಾರಣೆಯ ಕರಣ.,ಕರಣ,ಕರಣ,0,0,1,2.0,0,synthetic_examples
pair_0445,,,ಶಿಕ್ಷಣ ಜೀವನ ಸುಧಾರಣೆಯ ಕರಣ.,ಅನಸ್ಥೆಯ ಕರಣ ಕಾರ್ಯಭಾರ ಹೆಚ್ಚು.,ಕರಣ,ಕರಣ,0,0,2,1.0,0,synthetic_examples
pair_0446,,,ಅನಸ್ಥೆಯ ಕರಣ ಕಾರ್ಯಭಾರ ಹೆಚ್ಚು.,ಕರ್ನಮ ಭರತಾವಿಯ ಕರಣಗಳು ಅದ್ಭುತವಾಗಿವೆ.,ಕರಣ,ಕರಣ,0,0,1,2.0,0,synthetic_examples
pair_0447,,,ಕರ್ನಮ ಭರತಾವಿಯ ಕರಣಗಳು ಅದ್ಭುತವಾಗಿವೆ.,ಅನಸ್ಥೆಯ ಕರಣ ಕಾರ್ಯಭಾರ ಹೆಚ್ಚು.,ಕರಣ,ಕರಣ,0,0,2,1.0,0,synthetic_examples
pair_0448,,,ಈ ಘಟನೆಯ ಕರಣ ಎಂದರೆ ನಿರ್ಲಕ್ಷ್ಯತೆ.,ಪದವಿನ ಕರಣ ವಿಷಯ ವಿಶ್ಲೇಷಿಸಬೇಕು.,ಕರಣ,ಕರಣ,0,0,1,3.0,0,synthetic_examples
pair_0449,,,ಪದವಿನ ಕರಣ ವಿಷಯ ವಿಶ್ಲೇಷಿಸಬೇಕು.,ಈ ಘಟನೆಯ ಕರಣ ಎಂದರೆ ನಿರ್ಲಕ್ಷ್ಯತೆ.,ಕರಣ,ಕರಣ,0,0,3,1.0,0,synthetic_examples
pair_0450,,,ಈ ಘಟನೆಯ ಕರಣ ಎಂದರೆ ನಿರ್ಲಕ್ಷ್ಯತೆ.,ಅಪರ ಕರಣ ತೆರೆದುಕೊಂಡಿದೆ.,ಕರಣ,ಕರಣ,0,0,1,3.0,0,synthetic_examples
pair_0451,,,ಅಪರ ಕರಣ ತೆರೆದುಕೊಂಡಿದೆ.,ಈ ಘಟನೆಯ ಕರಣ ಎಂದರೆ ನಿರ್ಲಕ್ಷ್ಯತೆ.,ಕರಣ,ಕರಣ,0,0,3,1.0,0,synthetic_examples
pair_0452,,,ಅನಸ್ಥೆಯ ಕರಣ ಕಾರ್ಯಭಾರ ಹೆಚ್ಚು.,ಪದವಿನ ಕರಣ ವಿಷಯ ವಿಶ್ಲೇಷಿಸಬೇಕು.,ಕರಣ,ಕರಣ,0,0,1,3.0,0,synthetic_examples
pair_0453,,,ಪದವಿನ ಕರಣ ವಿಷಯ ವಿಶ್ಲೇಷಿಸಬೇಕು.,ಅನಸ್ಥೆಯ ಕರಣ ಕಾರ್ಯಭಾರ ಹೆಚ್ಚು.,ಕರಣ,ಕರಣ,0,0,3,1.0,0,synthetic_examples
pair_0454,,,ಅನಸ್ಥೆಯ ಕರಣ ಕಾರ್ಯಭಾರ ಹೆಚ್ಚು.,ಅಪರ ಕರಣ ತೆರೆದುಕೊಂಡಿದೆ.,ಕರಣ,ಕರಣ,0,0,1,3.0,0,synthetic_examples
pair_0455,,,ಅಪರ ಕರಣ ತೆರೆದುಕೊಂಡಿದೆ.,ಅನಸ್ಥೆಯ ಕರಣ ಕಾರ್ಯಭಾರ ಹೆಚ್ಚು.,ಕರಣ,ಕರಣ,0,0,3,1.0,0,synthetic_examples
pair_0456,,,ಶಿಕ್ಷಣ ಜೀವನ ಸುಧಾರಣೆಯ ಕರಣ.,ಪದವಿನ ಕರಣ ವಿಷಯ ವಿಶ್ಲೇಷಿಸಬೇಕು.,ಕರಣ,ಕರಣ,0,0,2,3.0,0,synthetic_examples
pair_0457,,,ಪದವಿನ ಕರಣ ವಿಷಯ ವಿಶ್ಲೇಷಿಸಬೇಕು.,ಶಿಕ್ಷಣ ಜೀವನ ಸುಧಾರಣೆಯ ಕರಣ.,ಕರಣ,ಕರಣ,0,0,3,2.0,0,synthetic_examples
pair_0458,,,ಶಿಕ್ಷಣ ಜೀವನ ಸುಧಾರಣೆಯ ಕರಣ.,ಅಪರ ಕರಣ ತೆರೆದುಕೊಂಡಿದೆ.,ಕರಣ,ಕರಣ,0,0,2,3.0,0,synthetic_examples
pair_0459,,,ಅಪರ ಕರಣ ತೆರೆದುಕೊಂಡಿದೆ.,ಶಿಕ್ಷಣ ಜೀವನ ಸುಧಾರಣೆಯ ಕರಣ.,ಕರಣ,ಕರಣ,0,0,3,2.0,0,synthetic_examples
pair_0460,,,ಕರ್ನಮ ಭರತಾವಿಯ ಕರಣಗಳು ಅದ್ಭುತವಾಗಿವೆ.,ಪದವಿನ ಕರಣ ವಿಷಯ ವಿಶ್ಲೇಷಿಸಬೇಕು.,ಕರಣ,ಕರಣ,0,0,2,3.0,0,synthetic_examples
pair_0461,,,ಪದವಿನ ಕರಣ ವಿಷಯ ವಿಶ್ಲೇಷಿಸಬೇಕು.,ಕರ್ನಮ ಭರತಾವಿಯ ಕರಣಗಳು ಅದ್ಭುತವಾಗಿವೆ.,ಕರಣ,ಕರಣ,0,0,3,2.0,0,synthetic_examples
pair_0462,,,ಕರ್ನಮ ಭರತಾವಿಯ ಕರಣಗಳು ಅದ್ಭುತವಾಗಿವೆ.,ಅಪರ ಕರಣ ತೆರೆದುಕೊಂಡಿದೆ.,ಕರಣ,ಕರಣ,0,0,2,3.0,0,synthetic_examples
pair_0463,,,ಅಪರ ಕರಣ ತೆರೆದುಕೊಂಡಿದೆ.,ಕರ್ನಮ ಭರತಾವಿಯ ಕರಣಗಳು ಅದ್ಭುತವಾಗಿವೆ.,ಕರಣ,ಕರಣ,0,0,3,2.0,0,synthetic_examples
pair_0464,,,ಅವನ ಎಡ ಕಾಲು ಮುರಿದಿದೆ.,ಕಾಲ ದ್ರುತವಾಗಿ ಹಾದುಹೋಗಿ.,ಕಾಲ,ಕಾಲ,0,0,2,1.0,0,synthetic_examples
pair_0465,,,ಕಾಲ ದ್ರುತವಾಗಿ ಹಾದುಹೋಗಿ.,ಕಾಲು ನೋವಾಗುತ್ತಿದೆ.,ಕಾಲ,ಕಾಲ,0,0,1,2.0,0,synthetic_examples
pair_0466,,,ಕಾಲು ನೋವಾಗುತ್ತಿದೆ.,ಕಾಲ ದ್ರುತವಾಗಿ ಹಾದುಹೋಗಿ.,ಕಾಲ,ಕಾಲ,0,0,2,1.0,0,synthetic_examples
pair_0467,,,ಮಹಾಭಾರತದ ಕಾಲದಲ್ಲಿ ಅನೇಕ ಯುದ್ಧ ನಡೆದವು.,ಅವನ ಎಡ ಕಾಲು ಮುರಿದಿದೆ.,ಕಾಲ,ಕಾಲ,0,0,1,2.0,0,synthetic_examples
pair_0468,,,ಅವನ ಎಡ ಕಾಲು ಮುರಿದಿದೆ.,ಮಹಾಭಾರತದ ಕಾಲದಲ್ಲಿ ಅನೇಕ ಯುದ್ಧ ನಡೆದವು.,ಕಾಲ,ಕಾಲ,0,0,2,1.0,0,synthetic_examples
pair_0469,,,ಕಾಲು ನೋವಾಗುತ್ತಿದೆ.,ಮಹಾಭಾರತದ ಕಾಲದಲ್ಲಿ ಅನೇಕ ಯುದ್ಧ ನಡೆದವು.,ಕಾಲ,ಕಾಲ,0,0,2,1.0,0,synthetic_examples
pair_0470,,,ಕಾಲ ದ್ರುತವಾಗಿ ಹಾದುಹೋಗಿ.,ಕಾಲ ನೋಡುತ್ತಿರುವುದೇ ಅದು.,ಕಾಲ,ಕಾಲ,0,0,1,3.0,0,synthetic_examples
pair_0471,,,ಕಾಲ ನೋಡುತ್ತಿರುವುದೇ ಅದು.,ಕಾಲ ದ್ರುತವಾಗಿ ಹಾದುಹೋಗಿ.,ಕಾಲ,ಕಾಲ,0,0,3,1.0,0,synthetic_examples
pair_0472,,,ಕಾಲ ದ್ರುತವಾಗಿ ಹಾದುಹೋಗಿ.,ಕಾಲದ ಸಮಯ ನಿಗದಿತವಾಗಿದೆ.,ಕಾಲ,ಕಾಲ,0,0,1,3.0,0,synthetic_examples
pair_0473,,,ಕಾಲದ ಸಮಯ ನಿಗದಿತವಾಗಿದೆ.,ಕಾಲ ದ್ರುತವಾಗಿ ಹಾದುಹೋಗಿ.,ಕಾಲ,ಕಾಲ,0,0,3,1.0,0,synthetic_examples
pair_0474,,,ಮಹಾಭಾರತದ ಕಾಲದಲ್ಲಿ ಅನೇಕ ಯುದ್ಧ ನಡೆದವು.,ಕಾಲ ನೋಡುತ್ತಿರುವುದೇ ಅದು.,ಕಾಲ,ಕಾಲ,0,0,1,3.0,0,synthetic_examples
pair_0475,,,ಕಾಲ ನೋಡುತ್ತಿರುವುದೇ ಅದು.,ಮಹಾಭಾರತದ ಕಾಲದಲ್ಲಿ ಅನೇಕ ಯುದ್ಧ ನಡೆದವು.,ಕಾಲ,ಕಾಲ,0,0,3,1.0,0,synthetic_examples
pair_0476,,,ಮಹಾಭಾರತದ ಕಾಲದಲ್ಲಿ ಅನೇಕ ಯುದ್ಧ ನಡೆದವು.,ಕಾಲದ ಸಮಯ ನಿಗದಿತವಾಗಿದೆ.,ಕಾಲ,ಕಾಲ,0,0,1,3.0,0,synthetic_examples
pair_0477,,,ಕಾಲದ ಸಮಯ ನಿಗದಿತವಾಗಿದೆ.,ಮಹಾಭಾರತದ ಕಾಲದಲ್ಲಿ ಅನೇಕ ಯುದ್ಧ ನಡೆದವು.,ಕಾಲ,ಕಾಲ,0,0,3,1.0,0,synthetic_examples
pair_0478,,,ಕಾಲ ದ್ರುತವಾಗಿ ಹಾದುಹೋಗಿ.,ಕಾಲ ಬಟ್ಟೆ ಧರಿಸಿ.,ಕಾಲ,ಕಾಲ,0,0,1,4.0,0,synthetic_examples
pair_0479,,,ಕಾಲ ಬಟ್ಟೆ ಧರಿಸಿ.,ಕಾಲ ದ್ರುತವಾಗಿ ಹಾದುಹೋಗಿ.,ಕಾಲ,ಕಾಲ,0,0,4,1.0,0,synthetic_examples
pair_0480,,,ಕಾಲ ದ್ರುತವಾಗಿ ಹಾದುಹೋಗಿ.,ಕಾಲ ಮೇಘ ಗಾಳಿ ಬೀಸುತ್ತಿದೆ.,ಕಾಲ,ಕಾಲ,0,0,1,4.0,0,synthetic_examples
pair_0481,,,ಕಾಲ ಮೇಘ ಗಾಳಿ ಬೀಸುತ್ತಿದೆ.,ಕಾಲ ದ್ರುತವಾಗಿ ಹಾದುಹೋಗಿ.,ಕಾಲ,ಕಾಲ,0,0,4,1.0,0,synthetic_examples
pair_0482,,,ಮಹಾಭಾರತದ ಕಾಲದಲ್ಲಿ ಅನೇಕ ಯುದ್ಧ ನಡೆದವು.,ಕಾಲ ಬಟ್ಟೆ ಧರಿಸಿ.,ಕಾಲ,ಕಾಲ,0,0,1,4.0,0,synthetic_examples
pair_0483,,,ಕಾಲ ಬಟ್ಟೆ ಧರಿಸಿ.,ಮಹಾಭಾರತದ ಕಾಲದಲ್ಲಿ ಅನೇಕ ಯುದ್ಧ ನಡೆದವು.,ಕಾಲ,ಕಾಲ,0,0,4,1.0,0,synthetic_examples
pair_0484,,,ಮಹಾಭಾರತದ ಕಾಲದಲ್ಲಿ ಅನೇಕ ಯುದ್ಧ ನಡೆದವು.,ಕಾಲ ಮೇಘ ಗಾಳಿ ಬೀಸುತ್ತಿದೆ.,ಕಾಲ,ಕಾಲ,0,0,1,4.0,0,synthetic_examples
pair_0485,,,ಕಾಲ ಮೇಘ ಗಾಳಿ ಬೀಸುತ್ತಿದೆ.,ಮಹಾಭಾರತದ ಕಾಲದಲ್ಲಿ ಅನೇಕ ಯುದ್ಧ ನಡೆದವು.,ಕಾಲ,ಕಾಲ,0,0,4,1.0,0,synthetic_examples
pair_0486,,,ಕಾಲ ದ್ರುತವಾಗಿ ಹಾದುಹೋಗಿ.,ಬೇಸಿಗೆ ಕಾಲ ತುಂಬಾ ಬಿಸಿಯಾಗಿರುತ್ತವೆ.,ಕಾಲ,ಕಾಲ,0,0,1,5.0,0,synthetic_examples
pair_0487,,,ಬೇಸಿಗೆ ಕಾಲ ತುಂಬಾ ಬಿಸಿಯಾಗಿರುತ್ತವೆ.,ಕಾಲ ದ್ರುತವಾಗಿ ಹಾದುಹೋಗಿ.,ಕಾಲ,ಕಾಲ,0,0,5,1.0,0,synthetic_examples
pair_0488,,,ಕಾಲ ದ್ರುತವಾಗಿ ಹಾದುಹೋಗಿ.,ಮುಂಗಾರು ಕಾಲ ಮೂವೆತ್ತೆ ಅಂದಾಗೆ ಬರುತ್ತದೆ.,ಕಾಲ,ಕಾಲ,0,0,1,5.0,0,synthetic_examples
pair_0489,,,ಮುಂಗಾರು ಕಾಲ ಮೂವೆತ್ತೆ ಅಂದಾಗೆ ಬರುತ್ತದೆ.,ಕಾಲ ದ್ರುತವಾಗಿ ಹಾದುಹೋಗಿ.,ಕಾಲ,ಕಾಲ,0,0,5,1.0,0,synthetic_examples
pair_0490,,,ಮಹಾಭಾರತದ ಕಾಲದಲ್ಲಿ ಅನೇಕ ಯುದ್ಧ ನಡೆದವು.,ಬೇಸಿಗೆ ಕಾಲ ತುಂಬಾ ಬಿಸಿಯಾಗಿರುತ್ತವೆ.,ಕಾಲ,ಕಾಲ,0,0,1,5.0,0,synthetic_examples
pair_0491,,,ಬೇಸಿಗೆ ಕಾಲ ತುಂಬಾ ಬಿಸಿಯಾಗಿರುತ್ತವೆ.,ಮಹಾಭಾರತದ ಕಾಲದಲ್ಲಿ ಅನೇಕ ಯುದ್ಧ ನಡೆದವು.,ಕಾಲ,ಕಾಲ,0,0,5,1.0,0,synthetic_examples
pair_0492,,,ಮಹಾಭಾರತದ ಕಾಲದಲ್ಲಿ ಅನೇಕ ಯುದ್ಧ ನಡೆದವು.,ಮುಂಗಾರು ಕಾಲ ಮೂವೆತ್ತೆ ಅಂದಾಗೆ ಬರುತ್ತದೆ.,ಕಾಲ,ಕಾಲ,0,0,1,5.0,0,synthetic_examples
pair_0493,,,ಮುಂಗಾರು ಕಾಲ ಮೂವೆತ್ತೆ ಅಂದಾಗೆ ಬರುತ್ತದೆ.,ಮಹಾಭಾರತದ ಕಾಲದಲ್ಲಿ ಅನೇಕ ಯುದ್ಧ ನಡೆದವು.,ಕಾಲ,ಕಾಲ,0,0,5,1.0,0,synthetic_examples
pair_0494,,,ಅವನ ಎಡ ಕಾಲು ಮುರಿದಿದೆ.,ಕಾಲ ನೋಡುತ್ತಿರುವುದೇ ಅದು.,ಕಾಲ,ಕಾಲ,0,0,2,3.0,0,synthetic_examples
pair_0495,,,ಕಾಲ ನೋಡುತ್ತಿರುವುದೇ ಅದು.,ಅವನ ಎಡ ಕಾಲು ಮುರಿದಿದೆ.,ಕಾಲ,ಕಾಲ,0,0,3,2.0,0,synthetic_examples
pair_0496,,,ಅವನ ಎಡ ಕಾಲು ಮುರಿದಿದೆ.,ಕಾಲದ ಸಮಯ ನಿಗದಿತವಾಗಿದೆ.,ಕಾಲ,ಕಾಲ,0,0,2,3.0,0,synthetic_examples
pair_0497,,,ಕಾಲದ ಸಮಯ ನಿಗದಿತವಾಗಿದೆ.,ಅವನ ಎಡ ಕಾಲು ಮುರಿದಿದೆ.,ಕಾಲ,ಕಾಲ,0,0,3,2.0,0,synthetic_examples
pair_0498,,,ಕಾಲು ನೋವಾಗುತ್ತಿದೆ.,ಕಾಲ ನೋಡುತ್ತಿರುವುದೇ ಅದು.,ಕಾಲ,ಕಾಲ,0,0,2,3.0,0,synthetic_examples
pair_0499,,,ಕಾಲ ನೋಡುತ್ತಿರುವುದೇ ಅದು.,ಕಾಲು ನೋವಾಗುತ್ತಿದೆ.,ಕಾಲ,ಕಾಲ,0,0,3,2.0,0,synthetic_examples
pair_0500,,,ಕಾಲು ನೋವಾಗುತ್ತಿದೆ.,ಕಾಲದ ಸಮಯ ನಿಗದಿತವಾಗಿದೆ.,ಕಾಲ,ಕಾಲ,0,0,2,3.0,0,synthetic_examples
pair_0501,,,ಕಾಲದ ಸಮಯ ನಿಗದಿತವಾಗಿದೆ.,ಕಾಲು ನೋವಾಗುತ್ತಿದೆ.,ಕಾಲ,ಕಾಲ,0,0,3,2.0,0,synthetic_examples
pair_0502,,,ಅವನ ಎಡ ಕಾಲು ಮುರಿದಿದೆ.,ಕಾಲ ಬಟ್ಟೆ ಧರಿಸಿ.,ಕಾಲ,ಕಾಲ,0,0,2,4.0,0,synthetic_examples
pair_0503,,,ಕಾಲ ಬಟ್ಟೆ ಧರಿಸಿ.,ಅವನ ಎಡ ಕಾಲು ಮುರಿದಿದೆ.,ಕಾಲ,ಕಾಲ,0,0,4,2.0,0,synthetic_examples
pair_0504,,,ಅವನ ಎಡ ಕಾಲು ಮುರಿದಿದೆ.,ಕಾಲ ಮೇಘ ಗಾಳಿ ಬೀಸುತ್ತಿದೆ.,ಕಾಲ,ಕಾಲ,0,0,2,4.0,0,synthetic_examples
pair_0505,,,ಕಾಲ ಮೇಘ ಗಾಳಿ ಬೀಸುತ್ತಿದೆ.,ಅವನ ಎಡ ಕಾಲು ಮುರಿದಿದೆ.,ಕಾಲ,ಕಾಲ,0,0,4,2.0,0,synthetic_examples
pair_0506,,,ಕಾಲು ನೋವಾಗುತ್ತಿದೆ.,ಕಾಲ ಬಟ್ಟೆ ಧರಿಸಿ.,ಕಾಲ,ಕಾಲ,0,0,2,4.0,0,synthetic_examples
pair_0507,,,ಕಾಲ ಬಟ್ಟೆ ಧರಿಸಿ.,ಕಾಲು ನೋವಾಗುತ್ತಿದೆ.,ಕಾಲ,ಕಾಲ,0,0,4,2.0,0,synthetic_examples
pair_0508,,,ಕಾಲು ನೋವಾಗುತ್ತಿದೆ.,ಕಾಲ ಮೇಘ ಗಾಳಿ ಬೀಸುತ್ತಿದೆ.,ಕಾಲ,ಕಾಲ,0,0,2,4.0,0,synthetic_examples
pair_0509,,,ಕಾಲ ಮೇಘ ಗಾಳಿ ಬೀಸುತ್ತಿದೆ.,ಕಾಲು ನೋವಾಗುತ್ತಿದೆ.,ಕಾಲ,ಕಾಲ,0,0,4,2.0,0,synthetic_examples
pair_0510,,,ಬೇಸಿಗೆ ಕಾಲ ತುಂಬಾ ಬಿಸಿಯಾಗಿರುತ್ತವೆ.,ಅವನ ಎಡ ಕಾಲು ಮುರಿದಿದೆ.,ಕಾಲ,ಕಾಲ,0,0,5,2.0,0,synthetic_examples
pair_0511,,,ಅವನ ಎಡ ಕಾಲು ಮುರಿದಿದೆ.,ಮುಂಗಾರು ಕಾಲ ಮೂವೆತ್ತೆ ಅಂದಾಗೆ ಬರುತ್ತದೆ.,ಕಾಲ,ಕಾಲ,0,0,2,5.0,0,synthetic_examples
pair_0512,,,ಮುಂಗಾರು ಕಾಲ ಮೂವೆತ್ತೆ ಅಂದಾಗೆ ಬರುತ್ತದೆ.,ಅವನ ಎಡ ಕಾಲು ಮುರಿದಿದೆ.,ಕಾಲ,ಕಾಲ,0,0,5,2.0,0,synthetic_examples
pair_0513,,,ಕಾಲು ನೋವಾಗುತ್ತಿದೆ.,ಬೇಸಿಗೆ ಕಾಲ ತುಂಬಾ ಬಿಸಿಯಾಗಿರುತ್ತವೆ.,ಕಾಲ,ಕಾಲ,0,0,2,5.0,0,synthetic_examples
pair_0514,,,ಬೇಸಿಗೆ ಕಾಲ ತುಂಬಾ ಬಿಸಿಯಾಗಿರುತ್ತವೆ.,ಕಾಲು ನೋವಾಗುತ್ತಿದೆ.,ಕಾಲ,ಕಾಲ,0,0,5,2.0,0,synthetic_examples
pair_0515,,,ಮುಂಗಾರು ಕಾಲ ಮೂವೆತ್ತೆ ಅಂದಾಗೆ ಬರುತ್ತದೆ.,ಕಾಲು ನೋವಾಗುತ್ತಿದೆ.,ಕಾಲ,ಕಾಲ,0,0,5,2.0,0,synthetic_examples
pair_0516,,,ಕಾಲ ನೋಡುತ್ತಿರುವುದೇ ಅದು.,ಕಾಲ ಬಟ್ಟೆ ಧರಿಸಿ.,ಕಾಲ,ಕಾಲ,0,0,3,4.0,0,synthetic_examples
pair_0517,,,ಕಾಲ ಬಟ್ಟೆ ಧರಿಸಿ.,ಕಾಲ ನೋಡುತ್ತಿರುವುದೇ ಅದು.,ಕಾಲ,ಕಾಲ,0,0,4,3.0,0,synthetic_examples
pair_0518,,,ಕಾಲ ನೋಡುತ್ತಿರುವುದೇ ಅದು.,ಕಾಲ ಮೇಘ ಗಾಳಿ ಬೀಸುತ್ತಿದೆ.,ಕಾಲ,ಕಾಲ,0,0,3,4.0,0,synthetic_examples
pair_0519,,,ಕಾಲ ಮೇಘ ಗಾಳಿ ಬೀಸುತ್ತಿದೆ.,ಕಾಲ ನೋಡುತ್ತಿರುವುದೇ ಅದು.,ಕಾಲ,ಕಾಲ,0,0,4,3.0,0,synthetic_examples
pair_0520,,,ಕಾಲದ ಸಮಯ ನಿಗದಿತವಾಗಿದೆ.,ಕಾಲ ಬಟ್ಟೆ ಧರಿಸಿ.,ಕಾಲ,ಕಾಲ,0,0,3,4.0,0,synthetic_examples
pair_0521,,,ಕಾಲ ಬಟ್ಟೆ ಧರಿಸಿ.,ಕಾಲದ ಸಮಯ ನಿಗದಿತವಾಗಿದೆ.,ಕಾಲ,ಕಾಲ,0,0,4,3.0,0,synthetic_examples
pair_0522,,,ಕಾಲದ ಸಮಯ ನಿಗದಿತವಾಗಿದೆ.,ಕಾಲ ಮೇಘ ಗಾಳಿ ಬೀಸುತ್ತಿದೆ.,ಕಾಲ,ಕಾಲ,0,0,3,4.0,0,synthetic_examples
pair_0523,,,ಕಾಲ ಮೇಘ ಗಾಳಿ ಬೀಸುತ್ತಿದೆ.,ಕಾಲದ ಸಮಯ ನಿಗದಿತವಾಗಿದೆ.,ಕಾಲ,ಕಾಲ,0,0,4,3.0,0,synthetic_examples
pair_0524,,,ಕಾಲ ನೋಡುತ್ತಿರುವುದೇ ಅದು.,ಬೇಸಿಗೆ ಕಾಲ ತುಂಬಾ ಬಿಸಿಯಾಗಿರುತ್ತವೆ.,ಕಾಲ,ಕಾಲ,0,0,3,5.0,0,synthetic_examples
pair_0525,,,ಬೇಸಿಗೆ ಕಾಲ ತುಂಬಾ ಬಿಸಿಯಾಗಿರುತ್ತವೆ.,ಕಾಲ ನೋಡುತ್ತಿರುವುದೇ ಅದು.,ಕಾಲ,ಕಾಲ,0,0,5,3.0,0,synthetic_examples
pair_0526,,,ಕಾಲ ನೋಡುತ್ತಿರುವುದೇ ಅದು.,ಮುಂಗಾರು ಕಾಲ ಮೂವೆತ್ತೆ ಅಂದಾಗೆ ಬರುತ್ತದೆ.,ಕಾಲ,ಕಾಲ,0,0,3,5.0,0,synthetic_examples
pair_0527,,,ಮುಂಗಾರು ಕಾಲ ಮೂವೆತ್ತೆ ಅಂದಾಗೆ ಬರುತ್ತದೆ.,ಕಾಲ ನೋಡುತ್ತಿರುವುದೇ ಅದು.,ಕಾಲ,ಕಾಲ,0,0,5,3.0,0,synthetic_examples
pair_0528,,,ಕಾಲದ ಸಮಯ ನಿಗದಿತವಾಗಿದೆ.,ಬೇಸಿಗೆ ಕಾಲ ತುಂಬಾ ಬಿಸಿಯಾಗಿರುತ್ತವೆ.,ಕಾಲ,ಕಾಲ,0,0,3,5.0,0,synthetic_examples
pair_0529,,,ಬೇಸಿಗೆ ಕಾಲ ತುಂಬಾ ಬಿಸಿಯಾಗಿರುತ್ತವೆ.,ಕಾಲದ ಸಮಯ ನಿಗದಿತವಾಗಿದೆ.,ಕಾಲ,ಕಾಲ,0,0,5,3.0,0,synthetic_examples
pair_0530,,,ಕಾಲದ ಸಮಯ ನಿಗದಿತವಾಗಿದೆ.,ಮುಂಗಾರು ಕಾಲ ಮೂವೆತ್ತೆ ಅಂದಾಗೆ ಬರುತ್ತದೆ.,ಕಾಲ,ಕಾಲ,0,0,3,5.0,0,synthetic_examples
pair_0531,,,ಮುಂಗಾರು ಕಾಲ ಮೂವೆತ್ತೆ ಅಂದಾಗೆ ಬರುತ್ತದೆ.,ಕಾಲದ ಸಮಯ ನಿಗದಿತವಾಗಿದೆ.,ಕಾಲ,ಕಾಲ,0,0,5,3.0,0,synthetic_examples
pair_0532,,,ಕಾಲ ಬಟ್ಟೆ ಧರಿಸಿ.,ಬೇಸಿಗೆ ಕಾಲ ತುಂಬಾ ಬಿಸಿಯಾಗಿರುತ್ತವೆ.,ಕಾಲ,ಕಾಲ,0,0,4,5.0,0,synthetic_examples
pair_0533,,,ಬೇಸಿಗೆ ಕಾಲ ತುಂಬಾ ಬಿಸಿಯಾಗಿರುತ್ತವೆ.,ಕಾಲ ಬಟ್ಟೆ ಧರಿಸಿ.,ಕಾಲ,ಕಾಲ,0,0,5,4.0,0,synthetic_examples
pair_0534,,,ಕಾಲ ಬಟ್ಟೆ ಧರಿಸಿ.,ಮುಂಗಾರು ಕಾಲ ಮೂವೆತ್ತೆ ಅಂದಾಗೆ ಬರುತ್ತದೆ.,ಕಾಲ,ಕಾಲ,0,0,4,5.0,0,synthetic_examples
pair_0535,,,ಮುಂಗಾರು ಕಾಲ ಮೂವೆತ್ತೆ ಅಂದಾಗೆ ಬರುತ್ತದೆ.,ಕಾಲ ಬಟ್ಟೆ ಧರಿಸಿ.,ಕಾಲ,ಕಾಲ,0,0,5,4.0,0,synthetic_examples
pair_0536,,,ಕಾಲ ಮೇಘ ಗಾಳಿ ಬೀಸುತ್ತಿದೆ.,ಬೇಸಿಗೆ ಕಾಲ ತುಂಬಾ ಬಿಸಿಯಾಗಿರುತ್ತವೆ.,ಕಾಲ,ಕಾಲ,0,0,4,5.0,0,synthetic_examples
pair_0537,,,ಬೇಸಿಗೆ ಕಾಲ ತುಂಬಾ ಬಿಸಿಯಾಗಿರುತ್ತವೆ.,ಕಾಲ ಮೇಘ ಗಾಳಿ ಬೀಸುತ್ತಿದೆ.,ಕಾಲ,ಕಾಲ,0,0,5,4.0,0,synthetic_examples
pair_0538,,,ಕಾಲ ಮೇಘ ಗಾಳಿ ಬೀಸುತ್ತಿದೆ.,ಮುಂಗಾರು ಕಾಲ ಮೂವೆತ್ತೆ ಅಂದಾಗೆ ಬರುತ್ತದೆ.,ಕಾಲ,ಕಾಲ,0,0,4,5.0,0,synthetic_examples
pair_0539,,,ಮುಂಗಾರು ಕಾಲ ಮೂವೆತ್ತೆ ಅಂದಾಗೆ ಬರುತ್ತದೆ.,ಕಾಲ ಮೇಘ ಗಾಳಿ ಬೀಸುತ್ತಿದೆ.,ಕಾಲ,ಕಾಲ,0,0,5,4.0,0,synthetic_examples
pair_0540,,,ಹಣ ಕಾಲೆ ಮಾಡುವುದು ನೀತಿಹೀನ.,ಅನ್ನ ಕಾಲೆ ಮಾಡಬೇಡ.,ಕಾಲೆ,ಕಾಲೆ,0,0,2,1.0,0,synthetic_examples
pair_0541,,,ಅನ್ನ ಕಾಲೆ ಮಾಡಬೇಡ.,ಪ್ರತಿಭೆ ಕಾಲೆ ಮಾಡಬೇಡ.,ಕಾಲೆ,ಕಾಲೆ,0,0,1,2.0,0,synthetic_examples
pair_0542,,,ಪ್ರತಿಭೆ ಕಾಲೆ ಮಾಡಬೇಡ.,ಅನ್ನ ಕಾಲೆ ಮಾಡಬೇಡ.,ಕಾಲೆ,ಕಾಲೆ,0,0,2,1.0,0,synthetic_examples
pair_0543,,,ಅವಕಾಶ ಕಾಲೆ ಮಾಡಿದೆ.,ಹಣ ಕಾಲೆ ಮಾಡುವುದು ನೀತಿಹೀನ.,ಕಾಲೆ,ಕಾಲೆ,0,0,1,2.0,0,synthetic_examples
pair_0544,,,ಹಣ ಕಾಲೆ ಮಾಡುವುದು ನೀತಿಹೀನ.,ಅವಕಾಶ ಕಾಲೆ ಮಾಡಿದೆ.,ಕಾಲೆ,ಕಾಲೆ,0,0,2,1.0,0,synthetic_examples
pair_0545,,,ಅವಕಾಶ ಕಾಲೆ ಮಾಡಿದೆ.,ಪ್ರತಿಭೆ ಕಾಲೆ ಮಾಡಬೇಡ.,ಕಾಲೆ,ಕಾಲೆ,0,0,1,2.0,0,synthetic_examples
pair_0546,,,ಪ್ರತಿಭೆ ಕಾಲೆ ಮಾಡಬೇಡ.,ಅವಕಾಶ ಕಾಲೆ ಮಾಡಿದೆ.,ಕಾಲೆ,ಕಾಲೆ,0,0,2,1.0,0,synthetic_examples
pair_0547,,,ಅನ್ನ ಕಾಲೆ ಮಾಡಬೇಡ.,ಅಧ್ಯಯನ ಕಾಲೆ ಮಾಡಿದೆ.,ಕಾಲೆ,ಕಾಲೆ,0,0,1,3.0,0,synthetic_examples
pair_0548,,,ಅಧ್ಯಯನ ಕಾಲೆ ಮಾಡಿದೆ.,ಅನ್ನ ಕಾಲೆ ಮಾಡಬೇಡ.,ಕಾಲೆ,ಕಾಲೆ,0,0,3,1.0,0,synthetic_examples
pair_0549,,,ಅನ್ನ ಕಾಲೆ ಮಾಡಬೇಡ.,ಪರಿವಾರ ಕಾಲೆ ಮಾಡುವುದು ಅನುಚಿತ.,ಕಾಲೆ,ಕಾಲೆ,0,0,1,3.0,0,synthetic_examples
pair_0550,,,ಪರಿವಾರ ಕಾಲೆ ಮಾಡುವುದು ಅನುಚಿತ.,ಅನ್ನ ಕಾಲೆ ಮಾಡಬೇಡ.,ಕಾಲೆ,ಕಾಲೆ,0,0,3,1.0,0,synthetic_examples
pair_0551,,,ಅವಕಾಶ ಕಾಲೆ ಮಾಡಿದೆ.,ಅಧ್ಯಯನ ಕಾಲೆ ಮಾಡಿದೆ.,ಕಾಲೆ,ಕಾಲೆ,0,0,1,3.0,0,synthetic_examples
pair_0552,,,ಅವಕಾಶ ಕಾಲೆ ಮಾಡಿದೆ.,ಪರಿವಾರ ಕಾಲೆ ಮಾಡುವುದು ಅನುಚಿತ.,ಕಾಲೆ,ಕಾಲೆ,0,0,1,3.0,0,synthetic_examples
pair_0553,,,ಪರಿವಾರ ಕಾಲೆ ಮಾಡುವುದು ಅನುಚಿತ.,ಅವಕಾಶ ಕಾಲೆ ಮಾಡಿದೆ.,ಕಾಲೆ,ಕಾಲೆ,0,0,3,1.0,0,synthetic_examples
pair_0554,,,ಹಣ ಕಾಲೆ ಮಾಡುವುದು ನೀತಿಹೀನ.,ಅಧ್ಯಯನ ಕಾಲೆ ಮಾಡಿದೆ.,ಕಾಲೆ,ಕಾಲೆ,0,0,2,3.0,0,synthetic_examples
pair_0555,,,ಅಧ್ಯಯನ ಕಾಲೆ ಮಾಡಿದೆ.,ಹಣ ಕಾಲೆ ಮಾಡುವುದು ನೀತಿಹೀನ.,ಕಾಲೆ,ಕಾಲೆ,0,0,3,2.0,0,synthetic_examples
pair_0556,,,ಹಣ ಕಾಲೆ ಮಾಡುವುದು ನೀತಿಹೀನ.,ಪರಿವಾರ ಕಾಲೆ ಮಾಡುವುದು ಅನುಚಿತ.,ಕಾಲೆ,ಕಾಲೆ,0,0,2,3.0,0,synthetic_examples
pair_0557,,,ಪರಿವಾರ ಕಾಲೆ ಮಾಡುವುದು ಅನುಚಿತ.,ಹಣ ಕಾಲೆ ಮಾಡುವುದು ನೀತಿಹೀನ.,ಕಾಲೆ,ಕಾಲೆ,0,0,3,2.0,0,synthetic_examples
pair_0558,,,ಪ್ರತಿಭೆ ಕಾಲೆ ಮಾಡಬೇಡ.,ಅಧ್ಯಯನ ಕಾಲೆ ಮಾಡಿದೆ.,ಕಾಲೆ,ಕಾಲೆ,0,0,2,3.0,0,synthetic_examples
pair_0559,,,ಅಧ್ಯಯನ ಕಾಲೆ ಮಾಡಿದೆ.,ಪ್ರತಿಭೆ ಕಾಲೆ ಮಾಡಬೇಡ.,ಕಾಲೆ,ಕಾಲೆ,0,0,3,2.0,0,synthetic_examples
pair_0560,,,ಪ್ರತಿಭೆ ಕಾಲೆ ಮಾಡಬೇಡ.,ಪರಿವಾರ ಕಾಲೆ ಮಾಡುವುದು ಅನುಚಿತ.,ಕಾಲೆ,ಕಾಲೆ,0,0,2,3.0,0,synthetic_examples
pair_0561,,,ಪರಿವಾರ ಕಾಲೆ ಮಾಡುವುದು ಅನುಚಿತ.,ಪ್ರತಿಭೆ ಕಾಲೆ ಮಾಡಬೇಡ.,ಕಾಲೆ,ಕಾಲೆ,0,0,3,2.0,0,synthetic_examples
pair_0562,,,ಕಿರಿಯ ಸಮಸ್ಯೆ ಛಿದ್ರ ಪಟ್ಟು.,ಕಿರಿಯ ಮಗು ನೆಲೆಯಲ್ಲಿ.,ಕಿರಿಯ,ಕಿರಿಯ,0,0,1,2.0,0,synthetic_examples
pair_0563,,,ಕಿರಿಯ ಮಗು ನೆಲೆಯಲ್ಲಿ.,ಕಿರಿಯ ಸಮಸ್ಯೆ ಛಿದ್ರ ಪಟ್ಟು.,ಕಿರಿಯ,ಕಿರಿಯ,0,0,2,1.0,0,synthetic_examples
pair_0564,,,ಕಿರಿಯ ವಯಸ್ಸು ಅಮೂಲ್ಯ.,ಕಿರಿಯ ಸಮಸ್ಯೆ ಛಿದ್ರ ಪಟ್ಟು.,ಕಿರಿಯ,ಕಿರಿಯ,0,0,2,1.0,0,synthetic_examples
pair_0565,,,ಕಿರಿಯ ವಿವರಣೆ ಸ್ಪಷ್ಟ.,ಕಿರಿಯ ಮಗು ನೆಲೆಯಲ್ಲಿ.,ಕಿರಿಯ,ಕಿರಿಯ,0,0,1,2.0,0,synthetic_examples
pair_0566,,,ಕಿರಿಯ ಮಗು ನೆಲೆಯಲ್ಲಿ.,ಕಿರಿಯ ವಿವರಣೆ ಸ್ಪಷ್ಟ.,ಕಿರಿಯ,ಕಿರಿಯ,0,0,2,1.0,0,synthetic_examples
pair_0567,,,ಕಿರಿಯ ವಿವರಣೆ ಸ್ಪಷ್ಟ.,ಕಿರಿಯ ವಯಸ್ಸು ಅಮೂಲ್ಯ.,ಕಿರಿಯ,ಕಿರಿಯ,0,0,1,2.0,0,synthetic_examples
pair_0568,,,ಕಿರಿಯ ವಯಸ್ಸು ಅಮೂಲ್ಯ.,ಕಿರಿಯ ವಿವರಣೆ ಸ್ಪಷ್ಟ.,ಕಿರಿಯ,ಕಿರಿಯ,0,0,2,1.0,0,synthetic_examples
pair_0569,,,ಕಿರಿಯ ಸಮಸ್ಯೆ ಛಿದ್ರ ಪಟ್ಟು.,ಕಿರಿಯ ಸಹೋದರ ಸಹಾಯಕ.,ಕಿರಿಯ,ಕಿರಿಯ,0,0,1,3.0,0,synthetic_examples
pair_0570,,,ಕಿರಿಯ ಸಹೋದರ ಸಹಾಯಕ.,ಕಿರಿಯ ಸಮಸ್ಯೆ ಛಿದ್ರ ಪಟ್ಟು.,ಕಿರಿಯ,ಕಿರಿಯ,0,0,3,1.0,0,synthetic_examples
pair_0571,,,ಕಿರಿಯ ಸಮಸ್ಯೆ ಛಿದ್ರ ಪಟ್ಟು.,ಕಿರಿಯ ಪದ ತೃಪ್ತ ವೈತನಿಕ.,ಕಿರಿಯ,ಕಿರಿಯ,0,0,1,3.0,0,synthetic_examples
pair_0572,,,ಕಿರಿಯ ಪದ ತೃಪ್ತ ವೈತನಿಕ.,ಕಿರಿಯ ಸಮಸ್ಯೆ ಛಿದ್ರ ಪಟ್ಟು.,ಕಿರಿಯ,ಕಿರಿಯ,0,0,3,1.0,0,synthetic_examples
pair_0573,,,ಕಿರಿಯ ವಿವರಣೆ ಸ್ಪಷ್ಟ.,ಕಿರಿಯ ಸಹೋದರ ಸಹಾಯಕ.,ಕಿರಿಯ,ಕಿರಿಯ,0,0,1,3.0,0,synthetic_examples
pair_0574,,,ಕಿರಿಯ ಸಹೋದರ ಸಹಾಯಕ.,ಕಿರಿಯ ವಿವರಣೆ ಸ್ಪಷ್ಟ.,ಕಿರಿಯ,ಕಿರಿಯ,0,0,3,1.0,0,synthetic_examples
pair_0575,,,ಕಿರಿಯ ವಿವರಣೆ ಸ್ಪಷ್ಟ.,ಕಿರಿಯ ಪದ ತೃಪ್ತ ವೈತನಿಕ.,ಕಿರಿಯ,ಕಿರಿಯ,0,0,1,3.0,0,synthetic_examples
pair_0576,,,ಕಿರಿಯ ಪದ ತೃಪ್ತ ವೈತನಿಕ.,ಕಿರಿಯ ವಿವರಣೆ ಸ್ಪಷ್ಟ.,ಕಿರಿಯ,ಕಿರಿಯ,0,0,3,1.0,0,synthetic_examples
pair_0577,,,ಕಿರಿಯ ಮಗು ನೆಲೆಯಲ್ಲಿ.,ಕಿರಿಯ ಸಹೋದರ ಸಹಾಯಕ.,ಕಿರಿಯ,ಕಿರಿಯ,0,0,2,3.0,0,synthetic_examples
pair_0578,,,ಕಿರಿಯ ಸಹೋದರ ಸಹಾಯಕ.,ಕಿರಿಯ ಮಗು ನೆಲೆಯಲ್ಲಿ.,ಕಿರಿಯ,ಕಿರಿಯ,0,0,3,2.0,0,synthetic_examples
pair_0579,,,ಕಿರಿಯ ಮಗು ನೆಲೆಯಲ್ಲಿ.,ಕಿರಿಯ ಪದ ತೃಪ್ತ ವೈತನಿಕ.,ಕಿರಿಯ,ಕಿರಿಯ,0,0,2,3.0,0,synthetic_examples
pair_0580,,,ಕಿರಿಯ ಪದ ತೃಪ್ತ ವೈತನಿಕ.,ಕಿರಿಯ ಮಗು ನೆಲೆಯಲ್ಲಿ.,ಕಿರಿಯ,ಕಿರಿಯ,0,0,3,2.0,0,synthetic_examples
pair_0581,,,ಕಿರಿಯ ವಯಸ್ಸು ಅಮೂಲ್ಯ.,ಕಿರಿಯ ಸಹೋದರ ಸಹಾಯಕ.,ಕಿರಿಯ,ಕಿರಿಯ,0,0,2,3.0,0,synthetic_examples
pair_0582,,,ಕಿರಿಯ ಸಹೋದರ ಸಹಾಯಕ.,ಕಿರಿಯ ವಯಸ್ಸು ಅಮೂಲ್ಯ.,ಕಿರಿಯ,ಕಿರಿಯ,0,0,3,2.0,0,synthetic_examples
pair_0583,,,ಕಿರಿಯ ವಯಸ್ಸು ಅಮೂಲ್ಯ.,ಕಿರಿಯ ಪದ ತೃಪ್ತ ವೈತನಿಕ.,ಕಿರಿಯ,ಕಿರಿಯ,0,0,2,3.0,0,synthetic_examples
pair_0584,,,ಕಿರಿಯ ಪದ ತೃಪ್ತ ವೈತನಿಕ.,ಕಿರಿಯ ವಯಸ್ಸು ಅಮೂಲ್ಯ.,ಕಿರಿಯ,ಕಿರಿಯ,0,0,3,2.0,0,synthetic_examples
pair_0585,,,ಮಗುವನ್ನು ಕೂಲಿ ಮಾಡಿ.,ಪರೋಪಕಾರಿ ಉದ್ದೇಶದಿಂದ ಕೂಲಿ ಮಾಡುತ್ತೆ.,ಕೂಲಿ,ಕೂಲಿ,0,0,2,1.0,0,synthetic_examples
pair_0586,,,ಪರೋಪಕಾರಿ ಉದ್ದೇಶದಿಂದ ಕೂಲಿ ಮಾಡುತ್ತೆ.,ನನ್ನನ್ನು ಕೂಲಿ ಮಾಡಿದಾಳು.,ಕೂಲಿ,ಕೂಲಿ,0,0,1,2.0,0,synthetic_examples
pair_0587,,,ನನ್ನನ್ನು ಕೂಲಿ ಮಾಡಿದಾಳು.,ಪರೋಪಕಾರಿ ಉದ್ದೇಶದಿಂದ ಕೂಲಿ ಮಾಡುತ್ತೆ.,ಕೂಲಿ,ಕೂಲಿ,0,0,2,1.0,0,synthetic_examples
pair_0588,,,ನೋವಿನಿಂದ ಕೂಲಿ ಮಾಡಿದಾಳು.,ಮಗುವನ್ನು ಕೂಲಿ ಮಾಡಿ.,ಕೂಲಿ,ಕೂಲಿ,0,0,1,2.0,0,synthetic_examples
pair_0589,,,ಮಗುವನ್ನು ಕೂಲಿ ಮಾಡಿ.,ನೋವಿನಿಂದ ಕೂಲಿ ಮಾಡಿದಾಳು.,ಕೂಲಿ,ಕೂಲಿ,0,0,2,1.0,0,synthetic_examples
pair_0590,,,ನೋವಿನಿಂದ ಕೂಲಿ ಮಾಡಿದಾಳು.,ನನ್ನನ್ನು ಕೂಲಿ ಮಾಡಿದಾಳು.,ಕೂಲಿ,ಕೂಲಿ,0,0,1,2.0,0,synthetic_examples
pair_0591,,,ನನ್ನನ್ನು ಕೂಲಿ ಮಾಡಿದಾಳು.,ನೋವಿನಿಂದ ಕೂಲಿ ಮಾಡಿದಾಳು.,ಕೂಲಿ,ಕೂಲಿ,0,0,2,1.0,0,synthetic_examples
pair_0592,,,ಪರೋಪಕಾರಿ ಉದ್ದೇಶದಿಂದ ಕೂಲಿ ಮಾಡುತ್ತೆ.,ಪಾರ್ಟಿಗೆ ಮಹತ್ತರ ಕೂಲಿ ಮಾಡಿದೆ.,ಕೂಲಿ,ಕೂಲಿ,0,0,1,3.0,0,synthetic_examples
pair_0593,,,ಪಾರ್ಟಿಗೆ ಮಹತ್ತರ ಕೂಲಿ ಮಾಡಿದೆ.,ಪರೋಪಕಾರಿ ಉದ್ದೇಶದಿಂದ ಕೂಲಿ ಮಾಡುತ್ತೆ.,ಕೂಲಿ,ಕೂಲಿ,0,0,3,1.0,0,synthetic_examples
pair_0594,,,ಪರೋಪಕಾರಿ ಉದ್ದೇಶದಿಂದ ಕೂಲಿ ಮಾಡುತ್ತೆ.,ನಿನ್ನ ಸ್ನೇಹಿತರನ್ನು ಕೂಲಿ ಮಾಡೋ.,ಕೂಲಿ,ಕೂಲಿ,0,0,1,3.0,0,synthetic_examples
pair_0595,,,ನಿನ್ನ ಸ್ನೇಹಿತರನ್ನು ಕೂಲಿ ಮಾಡೋ.,ಪರೋಪಕಾರಿ ಉದ್ದೇಶದಿಂದ ಕೂಲಿ ಮಾಡುತ್ತೆ.,ಕೂಲಿ,ಕೂಲಿ,0,0,3,1.0,0,synthetic_examples
pair_0596,,,ನೋವಿನಿಂದ ಕೂಲಿ ಮಾಡಿದಾಳು.,ಪಾರ್ಟಿಗೆ ಮಹತ್ತರ ಕೂಲಿ ಮಾಡಿದೆ.,ಕೂಲಿ,ಕೂಲಿ,0,0,1,3.0,0,synthetic_examples
pair_0597,,,ನೋವಿನಿಂದ ಕೂಲಿ ಮಾಡಿದಾಳು.,ನಿನ್ನ ಸ್ನೇಹಿತರನ್ನು ಕೂಲಿ ಮಾಡೋ.,ಕೂಲಿ,ಕೂಲಿ,0,0,1,3.0,0,synthetic_examples
pair_0598,,,ನಿನ್ನ ಸ್ನೇಹಿತರನ್ನು ಕೂಲಿ ಮಾಡೋ.,ನೋವಿನಿಂದ ಕೂಲಿ ಮಾಡಿದಾಳು.,ಕೂಲಿ,ಕೂಲಿ,0,0,3,1.0,0,synthetic_examples
pair_0599,,,ಮಗುವನ್ನು ಕೂಲಿ ಮಾಡಿ.,ಪಾರ್ಟಿಗೆ ಮಹತ್ತರ ಕೂಲಿ ಮಾಡಿದೆ.,ಕೂಲಿ,ಕೂಲಿ,0,0,2,3.0,0,synthetic_examples
pair_0600,,,ಪಾರ್ಟಿಗೆ ಮಹತ್ತರ ಕೂಲಿ ಮಾಡಿದೆ.,ಮಗುವನ್ನು ಕೂಲಿ ಮಾಡಿ.,ಕೂಲಿ,ಕೂಲಿ,0,0,3,2.0,0,synthetic_examples
pair_0601,,,ಮಗುವನ್ನು ಕೂಲಿ ಮಾಡಿ.,ನಿನ್ನ ಸ್ನೇಹಿತರನ್ನು ಕೂಲಿ ಮಾಡೋ.,ಕೂಲಿ,ಕೂಲಿ,0,0,2,3.0,0,synthetic_examples
pair_0602,,,ನಿನ್ನ ಸ್ನೇಹಿತರನ್ನು ಕೂಲಿ ಮಾಡೋ.,ಮಗುವನ್ನು ಕೂಲಿ ಮಾಡಿ.,ಕೂಲಿ,ಕೂಲಿ,0,0,3,2.0,0,synthetic_examples
pair_0603,,,ನನ್ನನ್ನು ಕೂಲಿ ಮಾಡಿದಾಳು.,ಪಾರ್ಟಿಗೆ ಮಹತ್ತರ ಕೂಲಿ ಮಾಡಿದೆ.,ಕೂಲಿ,ಕೂಲಿ,0,0,2,3.0,0,synthetic_examples
pair_0604,,,ಪಾರ್ಟಿಗೆ ಮಹತ್ತರ ಕೂಲಿ ಮಾಡಿದೆ.,ನನ್ನನ್ನು ಕೂಲಿ ಮಾಡಿದಾಳು.,ಕೂಲಿ,ಕೂಲಿ,0,0,3,2.0,0,synthetic_examples
pair_0605,,,ನನ್ನನ್ನು ಕೂಲಿ ಮಾಡಿದಾಳು.,ನಿನ್ನ ಸ್ನೇಹಿತರನ್ನು ಕೂಲಿ ಮಾಡೋ.,ಕೂಲಿ,ಕೂಲಿ,0,0,2,3.0,0,synthetic_examples
pair_0606,,,ನಿನ್ನ ಸ್ನೇಹಿತರನ್ನು ಕೂಲಿ ಮಾಡೋ.,ನನ್ನನ್ನು ಕೂಲಿ ಮಾಡಿದಾಳು.,ಕೂಲಿ,ಕೂಲಿ,0,0,3,2.0,0,synthetic_examples
pair_0607,,,ದೇವರಿಗೆ ಹೂವು ಕೊಡುವುದು ಸಂಪ್ರದಾಯ.,ಆನೆಗೆ ಒಣಹೂವು ಕೊಡಿ.,ಕೊಡು,ಕೊಡು,0,0,2,1.0,0,synthetic_examples
pair_0608,,,ಆನೆಗೆ ಒಣಹೂವು ಕೊಡಿ.,ಅತಿಥಿಗೆ ಆಸನ ಕೊಡಿ.,ಕೊಡು,ಕೊಡು,0,0,1,2.0,0,synthetic_examples
pair_0609,,,ಅತಿಥಿಗೆ ಆಸನ ಕೊಡಿ.,ಆನೆಗೆ ಒಣಹೂವು ಕೊಡಿ.,ಕೊಡು,ಕೊಡು,0,0,2,1.0,0,synthetic_examples
pair_0610,,,ನನಗೆ ನೀರು ಕೊಡಿ.,ದೇವರಿಗೆ ಹೂವು ಕೊಡುವುದು ಸಂಪ್ರದಾಯ.,ಕೊಡು,ಕೊಡು,0,0,1,2.0,0,synthetic_examples
pair_0611,,,ದೇವರಿಗೆ ಹೂವು ಕೊಡುವುದು ಸಂಪ್ರದಾಯ.,ನನಗೆ ನೀರು ಕೊಡಿ.,ಕೊಡು,ಕೊಡು,0,0,2,1.0,0,synthetic_examples
pair_0612,,,ನನಗೆ ನೀರು ಕೊಡಿ.,ಅತಿಥಿಗೆ ಆಸನ ಕೊಡಿ.,ಕೊಡು,ಕೊಡು,0,0,1,2.0,0,synthetic_examples
pair_0613,,,ಅತಿಥಿಗೆ ಆಸನ ಕೊಡಿ.,ನನಗೆ ನೀರು ಕೊಡಿ.,ಕೊಡು,ಕೊಡು,0,0,2,1.0,0,synthetic_examples
pair_0614,,,ಆನೆಗೆ ಒಣಹೂವು ಕೊಡಿ.,ಶತ್ರುವಿಗೆ ಭೀಷಣ ಪ್ರಹಾರ ಕೊಡುತ್ತೆ.,ಕೊಡು,ಕೊಡು,0,0,1,3.0,0,synthetic_examples
pair_0615,,,ಶತ್ರುವಿಗೆ ಭೀಷಣ ಪ್ರಹಾರ ಕೊಡುತ್ತೆ.,ಆನೆಗೆ ಒಣಹೂವು ಕೊಡಿ.,ಕೊಡು,ಕೊಡು,0,0,3,1.0,0,synthetic_examples
pair_0616,,,ಆನೆಗೆ ಒಣಹೂವು ಕೊಡಿ.,ತೊಡೆಯಿಂದ ಥಳಿ ಕೊಟ್ಟನಳೆ.,ಕೊಡು,ಕೊಡು,0,0,1,3.0,0,synthetic_examples
pair_0617,,,ತೊಡೆಯಿಂದ ಥಳಿ ಕೊಟ್ಟನಳೆ.,ಆನೆಗೆ ಒಣಹೂವು ಕೊಡಿ.,ಕೊಡು,ಕೊಡು,0,0,3,1.0,0,synthetic_examples
pair_0618,,,ನನಗೆ ನೀರು ಕೊಡಿ.,ಶತ್ರುವಿಗೆ ಭೀಷಣ ಪ್ರಹಾರ ಕೊಡುತ್ತೆ.,ಕೊಡು,ಕೊಡು,0,0,1,3.0,0,synthetic_examples
pair_0619,,,ಶತ್ರುವಿಗೆ ಭೀಷಣ ಪ್ರಹಾರ ಕೊಡುತ್ತೆ.,ನನಗೆ ನೀರು ಕೊಡಿ.,ಕೊಡು,ಕೊಡು,0,0,3,1.0,0,synthetic_examples
pair_0620,,,ನನಗೆ ನೀರು ಕೊಡಿ.,ತೊಡೆಯಿಂದ ಥಳಿ ಕೊಟ್ಟನಳೆ.,ಕೊಡು,ಕೊಡು,0,0,1,3.0,0,synthetic_examples
pair_0621,,,ತೊಡೆಯಿಂದ ಥಳಿ ಕೊಟ್ಟನಳೆ.,ನನಗೆ ನೀರು ಕೊಡಿ.,ಕೊಡು,ಕೊಡು,0,0,3,1.0,0,synthetic_examples
pair_0622,,,ಆನೆಗೆ ಒಣಹೂವು ಕೊಡಿ.,ಗಿರುಗಳ ಹಾಕುಮಾರಿ ಬೆಳ್ಳಳಿ ಕೊಡುತ್ತವೆ.,ಕೊಡು,ಕೊಡು,0,0,1,4.0,0,synthetic_examples
pair_0623,,,ಗಿರುಗಳ ಹಾಕುಮಾರಿ ಬೆಳ್ಳಳಿ ಕೊಡುತ್ತವೆ.,ಆನೆಗೆ ಒಣಹೂವು ಕೊಡಿ.,ಕೊಡು,ಕೊಡು,0,0,4,1.0,0,synthetic_examples
pair_0624,,,ಆನೆಗೆ ಒಣಹೂವು ಕೊಡಿ.,ಕ್ಷೇತ್ರ ಸಂಪೂರ್ಣ ಫಸಲಿ ಕೊಡುತ್ತಿದೆ.,ಕೊಡು,ಕೊಡು,0,0,1,4.0,0,synthetic_examples
pair_0625,,,ಕ್ಷೇತ್ರ ಸಂಪೂರ್ಣ ಫಸಲಿ ಕೊಡುತ್ತಿದೆ.,ಆನೆಗೆ ಒಣಹೂವು ಕೊಡಿ.,ಕೊಡು,ಕೊಡು,0,0,4,1.0,0,synthetic_examples
pair_0626,,,ನನಗೆ ನೀರು ಕೊಡಿ.,ಗಿರುಗಳ ಹಾಕುಮಾರಿ ಬೆಳ್ಳಳಿ ಕೊಡುತ್ತವೆ.,ಕೊಡು,ಕೊಡು,0,0,1,4.0,0,synthetic_examples
pair_0627,,,ಗಿರುಗಳ ಹಾಕುಮಾರಿ ಬೆಳ್ಳಳಿ ಕೊಡುತ್ತವೆ.,ನನಗೆ ನೀರು ಕೊಡಿ.,ಕೊಡು,ಕೊಡು,0,0,4,1.0,0,synthetic_examples
