model,target_word,sentence,true_sense,cluster,ari
xlmr,ಅರ್ಥ,ಈ ಮಾತುಗಳ ಅರ್ಥ ತೃಪ್ತಿದಾಯಕವಾಗಿದೆ.,1,3,0.27586206896551724
xlmr,ಅರ್ಥ,ಪದದ ಅರ್ಥ ತಿಳಿಸಿ.,1,3,0.27586206896551724
xlmr,ಅರ್ಥ,ಸಭೆ ಅರ್ಥ ಸೂಚಿಸಿದೆ.,2,1,0.27586206896551724
xlmr,ಅರ್ಥ,ಅರ್ಥ ಪಾಲಿಸುವುದು ಅವಶ್ಯಕ.,2,0,0.27586206896551724
xlmr,ಅರ್ಥ,ಯುವಕನ ಅರ್ಥ ಉನ್ನತಿಯಿತು.,3,2,0.27586206896551724
xlmr,ಅರ್ಥ,ಈ ಪ್ರಯೋಗದ ಅರ್ಥ ತಪ್ಪಾದ ವಿಷಯ ಪಕ್ಷೀಕರಿಸುವುದು.,3,3,0.27586206896551724
xlmr,ಅರ್ಥ,ಆ ರತ್ನದ ಅರ್ಥ ತುಂಬಾ ಹೆಚ್ಚು.,4,0,0.27586206896551724
xlmr,ಅರ್ಥ,ಮಾನವ ಜೀವನದ ಅರ್ಥ ಅಮೂಲ್ಯ.,4,0,0.27586206896551724
xlmr,ಕಬ್ಬಿ,ಕಬ್ಬಿ ಬಟ್ಟೆ ಹೊಗಳುವುದಲ್ಲ.,1,1,-0.06060606060606061
xlmr,ಕಬ್ಬಿ,ಕಬ್ಬಿ ಚರ್ಮ ಶೇಕಡೆ.,1,0,-0.06060606060606061
xlmr,ಕಬ್ಬಿ,ಕಬ್ಬಿ ಮಾತು ಆಘಾತ ಬಿಡುತ್ತದೆ.,2,1,-0.06060606060606061
xlmr,ಕಬ್ಬಿ,ಕಬ್ಬಿ ವ್ಯವಹಾರ ನಿಜನಾಗಿ ನೋವಾಗಿಸುತ್ತದೆ.,2,1,-0.06060606060606061
xlmr,ಕಬ್ಬಿ,ಕಬ್ಬಿ ಮನುಷ್ಯ ಕಷ್ಟ ಸಹಿಸುತ್ತಾನೆ.,3,2,-0.06060606060606061
xlmr,ಕಬ್ಬಿ,ಕಬ್ಬಿ ನಿರ್ಮಾಣ ದೀರ್ಘಸ್ಥಿರ.,3,1,-0.06060606060606061
xlmr,ಕರಣ,ಈ ಘಟನೆಯ ಕರಣ ಎಂದರೆ ನಿರ್ಲಕ್ಷ್ಯತೆ.,1,2,0.07407407407407407
xlmr,ಕರಣ,ಅನಸ್ಥೆಯ ಕರಣ ಕಾರ್ಯಭಾರ ಹೆಚ್ಚು.,1,2,0.07407407407407407
xlmr,ಕರಣ,ಶಿಕ್ಷಣ ಜೀವನ ಸುಧಾರಣೆಯ ಕರಣ.,2,0,0.07407407407407407
xlmr,ಕರಣ,ಕರ್ನಮ ಭರತಾವಿಯ ಕರಣಗಳು ಅದ್ಭುತವಾಗಿವೆ.,2,1,0.07407407407407407
xlmr,ಕರಣ,ಪದವಿನ ಕರಣ ವಿಷಯ ವಿಶ್ಲೇಷಿಸಬೇಕು.,3,2,0.07407407407407407
xlmr,ಕರಣ,ಅಪರ ಕರಣ ತೆರೆದುಕೊಂಡಿದೆ.,3,0,0.07407407407407407
xlmr,ಕಾಲ,ಕಾಲ ದ್ರುತವಾಗಿ ಹಾದುಹೋಗಿ.,1,4,0.425531914893617
xlmr,ಕಾಲ,ಮಹಾಭಾರತದ ಕಾಲದಲ್ಲಿ ಅನೇಕ ಯುದ್ಧ ನಡೆದವು.,1,2,0.425531914893617
xlmr,ಕಾಲ,ಅವನ ಎಡ ಕಾಲು ಮುರಿದಿದೆ.,2,0,0.425531914893617
xlmr,ಕಾಲ,ಕಾಲು ನೋವಾಗುತ್ತಿದೆ.,2,0,0.425531914893617
xlmr,ಕಾಲ,ಬೇಸಿಗೆ ಕಾಲ ತುಂಬಾ ಬಿಸಿಯಾಗಿರುತ್ತವೆ.,5,4,0.425531914893617
xlmr,ಕಾಲ,ಮುಂಗಾರು ಕಾಲ ಮೂವೆತ್ತೆ ಅಂದಾಗೆ ಬರುತ್ತದೆ.,5,4,0.425531914893617
xlmr,ಕಾಲ,ಕಾಲ ನೋಡುತ್ತಿರುವುದೇ ಅದು.,3,1,0.425531914893617
xlmr,ಕಾಲ,ಕಾಲದ ಸಮಯ ನಿಗದಿತವಾಗಿದೆ.,3,3,0.425531914893617
xlmr,ಕಾಲ,ಕಾಲ ಬಟ್ಟೆ ಧರಿಸಿ.,4,1,0.425531914893617
xlmr,ಕಾಲ,ಕಾಲ ಮೇಘ ಗಾಳಿ ಬೀಸುತ್ತಿದೆ.,4,1,0.425531914893617
xlmr,ಕಾಲೆ,ಅನ್ನ ಕಾಲೆ ಮಾಡಬೇಡ.,1,1,-0.25
xlmr,ಕಾಲೆ,ಅವಕಾಶ ಕಾಲೆ ಮಾಡಿದೆ.,1,2,-0.25
xlmr,ಕಾಲೆ,ಹಣ ಕಾಲೆ ಮಾಡುವುದು ನೀತಿಹೀನ.,2,0,-0.25
xlmr,ಕಾಲೆ,ಪ್ರತಿಭೆ ಕಾಲೆ ಮಾಡಬೇಡ.,2,1,-0.25
xlmr,ಕಾಲೆ,ಅಧ್ಯಯನ ಕಾಲೆ ಮಾಡಿದೆ.,3,2,-0.25
xlmr,ಕಾಲೆ,ಪರಿವಾರ ಕಾಲೆ ಮಾಡುವುದು ಅನುಚಿತ.,3,0,-0.25
xlmr,ಕಿರಿಯ,ಕಿರಿಯ ಸಮಸ್ಯೆ ಛಿದ್ರ ಪಟ್ಟು.,1,1,0.4444444444444444
xlmr,ಕಿರಿಯ,ಕಿರಿಯ ವಿವರಣೆ ಸ್ಪಷ್ಟ.,1,2,0.4444444444444444
xlmr,ಕಿರಿಯ,ಕಿರಿಯ ಮಗು ನೆಲೆಯಲ್ಲಿ.,2,1,0.4444444444444444
xlmr,ಕಿರಿಯ,ಕಿರಿಯ ವಯಸ್ಸು ಅಮೂಲ್ಯ.,2,1,0.4444444444444444
xlmr,ಕಿರಿಯ,ಕಿರಿಯ ಸಹೋದರ ಸಹಾಯಕ.,3,0,0.4444444444444444
xlmr,ಕಿರಿಯ,ಕಿರಿಯ ಪದ ತೃಪ್ತ ವೈತನಿಕ.,3,0,0.4444444444444444
xlmr,ಕೂಲಿ,ಪರೋಪಕಾರಿ ಉದ್ದೇಶದಿಂದ ಕೂಲಿ ಮಾಡುತ್ತೆ.,1,0,-0.2962962962962963
xlmr,ಕೂಲಿ,ನೋವಿನಿಂದ ಕೂಲಿ ಮಾಡಿದಾಳು.,1,2,-0.2962962962962963
xlmr,ಕೂಲಿ,ಮಗುವನ್ನು ಕೂಲಿ ಮಾಡಿ.,2,1,-0.2962962962962963
xlmr,ಕೂಲಿ,ನನ್ನನ್ನು ಕೂಲಿ ಮಾಡಿದಾಳು.,2,0,-0.2962962962962963
xlmr,ಕೂಲಿ,ಪಾರ್ಟಿಗೆ ಮಹತ್ತರ ಕೂಲಿ ಮಾಡಿದೆ.,3,2,-0.2962962962962963
xlmr,ಕೂಲಿ,ನಿನ್ನ ಸ್ನೇಹಿತರನ್ನು ಕೂಲಿ ಮಾಡೋ.,3,0,-0.2962962962962963
xlmr,ಕೊಡು,ಆನೆಗೆ ಒಣಹೂವು ಕೊಡಿ.,1,0,0.2222222222222222
xlmr,ಕೊಡು,ನನಗೆ ನೀರು ಕೊಡಿ.,1,0,0.2222222222222222
xlmr,ಕೊಡು,ದೇವರಿಗೆ ಹೂವು ಕೊಡುವುದು ಸಂಪ್ರದಾಯ.,2,2,0.2222222222222222
xlmr,ಕೊಡು,ಅತಿಥಿಗೆ ಆಸನ ಕೊಡಿ.,2,0,0.2222222222222222
xlmr,ಕೊಡು,ಶತ್ರುವಿಗೆ ಭೀಷಣ ಪ್ರಹಾರ ಕೊಡುತ್ತೆ.,3,3,0.2222222222222222
xlmr,ಕೊಡು,ತೊಡೆಯಿಂದ ಥಳಿ ಕೊಟ್ಟನಳೆ.,3,0,0.2222222222222222
xlmr,ಕೊಡು,ಗಿರುಗಳ ಹಾಕುಮಾರಿ ಬೆಳ್ಳಳಿ ಕೊಡುತ್ತವೆ.,4,1,0.2222222222222222
xlmr,ಕೊಡು,ಕ್ಷೇತ್ರ ಸಂಪೂರ್ಣ ಫಸಲಿ ಕೊಡುತ್ತಿದೆ.,4,1,0.2222222222222222
xlmr,ಗಟ್ಟ,ಗಟ್ಟ ಕಲ್ಲು ಚಾಪುತ್ತಾರೆ.,1,2,-0.2962962962962963
xlmr,ಗಟ್ಟ,ಮಜ್ಜಿಗೆ ಗಟ್ಟ ಕಕ್ಷ.,1,0,-0.2962962962962963
xlmr,ಗಟ್ಟ,ಗುರುವು ಗಟ್ಟ ಆಜ್ಞೆಕಾರಿ.,2,0,-0.2962962962962963
xlmr,ಗಟ್ಟ,ಗಟ್ಟ ನಿಯಮ ಪಾಲಿಸುತ್ತಾರೆ.,2,2,-0.2962962962962963
xlmr,ಗಟ್ಟ,ಗಟ್ಟ ಸಮಸ್ಯೆ ಎದುರಾಗಿದೆ.,3,1,-0.2962962962962963
xlmr,ಗಟ್ಟ,ಗಟ್ಟ ಅನುಸಾರ ನೋವು.,3,2,-0.2962962962962963
xlmr,ಗುರುತ್ವ,ಗುರುತ್ವ ಕಾಚು ಕೆಲಸ.,1,2,0.4444444444444444
xlmr,ಗುರುತ್ವ,ಗುರುತ್ವ ಸಮಸ್ಯೆ ಪರಿಹಾರ.,1,2,0.4444444444444444
xlmr,ಗುರುತ್ವ,ಗುರುತ್ವ ನಿರ್ಧಾರ ಕೆಳಗಿಳಿಸಲಾಯಿತು.,2,0,0.4444444444444444
xlmr,ಗುರುತ್ವ,ಗುರುತ್ವ ಕಾರ್ಯಭಾರ ತಿಳಿಸಲಾಯಿತು.,2,0,0.4444444444444444
xlmr,ಗುರುತ್ವ,ಗುರುತ್ವ ಸಂಜೆಯಲ್ಲಿ ಆರಾಧನೆ.,3,1,0.4444444444444444
xlmr,ಗುರುತ್ವ,ಗುರುತ್ವ ನೀತಿ ಅನುಷ್ಠಾನ.,3,0,0.4444444444444444
xlmr,ಚಕ್ರ,ರಥದ ಚಕ್ರ ಭಾರೀ ಮರದಿಂದ ತಯಾರಾಗಿದೆ.,1,2,0.6037735849056604
xlmr,ಚಕ್ರ,ಮೊಟೊರಿನ ಚಕ್ರ ತಿರುಗುತ್ತಿದೆ.,1,2,0.6037735849056604
xlmr,ಚಕ್ರ,ಜೀವನದ ಚಕ್ರ ಮುಂದುವರಿದುಕೊಂಡಿದೆ.,2,0,0.6037735849056604
xlmr,ಚಕ್ರ,ಋತುಗಳ ಚಕ್ರ ಪುನರಾವೃತ್ತಿಯಾಗುತ್ತಿದೆ.,2,0,0.6037735849056604
xlmr,ಚಕ್ರ,ಯೋಗದಲ್ಲಿ ಆಚ್ಠ ಚಕ್ರಗಳು ಮುಖ್ಯ.,3,3,0.6037735849056604
xlmr,ಚಕ್ರ,ಹೃದಯ ಚಕ್ರ ಸಕ್ರಿಯಗೊಳಿಸುತ್ತಾರೆ.,3,1,0.6037735849056604
xlmr,ಚಕ್ರ,ಕೃಷ್ಣನ ಚಕ್ರ ವೈಷ್ಣವ ಅಸ್ತ್ರ.,4,3,0.6037735849056604
xlmr,ಚಕ್ರ,ಸುದರ್ಶನ ಚಕ್ರ ಸಕಲವನ್ನು ನಾಶಮಾಡುತ್ತಿದೆ.,4,3,0.6037735849056604
xlmr,ಚಿತ್ರ,ಆ ಚಿತ್ರ ನೈಜತ್ವವನ್ನು ಪ್ರತಿಬಿಂಬಿಸುತ್ತದೆ.,1,0,0.0
xlmr,ಚಿತ್ರ,ಚಿತ್ರ ತೆಗೆಯಬೇಕೆ?,1,0,0.0
xlmr,ಚಿತ್ರ,ಸಮಾಜದಲ್ಲಿ ಅನೇಕ ಚಿತ್ರ ಜನತೆ ವಾಸ ಮಾಡುತ್ತಾರೆ.,2,1,0.0
xlmr,ಚಿತ್ರ,ಈ ಕಾದಂಬರಿಯು ಚಿತ್ರವಾದ ಪ್ರಕರಣಗಳನ್ನು ಹೊಂದಿದೆ.,2,2,0.0
xlmr,ಚಿತ್ರ,ಆ ಚಿತ್ರ ಘಟನೆ ಕೇಳಲು ಅದ್ಭುತವಾಗಿದೆ.,3,0,0.0
xlmr,ಚಿತ್ರ,ಚಿತ್ರವಾದ ಸಂಗತಿ ಸಂಭವಿಸಿದೆ.,3,2,0.0
xlmr,ಚಿತ್ರ,ರವಿಶಂಕರ ಸುಂದರ ಚಿತ್ರ ಸೃಷ್ಟಿಸುತ್ತಾರೆ.,4,3,0.0
xlmr,ಚಿತ್ರ,ಈ ಚಿತ್ರ ಶಿಲ್ಪ ಅಸಾಧಾರಣ ಕಾದಂಬರಿ.,4,0,0.0
xlmr,ಜಲ,ನೀರಾಯ ಜಲ ಕುಡಿಯಿರಿ.,1,2,0.07407407407407407
xlmr,ಜಲ,ಜಲ ಬೆಳಗಿನ ಬಿಸಿಯಲ್ಲಿ ಕುದಿಯುತ್ತಿದೆ.,1,1,0.07407407407407407
xlmr,ಜಲ,ತೈಲಜಲ ಸಲ್ಯ ಹೀಲಿಂಗಿಗೆ ಉಪಯುಕ್ತ.,2,0,0.07407407407407407
xlmr,ಜಲ,ಕಷಾಯ ಜಲ ಔಷಧ.,2,2,0.07407407407407407
xlmr,ಜಲ,ಜಲದಲ್ಲಿ ಬೆನ್ನು ಬದ್ಧವಾಗುತ್ತಿದೆ.,3,1,0.07407407407407407
xlmr,ಜಲ,ಜಲ ತೂರುವ ಹೀನಾಭಿಮಾನ ನಿವಾರಿಸುವುದು ಕಷ್ಟ.,3,1,0.07407407407407407
xlmr,ತೆಗೆ,ನನ್ನ ಹಸ್ತ ತೆಗೆ.,1,2,0.0
xlmr,ತೆಗೆ,ಹಾಕುಮಾರಿಗೆ ನಕ್ಷತ್ರ ತೆಗೆದು ಕೊಟ್ಟರು.,1,0,0.0
xlmr,ತೆಗೆ,ಹೋಗಿ ಮೇಲಿನ ತಗರು ತೆಗೆದುಕೊ.,2,0,0.0
xlmr,ತೆಗೆ,ಕಂಕುದಿಂದ ಮುಖ್ಯ ಕೆಲಸ ತೆಗೆದುಕೊ.,2,0,0.0
xlmr,ತೆಗೆ,ನೆಲದಿಂದ ಪಿಸು ತೆಗೆದುಕೊ.,3,0,0.0
xlmr,ತೆಗೆ,ಹೊರಗಿನ ಸೂಪ ತೆಗೆದುಕೊಂಡೆ.,3,1,0.0
xlmr,ತೆಗೆ,ಗುರಿನೆ ಬಾರಣವನ್ನು ತೆಗೆದುಕೊಳ್ಳಿ.,4,3,0.0
xlmr,ತೆಗೆ,ಪ್ರಾಣಿ ಪರೀಕ್ಷೆಯಲ್ಲಿ ತೆಗೆದುಕೊಂಡರು.,4,1,0.0
xlmr,ಧರಣಿ,ಧರಣಿ ಭ್ರಮಿಸುತ್ತಾ ಇರುತ್ತದೆ.,1,1,-0.25
xlmr,ಧರಣಿ,ಧರಣಿಯ ಮೇಲೆ ಮಿಲಿಯನ ಜನ ವಾಸ ಮಾಡುತ್ತಾರೆ.,1,0,-0.25
xlmr,ಧರಣಿ,ಈ ಕೋಟೆಯ ಧರಣಿ ಕಲ್ಲಿನಿಂದ ಕೆತ್ತಿರುವುದು.,2,2,-0.25
xlmr,ಧರಣಿ,ಮನೆಯ ಧರಣಿ ಬಲಾಗಿರುವುದು ಅಗತ್ಯ.,2,1,-0.25
xlmr,ಧರಣಿ,ಪುಷ್ಪಗಳ ಧರಣಿ ಸುವಾಸಿತವಾಗಿರುತ್ತವೆ.,3,2,-0.25
xlmr,ಧರಣಿ,ಧರಣಿ ಇಳಿಪಡಿಸುವ ಪದಾರ್ಥ.,3,0,-0.25
xlmr,ಧರಿಸು,ಹೊಸ ಬಟ್ಟೆ ಧರಿಸಿ.,1,2,0.07407407407407407
xlmr,ಧರಿಸು,ಮುಖವಾಣಿ ಧರಿಸಿ.,1,2,0.07407407407407407
xlmr,ಧರಿಸು,ಅಸ್ತ್ರ ಧರಿಸಿ ಯುದ್ಧಕ್ಕೆ ಬಂದರು.,2,0,0.07407407407407407
xlmr,ಧರಿಸು,ಮಾದರಿ ಧರಿಸಿ ಹೋಗುತ್ತೆ.,2,2,0.07407407407407407
xlmr,ಧರಿಸು,ಭೂಮಿಯ ಸಾಕಷ್ಟು ಸೋಂಕುಗಳನ್ನು ಧರಿಸಿದೆ.,3,0,0.07407407407407407
xlmr,ಧರಿಸು,ಕುಟುಂಬದ ನೈತಿಕ ಧರಿಸುವುದು ಅವಶ್ಯಕ.,3,1,0.07407407407407407
xlmr,ನಕಲಿ,ಆ ನಕಲಿ ಚಿತ್ರ ಅಸಾಧಾರಣ ಸಿದ್ಧಿ.,1,2,0.07407407407407407
xlmr,ನಕಲಿ,ನಕಲಿ ಪಾಸ್‌ಪೋರ್ಟ್ ಜರಿಮಾನೆಗೆ ಸಾಧ್ಯ.,1,1,0.07407407407407407
xlmr,ನಕಲಿ,ನಕಲಿ ಸಾಕ್ಷ್ಯ ನ್ಯಾಯಾಲಯದ ವಿರುದ್ಧ ರಿವಾಜು.,2,0,0.07407407407407407
xlmr,ನಕಲಿ,ನಕಲಿ ವಾದ್ಯತೆ ನಿಖಿಲ ಎಲೆ ಪ್ರತಿ.,2,0,0.07407407407407407
xlmr,ನಕಲಿ,ನಕಲಿ ನಾಣ್ಯ ಸಾಕಷ್ಟು ಪರಿಚಿತವಾಗಿದೆ.,3,0,0.07407407407407407
xlmr,ನಕಲಿ,ನಕಲಿ ವಸ್ತುವನ್ನು ವಿಕ್ರಯ ಮಾಡುವುದು ಅಪರಾಧ.,3,1,0.07407407407407407
xlmr,ನೀಡ,ಪಕ್ಷಿಯ ನೀಡ ವೃಕ್ಷದ ಮೇಲೆ ಇದೆ.,1,2,0.07407407407407407
xlmr,ನೀಡ,ಸೂಕನಲ್ಲಿ ನೀಡ ತಿರಿಯುತ್ತೆ.,1,0,0.07407407407407407
xlmr,ನೀಡ,ಬೆಕೆಲೆಗಾಗಿ ಪರಿವಾರದ ನೀಡ ನಿರ್ಮಾಣ ಮಾಡಿದರು.,2,2,0.07407407407407407
xlmr,ನೀಡ,ಹೊಸ ನೀಡಕ್ಕೆ ಸ್ವಾಗತ.,2,1,0.07407407407407407
xlmr,ನೀಡ,ಪ್ರಭುನ ನೀಡ ನೀತಿಸೋಪಾನದಲ್ಲಿ.,3,0,0.07407407407407407
xlmr,ನೀಡ,ಆತ್ಮನ ಚಿರಂತನ ನೀಡ ಅತೀಂದ್ರಿಯ.,3,0,0.07407407407407407
xlmr,ನೀಲ,ನೀಲ ಆಕಾಶ ಮೋಹಕ.,1,2,0.07407407407407407
xlmr,ನೀಲ,ನೀಲ ವಸ್ತ್ರ ಸುಂದರವಾಗಿದೆ.,1,0,0.07407407407407407
xlmr,ನೀಲ,ನೀಲ ಸಂಜೆ ಬರುತ್ತಿದೆ.,2,1,0.07407407407407407
xlmr,ನೀಲ,ನೀಲ ಮೋಹೆ ಅಂಧಕಾರ.,2,1,0.07407407407407407
xlmr,ನೀಲ,ನೀಲ ಗಿಳಿ ಮಂಡಿರದ ಸ್ಕಂಧ.,3,1,0.07407407407407407
xlmr,ನೀಲ,ನೀಲ ರಂಗು ಧೌತ ಸಂಭೋಗ.,3,0,0.07407407407407407
xlmr,ನೇತೃತ್ವ,ಪಾರ್ಥ ಸೈನ್ಯವನ್ನು ನೇತೃತ್ವ ಮಾಡಿದರು.,1,1,-0.2962962962962963
xlmr,ನೇತೃತ್ವ,ಈ ಪ್ರಯೋಗದಲ್ಲಿ ನಾನು ನೇತೃತ್ವ ಮಾಡುತ್ತೇನೆ.,1,0,-0.2962962962962963
xlmr,ನೇತೃತ್ವ,ಶಿಲ್ಪಿ ಸಂಗೀತವನ್ನು ನೇತೃತ್ವ ಮಾಡಿದರು.,2,1,-0.2962962962962963
xlmr,ನೇತೃತ್ವ,ಆರ್ಕೆಸ್ಟ್ರಾ ನೇತೃತ್ವ ಮಾಡುವುದು ಕಾಂಡಕ್ಟರ್‌ನ ಕೆಲಸ.,2,0,-0.2962962962962963
xlmr,ನೇತೃತ್ವ,ಸಂಸ್ಥೆಯನ್ನು ನೇತೃತ್ವ ಮಾಡುವ ಜವಾಬ್ದಾರಿ.,3,2,-0.2962962962962963
xlmr,ನೇತೃತ್ವ,ಯುವಕನು ಕಂಪನಿ ನೇತೃತ್ವ ಮಾಡಿದನು.,3,0,-0.2962962962962963
xlmr,ನೋಡು,ಆಕಾಶ ನೋಡಿ.,1,3,0.33962264150943394
xlmr,ನೋಡು,ಒಟ್ಟಿಗೆ ಏನು ನೋಡುತ್ತೀಯ?,1,2,0.33962264150943394
xlmr,ನೋಡು,ಸಿನೆಮಾ ನೋಡುವುದು ಆನಂದ.,2,2,0.33962264150943394
xlmr,ನೋಡು,ಕಡಿಮೆ ಮಾರುಕಟ್ಟೆ ನೋಡೊಳ್ಳಿ.,2,0,0.33962264150943394
xlmr,ನೋಡು,ನನ್ನ ಸ್ನೇಹಿತ ನೀಡೆ ನೋಡುತ್ತೆ.,3,1,0.33962264150943394
xlmr,ನೋಡು,ರಾತ್ರಿ ನಿಮ್ಮನ್ನು ನೋಡುತ್ತೇನೆ.,3,1,0.33962264150943394
xlmr,ನೋಡು,ಸರಿಪೊತ್ತು ನೋಡಿ.,4,0,0.33962264150943394
xlmr,ನೋಡು,ಚಿಕಿತ್ಸಕ ರೋಗಿಯನ್ನು ನೋಡಿದರು.,4,0,0.33962264150943394
xlmr,ಪುಲ,ನದಿಯ ಮೇಲೆ ಹೊಸ ಪುಲ ನಿರ್ಮಾಣವಾಗುತ್ತಿದೆ.,1,2,0.4444444444444444
xlmr,ಪುಲ,ಪುಲ ದಾಟಿ ಹೋಗಿ.,1,0,0.4444444444444444
xlmr,ಪುಲ,ಬೆಸೆಯ ಪುಲ ಚೆಂದ ಸುವಾಸಿತವಾಗಿರುತ್ತವೆ.,2,0,0.4444444444444444
xlmr,ಪುಲ,ಹೂವಿನ ಪುಲ ನೋಡು.,2,0,0.4444444444444444
xlmr,ಪುಲ,ನವೆಂಬರ್ ಅವರಿಗೆ ಪುಲದ ತೂಟು ಕೊಟ್ಟರು.,3,1,0.4444444444444444
xlmr,ಪುಲ,ಮದುವೆಯ ಸಮಯದಲ್ಲಿ ಸುಂದರ ಪುಲದ ತೂಟು ನೋಡಲಾಯಿತು.,3,1,0.4444444444444444
xlmr,ಪೆರೆಲೆ,ಸೂರ್ಯನ ಪೆರೆಲೆ ಬೀಸುತ್ತಿದೆ.,1,2,-0.2962962962962963
xlmr,ಪೆರೆಲೆ,ಮರದ ಪೆರೆಲೆಯಲ್ಲಿ ಕುಳಿತುಕೊಂಡೆ.,1,0,-0.2962962962962963
xlmr,ಪೆರೆಲೆ,ನೀರಿನಲ್ಲಿ ಮುಖದ ಪೆರೆಲೆ ಕಾಣುತ್ತಿದೆ.,2,0,-0.2962962962962963
xlmr,ಪೆರೆಲೆ,ಕನ್ನಡ ಸಂಸ್ಕೃತಿಯ ಪೆರೆಲೆ ಲೋಕವೆಲ್ಲಾ ಪಡೆದೆ.,2,2,-0.2962962962962963
xlmr,ಪೆರೆಲೆ,ಆತನ ಮೇಲೆ ನಿರ್ದೋಷತೆಯ ಪೆರೆಲೆಯೂ ಇಲ್ಲ.,3,1,-0.2962962962962963
xlmr,ಪೆರೆಲೆ,ಪೆರೆಲೆ ಪರಿಚಯ ನಾಶ ಮಾಡುತ್ತದೆ.,3,2,-0.2962962962962963
xlmr,ಪ್ರಭು,ಸೋಮನಾಥ ತನ್ನ ಗುಲಾಮನ ಪ್ರಭು.,1,1,0.07407407407407407
xlmr,ಪ್ರಭು,ಪ್ರಭುವಿನ ಆದೇಶ ಪಾಲಿಸಲೇಬೇಕು.,1,0,0.07407407407407407
xlmr,ಪ್ರಭು,ಪ್ರಭುವೆ ನಮ್ಮನ್ನು ರಕ್ಷಿಸಿ.,2,2,0.07407407407407407
xlmr,ಪ್ರಭು,ಪ್ರಭುವಿನ ಕೃಪೆ ಅಪರಿಸೀಮ.,2,0,0.07407407407407407
xlmr,ಪ್ರಭು,ರವಿ ಪ್ರಭುಗಳು ಮುಖ್ಯ ಅಧಿಕಾರಿ.,3,1,0.07407407407407407
xlmr,ಪ್ರಭು,ಪ್ರಭುಗಳ ನಿರ್ದೇಶನ ನೋಡಿ ಕೆಲಸ ಮಾಡಿ.,3,1,0.07407407407407407
xlmr,ಪ್ರೀತಿ,ಪ್ರೀತಿ ಭಾರ್ಯೆ ಮನೆಯ ಸಿಂದೂರ.,1,2,0.4444444444444444
xlmr,ಪ್ರೀತಿ,ಪ್ರೀತಿ ಭಿತಿಜ ಅವನ ಪ್ರಿಯೆ.,1,1,0.4444444444444444
xlmr,ಪ್ರೀತಿ,ಪ್ರೀತಿ ವಿಷಯ ಶಾಸ್ತ್ರ.,2,0,0.4444444444444444
xlmr,ಪ್ರೀತಿ,ಪ್ರೀತಿ ಔಷಧ ಇಂದ್ರಿಯ.,2,0,0.4444444444444444
xlmr,ಪ್ರೀತಿ,ಪ್ರೀತಿ ಸುಗಂಧ ಹೃದಯ.,3,1,0.4444444444444444
xlmr,ಪ್ರೀತಿ,ಪ್ರೀತಿ ಸಂವಾದ ಆನಂದ.,3,1,0.4444444444444444
xlmr,ಬರು,ನಾಳೆ ನನ್ನ ಮನೆಗೆ ಬಾರು.,1,0,-0.18867924528301888
xlmr,ಬರು,ಕಡಿಮೆ ಕರೆ ಸುಗಿಕೊ ಬರುತ್ತೆ.,1,2,-0.18867924528301888
xlmr,ಬರು,ರೈಲು ಸಮಯಕ್ಕೆ ಬರುತ್ತಿದೆ.,2,1,-0.18867924528301888
xlmr,ಬರು,ಮೇಲಿನ ಸಿಡಿ ಹಠಾತ್ತು ಬರುತ್ತೆ.,2,2,-0.18867924528301888
xlmr,ಬರು,ಇದೇ ಆಕಸ್ಮಾತ್ ಘಟನೆ ಕಾಲೇ ಕಾಲೇ ಬರುತ್ತದೆ.,3,3,-0.18867924528301888
xlmr,ಬರು,ಶೀತ ಋತುವು ಬರುತ್ತಿದೆ.,3,1,-0.18867924528301888
xlmr,ಬರು,ಅವನು ಅರಸನಾಗಿ ಬರುತ್ತೀಯ.,4,1,-0.18867924528301888
xlmr,ಬರು,ನೀ ಶಕ್ತಿಶಾಳಿಯಾಗಿ ಬರಿ.,4,0,-0.18867924528301888
xlmr,ಬಾಗ,ಪುಷ್ಪಬಾಗ ಅತ್ಯಂತ ಸುಂದರವಾಗಿದೆ.,1,2,0.07407407407407407
xlmr,ಬಾಗ,ತರಕಾರಿ ಬಾಗದಲ್ಲಿ ಸೋಂಕು ಹಿಡಿದಿದೆ.,1,1,0.07407407407407407
xlmr,ಬಾಗ,ಸಂಪತ್ತಿನಿಂದ ಪ್ರತಿಯೊಬ್ಬರ ಬಾಗ ನಿರ್ಧರಿಸಿ.,2,0,0.07407407407407407
xlmr,ಬಾಗ,ನನ್ನ ಬಾಗ ನಿಗದಿತವಾಗಿ ಇದೆ.,2,0,0.07407407407407407
xlmr,ಬಾಗ,ಬೆಂಗಳೂರು ಉತ್ತರ ಬಾಗದಲ್ಲಿ ಸ್ಥಿತವಾಗಿದೆ.,3,1,0.07407407407407407
xlmr,ಬಾಗ,ನಗರದ ಪಶ್ಚಿಮ ಬಾಗ ಸಾಕಷ್ಟು ಅಭಿವೃದ್ಧಿಯಾಗಿದೆ.,3,0,0.07407407407407407
xlmr,ಬೀಜ,ತರಕಾರಿಯ ಬೀಜ ಲೋಳೆ.,1,1,0.07407407407407407
xlmr,ಬೀಜ,ಬೀಜ ಬಿತ್ತಬೇಕು ವರ್ಷ ಸುಮಾರು.,1,2,0.07407407407407407
xlmr,ಬೀಜ,ಆ ಕಲುಷತೆಯ ಬೀಜ ಕುರೂರತೆ.,2,1,0.07407407407407407
xlmr,ಬೀಜ,ಚಿಂತೆ ಎಲ್ಲ ಸಮಸ್ಯೆಯ ಬೀಜ.,2,1,0.07407407407407407
xlmr,ಬೀಜ,ಗುರುವು ಗುಪ್ತ ಬೀಜ ಪ್ರದಾನ ಮಾಡಿದರು.,3,2,0.07407407407407407
xlmr,ಬೀಜ,ಈ ಯಂತ್ರದ ಬೀಜ ತಿಳಿದರೆ ಸಾಧನೆ ಮಾಡಬಹುದು.,3,0,0.07407407407407407
xlmr,ಬೆಳೆ,ಮಗು ಬೆಳೆಯುತ್ತಿದೆ.,1,1,-0.2962962962962963
xlmr,ಬೆಳೆ,ಆತನ ಉತ್ತರ ದಾಯಿತ್ವ ಬೆಳೆಯುತ್ತಿದೆ.,1,2,-0.2962962962962963
xlmr,ಬೆಳೆ,ಅನ್ನ ಬೆಳೆಯುವುದು ರೈತಿಕೆಯ ಪ್ರಧಾನ ಕೆಲಸ.,2,2,-0.2962962962962963
xlmr,ಬೆಳೆ,ತರಕಾರಿ ಬೆಳೆಯಿರಿ.,2,1,-0.2962962962962963
xlmr,ಬೆಳೆ,ಮಗುವಿನ ಮನ ಬೆಳೆಯುವುದು ಮುಖ್ಯ.,3,2,-0.2962962962962963
xlmr,ಬೆಳೆ,ಶಕ್ತಿ ಬೆಳೆಸಿ.,3,0,-0.2962962962962963
xlmr,ಬೋಳ,ಬೋಳ ಕಾಲೆ ಅವನು ಕೆಟ್ಟ ಪರಿಣಾಮ ಮಾಡಿದನು.,1,1,-0.15384615384615385
xlmr,ಬೋಳ,ಬೋಳ ವಿಚಾರಣೆ ಅಸಮರ್ಥನನ್ನು ಸೂಚಿಸುತ್ತದೆ.,1,1,-0.15384615384615385
xlmr,ಬೋಳ,ಬೋಳ ಮಸ್ತಿಷ್ಕ ಶಿಕ್ಷೆ ಪಡೆಯಲು ಸಾಧ್ಯ.,2,1,-0.15384615384615385
xlmr,ಬೋಳ,ಬೋಳ ಸಮಝಿಸುವ ಶಕ್ತಿ ಕ್ಷೀಣ.,2,1,-0.15384615384615385
xlmr,ಬೋಳ,ಈ ಬೋಳ ಬಟ್ಟೆ ಹಾಕುವೆ ಅದೇ.,3,1,-0.15384615384615385
xlmr,ಬೋಳ,ಆ ಬೋಳ ಕುರುಡೆ ಹಾಗೆ ಕೆಲಸ ಮಾಡುತ್ತಾನೆ.,3,1,-0.15384615384615385
xlmr,ಬೋಳ,Diverse contexts for each sense,3,0,-0.15384615384615385
xlmr,ಬೋಳ,"Mix of everyday, literary, and formal usage",3,0,-0.15384615384615385
xlmr,ಬೋಳ,Real-world applicability,3,2,-0.15384615384615385
xlmr,ಭಕ್ತ,ಕೃಷ್ಣನ ಭಕ್ತರು ಕೋವಿಲಿಗೆ ಸೆರೆದುಬಂದರು.,1,2,0.4444444444444444
xlmr,ಭಕ್ತ,ಆ ಗುರುವಿನ ಭಕ್ತ ತುಂಬಾ ಆಸ್ಥೆಗಳುದ್ದ.,1,1,0.4444444444444444
xlmr,ಭಕ್ತ,ಅರಸನ ಭಕ್ತರು ನಿರ್ದೇಶ ಪಾಲಿಸಿದರು.,2,0,0.4444444444444444
xlmr,ಭಕ್ತ,ಭಕ್ತರನ್ನು ಸಮ್ಮಾನಿಸಿ.,2,0,0.4444444444444444
xlmr,ಭಕ್ತ,ಪ್ರಭುದ ಭಕ್ತರು ಧರ್ಮವನ್ನು ಪೋಷಿಸಿದರು.,3,2,0.4444444444444444
xlmr,ಭಕ್ತ,ನಿಜನಾದ ಭಕ್ತರು ಸತ್ತರನ್ನು ಒಂದೆಡೆ ಮಾಡುತ್ತಾರೆ.,3,2,0.4444444444444444
xlmr,ಮಾಡು,ಚಿತ್ರ ಸೃಷ್ಟಿ ಮಾಡಿ.,1,2,0.325
xlmr,ಮಾಡು,ಕಟಣೆ ಮಾಡುತ್ತೇನೆ.,1,4,0.325
xlmr,ಮಾಡು,ಕೆಲಸ ಮಾಡಿ.,2,0,0.325
xlmr,ಮಾಡು,ಸಹಾಯ ಮಾಡಿ.,2,0,0.325
xlmr,ಮಾಡು,ಆಹಾರ ಮಾಡುತ್ತೇನೆ.,3,4,0.325
xlmr,ಮಾಡು,ಬಾರ ಮಾಡುವುದು ಪುರಸ್ಕಾರ.,3,1,0.325
xlmr,ಮಾಡು,ಸಮಸ್ಯೆ ಮಾಡಿದೆ.,4,2,0.325
xlmr,ಮಾಡು,ಕೆಸರು ಮಾಡುವುದು ಸುಗಮ.,4,1,0.325
xlmr,ಮಾಡು,ರೋಗಿಯನ್ನು ಸರಿಯಾಗಿ ಮಾಡಿ.,5,3,0.325
xlmr,ಮಾಡು,ಸಮಸ್ಯೆಯನ್ನು ಸರಿಯಾಗಿ ಮಾಡಬೇಕು.,5,3,0.325
xlmr,ಮಾತು,ನನ್ನ ಮಾತು ಆಲಿಸಿ.,1,2,0.034482758620689655
xlmr,ಮಾತು,ಆ ಮಾತು ನಿಜವಾಗಿದೆ.,1,2,0.034482758620689655
xlmr,ಮಾತು,"ಮಾತುಗಳ ಅರ್ಥ ಅಲ್ಲ, ಭಾವ ಪ್ರಮುಖ.",1,2,0.034482758620689655
xlmr,ಮಾತು,ಇದು ಗಮನಾರ್ಹ ಮಾತು.,2,2,0.034482758620689655
xlmr,ಮಾತು,ಆ ಮಾತಿನ ಬಗ್ಗೆ ಮಾತನಾಡಬೇಡ.,2,1,0.034482758620689655
xlmr,ಮಾತು,ಕ್ರೀಡಾ ಮಾತು ಈತನಿಗೆ ಆಸಕ್ತಿ.,2,2,0.034482758620689655
xlmr,ಮಾತು,ಪಟ್ಟಣದಲ್ಲಿ ಸಾಕಷ್ಟು ಮಾತು ಆಗಿದೆ.,3,0,0.034482758620689655
xlmr,ಮಾತು,ತಲೆಕೆಳಿತ ಮಾತು ನಂಬಬೇಡ.,3,2,0.034482758620689655
xlmr,ಮುಕ್ತ,ಕೈದಿ ಮುಕ್ತನಾದನು.,1,2,-0.2962962962962963
xlmr,ಮುಕ್ತ,ಮುಕ್ತ ಮನೋಭಾವ ಅಗತ್ಯ.,1,0,-0.2962962962962963
xlmr,ಮುಕ್ತ,ಬಂಧನೆಯಿಂದ ಮುಕ್ತನಾದನು.,2,2,-0.2962962962962963
xlmr,ಮುಕ್ತ,ಇಲಿಯನ್ನು ಮುಕ್ತ ಮಾಡಿ.,2,1,-0.2962962962962963
xlmr,ಮುಕ್ತ,ಪ್ರಾಣಿ ಮೋಕ್ಷದಿಂದ ಮುಕ್ತನಾದನು.,3,2,-0.2962962962962963
xlmr,ಮುಕ್ತ,ಶರೀರದ ಬಂಧನೆಯಿಂದ ಮುಕ್ತ ಪುರುಷ.,3,0,-0.2962962962962963
xlmr,ರಸ,ಆ ಅನ್ನದ ರಸ ಅತ್ಯಂತ ಸುಮಾರು.,1,2,0.11475409836065574
xlmr,ರಸ,ಲೆಮೆನ್ ರಸ ಅಮ್ಲೀಯವಾಗಿರುತ್ತದೆ.,1,2,0.11475409836065574
xlmr,ರಸ,ಹಣ್ಣಿನ ರಸ ಮಿಠಾಗಿರುತ್ತದೆ.,2,2,0.11475409836065574
xlmr,ರಸ,ಗೆಜ್ಜಿನ ರಸ ಸೋಯಿ ರಸ ಹೊಂದಿಕೆ.,2,2,0.11475409836065574
xlmr,ರಸ,ಕವಿತೆಯಲ್ಲಿ ಭಿನ್ನ ರಸಗಳು ಇವೆ.,3,3,0.11475409836065574
xlmr,ರಸ,ಶೃಂಗಾರ ರಸ ಸಂಗೀತದಲ್ಲಿ ಪ್ರಕಾಶಿತವಾಗುತ್ತದೆ.,3,1,0.11475409836065574
xlmr,ರಸ,ದೇವತೆಗಳು ಅಮೃತ ರಸ ಕುಡಿದರು.,4,0,0.11475409836065574
xlmr,ರಸ,ರೇಸ ರಸದ ಎಳೆ ಮಧುರ.,4,2,0.11475409836065574
xlmr,ರಸ,ನಟನ ಅಭಿನಯ ರಸವನ್ನು ಹೃದಯಕ್ಕೆ ಸೇರಿಸುತ್ತದೆ.,5,4,0.11475409836065574
xlmr,ರಸ,ಕ್ಷಿತಿಜರ ನೃತ್ಯ ಏಕ ರಸದಿಂದ ತುಂಬಿತ್ತು.,5,0,0.11475409836065574
xlmr,ಲೇ,ನೀರು ಲೇಯಿ.,1,0,0.07407407407407407
xlmr,ಲೇ,ಆ ಸೂಪಿಗೆ ಈ ದ್ರವ್ಯ ಲೇಯಿ.,1,1,0.07407407407407407
xlmr,ಲೇ,ಟೇಬಿಲ್ ಮೇಲೆ ನೀರು ಲೇದೆ.,2,2,0.07407407407407407
xlmr,ಲೇ,ಹೊಡೆದಿದ್ದರಿಂದ ಹೆಣ್ಣಿನ ಲೋಹಿತ ಲೇದೆ.,2,2,0.07407407407407407
xlmr,ಲೇ,ಬೀಜ ಲೇಯಿ.,3,0,0.07407407407407407
xlmr,ಲೇ,ಪ್ರಕಾಶ ಲೇದೆ.,3,2,0.07407407407407407
xlmr,ಲೋಭಿ,ಲೋಭಿ ಮನುಷ್ಯ ಸದಾ ತೃಪ್ತ ರಹಿತ.,1,0,1.0
xlmr,ಲೋಭಿ,ಲೋಭಿ ಭಾವನೆ ನಾಶ ಮಾಡುತ್ತದೆ.,1,0,1.0
xlmr,ಲೋಭಿ,ಶಿಕ್ಷೆಯ ಲೋಭಿ ವಿದ್ಯಾರ್ಥಿ.,2,1,1.0
xlmr,ಲೋಭಿ,ಸಫಲತೆ ಲೋಭಿ ಮನುಷ್ಯ.,2,1,1.0
xlmr,ವಹಿಸು,ಸೋವೆಯನ್ನು ವಹಿಸುವುದು ಭಾರೀ.,1,2,-0.2962962962962963
xlmr,ವಹಿಸು,ಹೊರೆ ವಹಿಸಿ ಹೋಗಿ.,1,1,-0.2962962962962963
xlmr,ವಹಿಸು,ರಾಷ್ಟ್ರದ ಜವಾಬ್ದಾರಿ ವಹಿಸುವುದು ಕಷ್ಟ.,2,0,-0.2962962962962963
xlmr,ವಹಿಸು,ಪದ ವಹಿಸಿಕೊಂಡಿರುವ ಅಧಿಕಾರಿ.,2,1,-0.2962962962962963
xlmr,ವಹಿಸು,ಸಂಕಟ ವಹಿಸುವುದು ಧೈರ್ಯದ ಲಕ್ಷಣ.,3,0,-0.2962962962962963
xlmr,ವಹಿಸು,ಹೊತ್ತುಕೊಂಡ ಮನೋವೇದನೆ ವಹಿಸಿ.,3,1,-0.2962962962962963
xlmr,ಸಾಕು,ಇಷ್ಟು ಸಾಕು.,1,2,0.4444444444444444
xlmr,ಸಾಕು,ಹಣ ಸಾಕುದೆ?,1,2,0.4444444444444444
xlmr,ಸಾಕು,ಹಸು ಸಾಕುವುದು ಅಸಾಧಾರಣ.,2,0,0.4444444444444444
xlmr,ಸಾಕು,ಗುರುಗಳನ್ನು ಸಾಕಿದೆ.,2,1,0.4444444444444444
xlmr,ಸಾಕು,ಈ ನೋವು ಸಾಕಲಾರೆ.,3,1,0.4444444444444444
xlmr,ಸಾಕು,ಹೆಚ್ಚು ಅವಮಾನ ಸಾಕಬಾರದು.,3,1,0.4444444444444444
xlmr,ಸಾಧಾರಣ,ಸಾಧಾರಣ ಕುಟುಂಬ ಬದುಕುತ್ತೆ.,1,1,0.0
xlmr,ಸಾಧಾರಣ,ಸಾಧಾರಣ ಮನುಷ್ಯ ಅಸಾಧಾರಣ ಕಾರ್ಯ ಮಾಡಿದನು.,1,1,0.0
xlmr,ಸಾಧಾರಣ,ಸಾಧಾರಣ ಚಿಂತನೆ ಸಕಲ ಜನಕ್ಕು ಅನ್ವಯ.,2,0,0.0
xlmr,ಸಾಧಾರಣ,ಸಾಧಾರಣ ಸತ್ಯ ಪರಿವರ್ತಿತವಾಗಿದೆ.,2,1,0.0
xlmr,ಹಸ್ತ,ತನ್ನ ಹಸ್ತ ಮೆರೆದುಕೊಂಡರು.,1,2,-0.058823529411764705
xlmr,ಹಸ್ತ,ಹಸ್ತ ತೊಳೆಯಿರಿ.,1,0,-0.058823529411764705
xlmr,ಹಸ್ತ,ಬಲಹಸ್ತ ಕಾಲಿದಾಗ ಶಸ್ತ್ರ ಸರಿಸಿ.,1,3,-0.058823529411764705
xlmr,ಹಸ್ತ,ಆನೆಯ ಹಸ್ತ ಅತ್ಯಂತ ಶಕ್ತಿಶಾಳಿ.,2,2,-0.058823529411764705
xlmr,ಹಸ್ತ,ಹಸ್ತದಿಂದ ನೀರು ಕುಡಿಯುತ್ತವೆ.,2,2,-0.058823529411764705
xlmr,ಹಸ್ತ,ಅವನ ಹಸ್ತ ತುಂಬಾ ಸುಂದರವಾಗಿದೆ.,3,0,-0.058823529411764705
xlmr,ಹಸ್ತ,ಈ ಗ್ರಂಥ ಶೇಷಾದ್ರಿಯ ಹಸ್ತದಿಂದ ಬರೆದಿದೆ.,3,1,-0.058823529411764705
xlmr,ಹಸ್ತ,ಸಭೆ ಅವನ ಹಸ್ತದಲ್ಲಿದೆ.,4,2,-0.058823529411764705
xlmr,ಹಸ್ತ,ಆ ಭೂಮಿ ನಿನ್ನ ಹಸ್ತದಲ್ಲಿದೆ.,4,1,-0.058823529411764705
xlmr,ಹಿರಿಯ,ಹಿರಿಯ ವ್ಯಕ್ತಿಯನ್ನು ಸಮ್ಮಾನಿಸಿ.,1,0,0.0
xlmr,ಹಿರಿಯ,ಹಿರಿಯ ಪತ್ನಿ ಶಾಂತಿಮತೆ.,1,0,0.0
xlmr,ಹಿರಿಯ,ಹಿರಿಯ ಅಧಿಕಾರಿ ನಿರ್ದೇಶನ ಮಾಡಿದರು.,2,0,0.0
xlmr,ಹಿರಿಯ,ಹಿರಿಯ ಪದ ಪ್ರಾಪ್ತನಾಗಿ.,2,1,0.0
xlmr,ಹೊಡೆ,ಮೇಜಿನ ಮೇಲೆ ಹೊಡೆಯಿರಿ.,1,0,0.07407407407407407
xlmr,ಹೊಡೆ,ದುರ್ಬಲ ಲೋಕದ ಬೇಡಿ ಹೊಡೆಯುವುದು.,1,0,0.07407407407407407
xlmr,ಹೊಡೆ,ಸರೀ ಪದಾರ್ಥವು ತೋಟದಲ್ಲಿ ಹೊಡೆದನು.,2,1,0.07407407407407407
xlmr,ಹೊಡೆ,ಗಂಡುಸಾಪು ಹೊಡೆಯಿರಿ.,2,2,0.07407407407407407
xlmr,ಹೊಡೆ,ಬೆಲ್ ಹೊಡೆಯಿರಿ.,3,2,0.07407407407407407
xlmr,ಹೊಡೆ,ಮಾಂತ್ರಿಕ ಘಂಟೆ ಹೊಡೆಯುತ್ತಾರೆ.,3,0,0.07407407407407407
xlmr,ಹೋಗು,ಪರೀಕ್ಷೆಗೆ ಹೋಗಿ.,1,0,-0.18867924528301888
xlmr,ಹೋಗು,ನನ್ನ ಕಾರು ಹೋಗುತ್ತಿದೆ.,1,1,-0.18867924528301888
xlmr,ಹೋಗು,"ಮುಂದೆ ಹೋಗಿ, ಜಾರುವುದು ಹೋಗುತ್ತೆ.",2,3,-0.18867924528301888
xlmr,ಹೋಗು,ಕೋಣೆಯಿಂದ ಹೋಗಿ.,2,0,-0.18867924528301888
xlmr,ಹೋಗು,ಅಲೋಕು ಹೋಗಿ.,3,0,-0.18867924528301888
xlmr,ಹೋಗು,ಸೂರ್ಯ ದಿಗಂತದ ಹೆಚ್ಚಿನ ಹೋಗಿ.,3,2,-0.18867924528301888
xlmr,ಹೋಗು,ದಿನ ಸರಿಸರಿ ಹೋಗುತ್ತಿದೆ.,4,1,-0.18867924528301888
xlmr,ಹೋಗು,ವರ್ಷ ಬೇಗ ಹೋದೆ.,4,2,-0.18867924528301888
mbert,ಅರ್ಥ,ಈ ಮಾತುಗಳ ಅರ್ಥ ತೃಪ್ತಿದಾಯಕವಾಗಿದೆ.,1,1,-0.18867924528301888
mbert,ಅರ್ಥ,ಪದದ ಅರ್ಥ ತಿಳಿಸಿ.,1,2,-0.18867924528301888
mbert,ಅರ್ಥ,ಸಭೆ ಅರ್ಥ ಸೂಚಿಸಿದೆ.,2,0,-0.18867924528301888
mbert,ಅರ್ಥ,ಅರ್ಥ ಪಾಲಿಸುವುದು ಅವಶ್ಯಕ.,2,2,-0.18867924528301888
mbert,ಅರ್ಥ,ಯುವಕನ ಅರ್ಥ ಉನ್ನತಿಯಿತು.,3,1,-0.18867924528301888
mbert,ಅರ್ಥ,ಈ ಪ್ರಯೋಗದ ಅರ್ಥ ತಪ್ಪಾದ ವಿಷಯ ಪಕ್ಷೀಕರಿಸುವುದು.,3,3,-0.18867924528301888
mbert,ಅರ್ಥ,ಆ ರತ್ನದ ಅರ್ಥ ತುಂಬಾ ಹೆಚ್ಚು.,4,1,-0.18867924528301888
mbert,ಅರ್ಥ,ಮಾನವ ಜೀವನದ ಅರ್ಥ ಅಮೂಲ್ಯ.,4,3,-0.18867924528301888
mbert,ಕಬ್ಬಿ,ಕಬ್ಬಿ ಬಟ್ಟೆ ಹೊಗಳುವುದಲ್ಲ.,1,2,-0.06060606060606061
mbert,ಕಬ್ಬಿ,ಕಬ್ಬಿ ಚರ್ಮ ಶೇಕಡೆ.,1,0,-0.06060606060606061
mbert,ಕಬ್ಬಿ,ಕಬ್ಬಿ ಮಾತು ಆಘಾತ ಬಿಡುತ್ತದೆ.,2,0,-0.06060606060606061
mbert,ಕಬ್ಬಿ,ಕಬ್ಬಿ ವ್ಯವಹಾರ ನಿಜನಾಗಿ ನೋವಾಗಿಸುತ್ತದೆ.,2,0,-0.06060606060606061
mbert,ಕಬ್ಬಿ,ಕಬ್ಬಿ ಮನುಷ್ಯ ಕಷ್ಟ ಸಹಿಸುತ್ತಾನೆ.,3,0,-0.06060606060606061
mbert,ಕಬ್ಬಿ,ಕಬ್ಬಿ ನಿರ್ಮಾಣ ದೀರ್ಘಸ್ಥಿರ.,3,1,-0.06060606060606061
mbert,ಕರಣ,ಈ ಘಟನೆಯ ಕರಣ ಎಂದರೆ ನಿರ್ಲಕ್ಷ್ಯತೆ.,1,1,-0.25
mbert,ಕರಣ,ಅನಸ್ಥೆಯ ಕರಣ ಕಾರ್ಯಭಾರ ಹೆಚ್ಚು.,1,2,-0.25
mbert,ಕರಣ,ಶಿಕ್ಷಣ ಜೀವನ ಸುಧಾರಣೆಯ ಕರಣ.,2,1,-0.25
mbert,ಕರಣ,ಕರ್ನಮ ಭರತಾವಿಯ ಕರಣಗಳು ಅದ್ಭುತವಾಗಿವೆ.,2,0,-0.25
mbert,ಕರಣ,ಪದವಿನ ಕರಣ ವಿಷಯ ವಿಶ್ಲೇಷಿಸಬೇಕು.,3,2,-0.25
mbert,ಕರಣ,ಅಪರ ಕರಣ ತೆರೆದುಕೊಂಡಿದೆ.,3,0,-0.25
mbert,ಕಾಲ,ಕಾಲ ದ್ರುತವಾಗಿ ಹಾದುಹೋಗಿ.,1,0,0.37623762376237624
mbert,ಕಾಲ,ಮಹಾಭಾರತದ ಕಾಲದಲ್ಲಿ ಅನೇಕ ಯುದ್ಧ ನಡೆದವು.,1,2,0.37623762376237624
mbert,ಕಾಲ,ಅವನ ಎಡ ಕಾಲು ಮುರಿದಿದೆ.,2,1,0.37623762376237624
mbert,ಕಾಲ,ಕಾಲು ನೋವಾಗುತ್ತಿದೆ.,2,1,0.37623762376237624
mbert,ಕಾಲ,ಬೇಸಿಗೆ ಕಾಲ ತುಂಬಾ ಬಿಸಿಯಾಗಿರುತ್ತವೆ.,5,4,0.37623762376237624
mbert,ಕಾಲ,ಮುಂಗಾರು ಕಾಲ ಮೂವೆತ್ತೆ ಅಂದಾಗೆ ಬರುತ್ತದೆ.,5,4,0.37623762376237624
mbert,ಕಾಲ,ಕಾಲ ನೋಡುತ್ತಿರುವುದೇ ಅದು.,3,0,0.37623762376237624
mbert,ಕಾಲ,ಕಾಲದ ಸಮಯ ನಿಗದಿತವಾಗಿದೆ.,3,3,0.37623762376237624
mbert,ಕಾಲ,ಕಾಲ ಬಟ್ಟೆ ಧರಿಸಿ.,4,0,0.37623762376237624
mbert,ಕಾಲ,ಕಾಲ ಮೇಘ ಗಾಳಿ ಬೀಸುತ್ತಿದೆ.,4,0,0.37623762376237624
mbert,ಕಾಲೆ,ಅನ್ನ ಕಾಲೆ ಮಾಡಬೇಡ.,1,1,-0.2962962962962963
mbert,ಕಾಲೆ,ಅವಕಾಶ ಕಾಲೆ ಮಾಡಿದೆ.,1,0,-0.2962962962962963
mbert,ಕಾಲೆ,ಹಣ ಕಾಲೆ ಮಾಡುವುದು ನೀತಿಹೀನ.,2,0,-0.2962962962962963
mbert,ಕಾಲೆ,ಪ್ರತಿಭೆ ಕಾಲೆ ಮಾಡಬೇಡ.,2,1,-0.2962962962962963
mbert,ಕಾಲೆ,ಅಧ್ಯಯನ ಕಾಲೆ ಮಾಡಿದೆ.,3,2,-0.2962962962962963
mbert,ಕಾಲೆ,ಪರಿವಾರ ಕಾಲೆ ಮಾಡುವುದು ಅನುಚಿತ.,3,0,-0.2962962962962963
mbert,ಕಿರಿಯ,ಕಿರಿಯ ಸಮಸ್ಯೆ ಛಿದ್ರ ಪಟ್ಟು.,1,2,0.07407407407407407
mbert,ಕಿರಿಯ,ಕಿರಿಯ ವಿವರಣೆ ಸ್ಪಷ್ಟ.,1,2,0.07407407407407407
mbert,ಕಿರಿಯ,ಕಿರಿಯ ಮಗು ನೆಲೆಯಲ್ಲಿ.,2,0,0.07407407407407407
mbert,ಕಿರಿಯ,ಕಿರಿಯ ವಯಸ್ಸು ಅಮೂಲ್ಯ.,2,2,0.07407407407407407
mbert,ಕಿರಿಯ,ಕಿರಿಯ ಸಹೋದರ ಸಹಾಯಕ.,3,0,0.07407407407407407
mbert,ಕಿರಿಯ,ಕಿರಿಯ ಪದ ತೃಪ್ತ ವೈತನಿಕ.,3,1,0.07407407407407407
mbert,ಕೂಲಿ,ಪರೋಪಕಾರಿ ಉದ್ದೇಶದಿಂದ ಕೂಲಿ ಮಾಡುತ್ತೆ.,1,1,0.07407407407407407
mbert,ಕೂಲಿ,ನೋವಿನಿಂದ ಕೂಲಿ ಮಾಡಿದಾಳು.,1,0,0.07407407407407407
mbert,ಕೂಲಿ,ಮಗುವನ್ನು ಕೂಲಿ ಮಾಡಿ.,2,0,0.07407407407407407
mbert,ಕೂಲಿ,ನನ್ನನ್ನು ಕೂಲಿ ಮಾಡಿದಾಳು.,2,0,0.07407407407407407
mbert,ಕೂಲಿ,ಪಾರ್ಟಿಗೆ ಮಹತ್ತರ ಕೂಲಿ ಮಾಡಿದೆ.,3,1,0.07407407407407407
mbert,ಕೂಲಿ,ನಿನ್ನ ಸ್ನೇಹಿತರನ್ನು ಕೂಲಿ ಮಾಡೋ.,3,2,0.07407407407407407
mbert,ಕೊಡು,ಆನೆಗೆ ಒಣಹೂವು ಕೊಡಿ.,1,0,0.2222222222222222
mbert,ಕೊಡು,ನನಗೆ ನೀರು ಕೊಡಿ.,1,0,0.2222222222222222
mbert,ಕೊಡು,ದೇವರಿಗೆ ಹೂವು ಕೊಡುವುದು ಸಂಪ್ರದಾಯ.,2,2,0.2222222222222222
mbert,ಕೊಡು,ಅತಿಥಿಗೆ ಆಸನ ಕೊಡಿ.,2,0,0.2222222222222222
mbert,ಕೊಡು,ಶತ್ರುವಿಗೆ ಭೀಷಣ ಪ್ರಹಾರ ಕೊಡುತ್ತೆ.,3,3,0.2222222222222222
mbert,ಕೊಡು,ತೊಡೆಯಿಂದ ಥಳಿ ಕೊಟ್ಟನಳೆ.,3,0,0.2222222222222222
mbert,ಕೊಡು,ಗಿರುಗಳ ಹಾಕುಮಾರಿ ಬೆಳ್ಳಳಿ ಕೊಡುತ್ತವೆ.,4,1,0.2222222222222222
mbert,ಕೊಡು,ಕ್ಷೇತ್ರ ಸಂಪೂರ್ಣ ಫಸಲಿ ಕೊಡುತ್ತಿದೆ.,4,1,0.2222222222222222
mbert,ಗಟ್ಟ,ಗಟ್ಟ ಕಲ್ಲು ಚಾಪುತ್ತಾರೆ.,1,2,-0.06060606060606061
mbert,ಗಟ್ಟ,ಮಜ್ಜಿಗೆ ಗಟ್ಟ ಕಕ್ಷ.,1,0,-0.06060606060606061
mbert,ಗಟ್ಟ,ಗುರುವು ಗಟ್ಟ ಆಜ್ಞೆಕಾರಿ.,2,0,-0.06060606060606061
mbert,ಗಟ್ಟ,ಗಟ್ಟ ನಿಯಮ ಪಾಲಿಸುತ್ತಾರೆ.,2,1,-0.06060606060606061
mbert,ಗಟ್ಟ,ಗಟ್ಟ ಸಮಸ್ಯೆ ಎದುರಾಗಿದೆ.,3,0,-0.06060606060606061
mbert,ಗಟ್ಟ,ಗಟ್ಟ ಅನುಸಾರ ನೋವು.,3,0,-0.06060606060606061
mbert,ಗುರುತ್ವ,ಗುರುತ್ವ ಕಾಚು ಕೆಲಸ.,1,0,0.4444444444444444
mbert,ಗುರುತ್ವ,ಗುರುತ್ವ ಸಮಸ್ಯೆ ಪರಿಹಾರ.,1,0,0.4444444444444444
mbert,ಗುರುತ್ವ,ಗುರುತ್ವ ನಿರ್ಧಾರ ಕೆಳಗಿಳಿಸಲಾಯಿತು.,2,1,0.4444444444444444
mbert,ಗುರುತ್ವ,ಗುರುತ್ವ ಕಾರ್ಯಭಾರ ತಿಳಿಸಲಾಯಿತು.,2,1,0.4444444444444444
mbert,ಗುರುತ್ವ,ಗುರುತ್ವ ಸಂಜೆಯಲ್ಲಿ ಆರಾಧನೆ.,3,2,0.4444444444444444
mbert,ಗುರುತ್ವ,ಗುರುತ್ವ ನೀತಿ ಅನುಷ್ಠಾನ.,3,0,0.4444444444444444
mbert,ಚಕ್ರ,ರಥದ ಚಕ್ರ ಭಾರೀ ಮರದಿಂದ ತಯಾರಾಗಿದೆ.,1,1,0.33962264150943394
mbert,ಚಕ್ರ,ಮೊಟೊರಿನ ಚಕ್ರ ತಿರುಗುತ್ತಿದೆ.,1,1,0.33962264150943394
mbert,ಚಕ್ರ,ಜೀವನದ ಚಕ್ರ ಮುಂದುವರಿದುಕೊಂಡಿದೆ.,2,2,0.33962264150943394
mbert,ಚಕ್ರ,ಋತುಗಳ ಚಕ್ರ ಪುನರಾವೃತ್ತಿಯಾಗುತ್ತಿದೆ.,2,2,0.33962264150943394
mbert,ಚಕ್ರ,ಯೋಗದಲ್ಲಿ ಆಚ್ಠ ಚಕ್ರಗಳು ಮುಖ್ಯ.,3,0,0.33962264150943394
mbert,ಚಕ್ರ,ಹೃದಯ ಚಕ್ರ ಸಕ್ರಿಯಗೊಳಿಸುತ್ತಾರೆ.,3,3,0.33962264150943394
mbert,ಚಕ್ರ,ಕೃಷ್ಣನ ಚಕ್ರ ವೈಷ್ಣವ ಅಸ್ತ್ರ.,4,0,0.33962264150943394
mbert,ಚಕ್ರ,ಸುದರ್ಶನ ಚಕ್ರ ಸಕಲವನ್ನು ನಾಶಮಾಡುತ್ತಿದೆ.,4,1,0.33962264150943394
mbert,ಚಿತ್ರ,ಆ ಚಿತ್ರ ನೈಜತ್ವವನ್ನು ಪ್ರತಿಬಿಂಬಿಸುತ್ತದೆ.,1,0,-0.20689655172413793
mbert,ಚಿತ್ರ,ಚಿತ್ರ ತೆಗೆಯಬೇಕೆ?,1,1,-0.20689655172413793
mbert,ಚಿತ್ರ,ಸಮಾಜದಲ್ಲಿ ಅನೇಕ ಚಿತ್ರ ಜನತೆ ವಾಸ ಮಾಡುತ್ತಾರೆ.,2,2,-0.20689655172413793
mbert,ಚಿತ್ರ,ಈ ಕಾದಂಬರಿಯು ಚಿತ್ರವಾದ ಪ್ರಕರಣಗಳನ್ನು ಹೊಂದಿದೆ.,2,3,-0.20689655172413793
mbert,ಚಿತ್ರ,ಆ ಚಿತ್ರ ಘಟನೆ ಕೇಳಲು ಅದ್ಭುತವಾಗಿದೆ.,3,0,-0.20689655172413793
mbert,ಚಿತ್ರ,ಚಿತ್ರವಾದ ಸಂಗತಿ ಸಂಭವಿಸಿದೆ.,3,2,-0.20689655172413793
mbert,ಚಿತ್ರ,ರವಿಶಂಕರ ಸುಂದರ ಚಿತ್ರ ಸೃಷ್ಟಿಸುತ್ತಾರೆ.,4,2,-0.20689655172413793
mbert,ಚಿತ್ರ,ಈ ಚಿತ್ರ ಶಿಲ್ಪ ಅಸಾಧಾರಣ ಕಾದಂಬರಿ.,4,0,-0.20689655172413793
mbert,ಜಲ,ನೀರಾಯ ಜಲ ಕುಡಿಯಿರಿ.,1,0,0.24242424242424243
mbert,ಜಲ,ಜಲ ಬೆಳಗಿನ ಬಿಸಿಯಲ್ಲಿ ಕುದಿಯುತ್ತಿದೆ.,1,0,0.24242424242424243
mbert,ಜಲ,ತೈಲಜಲ ಸಲ್ಯ ಹೀಲಿಂಗಿಗೆ ಉಪಯುಕ್ತ.,2,2,0.24242424242424243
mbert,ಜಲ,ಕಷಾಯ ಜಲ ಔಷಧ.,2,1,0.24242424242424243
mbert,ಜಲ,ಜಲದಲ್ಲಿ ಬೆನ್ನು ಬದ್ಧವಾಗುತ್ತಿದೆ.,3,0,0.24242424242424243
mbert,ಜಲ,ಜಲ ತೂರುವ ಹೀನಾಭಿಮಾನ ನಿವಾರಿಸುವುದು ಕಷ್ಟ.,3,0,0.24242424242424243
mbert,ತೆಗೆ,ನನ್ನ ಹಸ್ತ ತೆಗೆ.,1,0,0.0
mbert,ತೆಗೆ,ಹಾಕುಮಾರಿಗೆ ನಕ್ಷತ್ರ ತೆಗೆದು ಕೊಟ್ಟರು.,1,1,0.0
mbert,ತೆಗೆ,ಹೋಗಿ ಮೇಲಿನ ತಗರು ತೆಗೆದುಕೊ.,2,1,0.0
mbert,ತೆಗೆ,ಕಂಕುದಿಂದ ಮುಖ್ಯ ಕೆಲಸ ತೆಗೆದುಕೊ.,2,2,0.0
mbert,ತೆಗೆ,ನೆಲದಿಂದ ಪಿಸು ತೆಗೆದುಕೊ.,3,1,0.0
mbert,ತೆಗೆ,ಹೊರಗಿನ ಸೂಪ ತೆಗೆದುಕೊಂಡೆ.,3,1,0.0
mbert,ತೆಗೆ,ಗುರಿನೆ ಬಾರಣವನ್ನು ತೆಗೆದುಕೊಳ್ಳಿ.,4,3,0.0
mbert,ತೆಗೆ,ಪ್ರಾಣಿ ಪರೀಕ್ಷೆಯಲ್ಲಿ ತೆಗೆದುಕೊಂಡರು.,4,2,0.0
mbert,ಧರಣಿ,ಧರಣಿ ಭ್ರಮಿಸುತ್ತಾ ಇರುತ್ತದೆ.,1,2,-0.06060606060606061
mbert,ಧರಣಿ,ಧರಣಿಯ ಮೇಲೆ ಮಿಲಿಯನ ಜನ ವಾಸ ಮಾಡುತ್ತಾರೆ.,1,0,-0.06060606060606061
mbert,ಧರಣಿ,ಈ ಕೋಟೆಯ ಧರಣಿ ಕಲ್ಲಿನಿಂದ ಕೆತ್ತಿರುವುದು.,2,0,-0.06060606060606061
mbert,ಧರಣಿ,ಮನೆಯ ಧರಣಿ ಬಲಾಗಿರುವುದು ಅಗತ್ಯ.,2,0,-0.06060606060606061
mbert,ಧರಣಿ,ಪುಷ್ಪಗಳ ಧರಣಿ ಸುವಾಸಿತವಾಗಿರುತ್ತವೆ.,3,1,-0.06060606060606061
mbert,ಧರಣಿ,ಧರಣಿ ಇಳಿಪಡಿಸುವ ಪದಾರ್ಥ.,3,0,-0.06060606060606061
mbert,ಧರಿಸು,ಹೊಸ ಬಟ್ಟೆ ಧರಿಸಿ.,1,2,0.4444444444444444
mbert,ಧರಿಸು,ಮುಖವಾಣಿ ಧರಿಸಿ.,1,2,0.4444444444444444
mbert,ಧರಿಸು,ಅಸ್ತ್ರ ಧರಿಸಿ ಯುದ್ಧಕ್ಕೆ ಬಂದರು.,2,0,0.4444444444444444
mbert,ಧರಿಸು,ಮಾದರಿ ಧರಿಸಿ ಹೋಗುತ್ತೆ.,2,0,0.4444444444444444
mbert,ಧರಿಸು,ಭೂಮಿಯ ಸಾಕಷ್ಟು ಸೋಂಕುಗಳನ್ನು ಧರಿಸಿದೆ.,3,0,0.4444444444444444
mbert,ಧರಿಸು,ಕುಟುಂಬದ ನೈತಿಕ ಧರಿಸುವುದು ಅವಶ್ಯಕ.,3,1,0.4444444444444444
mbert,ನಕಲಿ,ಆ ನಕಲಿ ಚಿತ್ರ ಅಸಾಧಾರಣ ಸಿದ್ಧಿ.,1,1,0.4444444444444444
mbert,ನಕಲಿ,ನಕಲಿ ಪಾಸ್‌ಪೋರ್ಟ್ ಜರಿಮಾನೆಗೆ ಸಾಧ್ಯ.,1,0,0.4444444444444444
mbert,ನಕಲಿ,ನಕಲಿ ಸಾಕ್ಷ್ಯ ನ್ಯಾಯಾಲಯದ ವಿರುದ್ಧ ರಿವಾಜು.,2,2,0.4444444444444444
mbert,ನಕಲಿ,ನಕಲಿ ವಾದ್ಯತೆ ನಿಖಿಲ ಎಲೆ ಪ್ರತಿ.,2,2,0.4444444444444444
mbert,ನಕಲಿ,ನಕಲಿ ನಾಣ್ಯ ಸಾಕಷ್ಟು ಪರಿಚಿತವಾಗಿದೆ.,3,0,0.4444444444444444
mbert,ನಕಲಿ,ನಕಲಿ ವಸ್ತುವನ್ನು ವಿಕ್ರಯ ಮಾಡುವುದು ಅಪರಾಧ.,3,0,0.4444444444444444
mbert,ನೀಡ,ಪಕ್ಷಿಯ ನೀಡ ವೃಕ್ಷದ ಮೇಲೆ ಇದೆ.,1,1,0.4444444444444444
mbert,ನೀಡ,ಸೂಕನಲ್ಲಿ ನೀಡ ತಿರಿಯುತ್ತೆ.,1,1,0.4444444444444444
mbert,ನೀಡ,ಬೆಕೆಲೆಗಾಗಿ ಪರಿವಾರದ ನೀಡ ನಿರ್ಮಾಣ ಮಾಡಿದರು.,2,1,0.4444444444444444
mbert,ನೀಡ,ಹೊಸ ನೀಡಕ್ಕೆ ಸ್ವಾಗತ.,2,2,0.4444444444444444
mbert,ನೀಡ,ಪ್ರಭುನ ನೀಡ ನೀತಿಸೋಪಾನದಲ್ಲಿ.,3,0,0.4444444444444444
mbert,ನೀಡ,ಆತ್ಮನ ಚಿರಂತನ ನೀಡ ಅತೀಂದ್ರಿಯ.,3,0,0.4444444444444444
mbert,ನೀಲ,ನೀಲ ಆಕಾಶ ಮೋಹಕ.,1,2,0.07407407407407407
mbert,ನೀಲ,ನೀಲ ವಸ್ತ್ರ ಸುಂದರವಾಗಿದೆ.,1,0,0.07407407407407407
mbert,ನೀಲ,ನೀಲ ಸಂಜೆ ಬರುತ್ತಿದೆ.,2,0,0.07407407407407407
mbert,ನೀಲ,ನೀಲ ಮೋಹೆ ಅಂಧಕಾರ.,2,1,0.07407407407407407
mbert,ನೀಲ,ನೀಲ ಗಿಳಿ ಮಂಡಿರದ ಸ್ಕಂಧ.,3,1,0.07407407407407407
mbert,ನೀಲ,ನೀಲ ರಂಗು ಧೌತ ಸಂಭೋಗ.,3,1,0.07407407407407407
mbert,ನೇತೃತ್ವ,ಪಾರ್ಥ ಸೈನ್ಯವನ್ನು ನೇತೃತ್ವ ಮಾಡಿದರು.,1,1,0.07407407407407407
mbert,ನೇತೃತ್ವ,ಈ ಪ್ರಯೋಗದಲ್ಲಿ ನಾನು ನೇತೃತ್ವ ಮಾಡುತ್ತೇನೆ.,1,2,0.07407407407407407
mbert,ನೇತೃತ್ವ,ಶಿಲ್ಪಿ ಸಂಗೀತವನ್ನು ನೇತೃತ್ವ ಮಾಡಿದರು.,2,1,0.07407407407407407
mbert,ನೇತೃತ್ವ,ಆರ್ಕೆಸ್ಟ್ರಾ ನೇತೃತ್ವ ಮಾಡುವುದು ಕಾಂಡಕ್ಟರ್‌ನ ಕೆಲಸ.,2,0,0.07407407407407407
mbert,ನೇತೃತ್ವ,ಸಂಸ್ಥೆಯನ್ನು ನೇತೃತ್ವ ಮಾಡುವ ಜವಾಬ್ದಾರಿ.,3,0,0.07407407407407407
mbert,ನೇತೃತ್ವ,ಯುವಕನು ಕಂಪನಿ ನೇತೃತ್ವ ಮಾಡಿದನು.,3,0,0.07407407407407407
mbert,ನೋಡು,ಆಕಾಶ ನೋಡಿ.,1,1,0.2222222222222222
mbert,ನೋಡು,ಒಟ್ಟಿಗೆ ಏನು ನೋಡುತ್ತೀಯ?,1,2,0.2222222222222222
mbert,ನೋಡು,ಸಿನೆಮಾ ನೋಡುವುದು ಆನಂದ.,2,0,0.2222222222222222
mbert,ನೋಡು,ಕಡಿಮೆ ಮಾರುಕಟ್ಟೆ ನೋಡೊಳ್ಳಿ.,2,1,0.2222222222222222
mbert,ನೋಡು,ನನ್ನ ಸ್ನೇಹಿತ ನೀಡೆ ನೋಡುತ್ತೆ.,3,3,0.2222222222222222
mbert,ನೋಡು,ರಾತ್ರಿ ನಿಮ್ಮನ್ನು ನೋಡುತ್ತೇನೆ.,3,3,0.2222222222222222
mbert,ನೋಡು,ಸರಿಪೊತ್ತು ನೋಡಿ.,4,1,0.2222222222222222
mbert,ನೋಡು,ಚಿಕಿತ್ಸಕ ರೋಗಿಯನ್ನು ನೋಡಿದರು.,4,1,0.2222222222222222
mbert,ಪುಲ,ನದಿಯ ಮೇಲೆ ಹೊಸ ಪುಲ ನಿರ್ಮಾಣವಾಗುತ್ತಿದೆ.,1,2,-0.06060606060606061
mbert,ಪುಲ,ಪುಲ ದಾಟಿ ಹೋಗಿ.,1,1,-0.06060606060606061
mbert,ಪುಲ,ಬೆಸೆಯ ಪುಲ ಚೆಂದ ಸುವಾಸಿತವಾಗಿರುತ್ತವೆ.,2,0,-0.06060606060606061
mbert,ಪುಲ,ಹೂವಿನ ಪುಲ ನೋಡು.,2,1,-0.06060606060606061
mbert,ಪುಲ,ನವೆಂಬರ್ ಅವರಿಗೆ ಪುಲದ ತೂಟು ಕೊಟ್ಟರು.,3,1,-0.06060606060606061
mbert,ಪುಲ,ಮದುವೆಯ ಸಮಯದಲ್ಲಿ ಸುಂದರ ಪುಲದ ತೂಟು ನೋಡಲಾಯಿತು.,3,1,-0.06060606060606061
mbert,ಪೆರೆಲೆ,ಸೂರ್ಯನ ಪೆರೆಲೆ ಬೀಸುತ್ತಿದೆ.,1,1,0.07407407407407407
mbert,ಪೆರೆಲೆ,ಮರದ ಪೆರೆಲೆಯಲ್ಲಿ ಕುಳಿತುಕೊಂಡೆ.,1,1,0.07407407407407407
mbert,ಪೆರೆಲೆ,ನೀರಿನಲ್ಲಿ ಮುಖದ ಪೆರೆಲೆ ಕಾಣುತ್ತಿದೆ.,2,1,0.07407407407407407
mbert,ಪೆರೆಲೆ,ಕನ್ನಡ ಸಂಸ್ಕೃತಿಯ ಪೆರೆಲೆ ಲೋಕವೆಲ್ಲಾ ಪಡೆದೆ.,2,2,0.07407407407407407
mbert,ಪೆರೆಲೆ,ಆತನ ಮೇಲೆ ನಿರ್ದೋಷತೆಯ ಪೆರೆಲೆಯೂ ಇಲ್ಲ.,3,2,0.07407407407407407
mbert,ಪೆರೆಲೆ,ಪೆರೆಲೆ ಪರಿಚಯ ನಾಶ ಮಾಡುತ್ತದೆ.,3,0,0.07407407407407407
mbert,ಪ್ರಭು,ಸೋಮನಾಥ ತನ್ನ ಗುಲಾಮನ ಪ್ರಭು.,1,0,0.24242424242424243
mbert,ಪ್ರಭು,ಪ್ರಭುವಿನ ಆದೇಶ ಪಾಲಿಸಲೇಬೇಕು.,1,0,0.24242424242424243
mbert,ಪ್ರಭು,ಪ್ರಭುವೆ ನಮ್ಮನ್ನು ರಕ್ಷಿಸಿ.,2,0,0.24242424242424243
mbert,ಪ್ರಭು,ಪ್ರಭುವಿನ ಕೃಪೆ ಅಪರಿಸೀಮ.,2,0,0.24242424242424243
mbert,ಪ್ರಭು,ರವಿ ಪ್ರಭುಗಳು ಮುಖ್ಯ ಅಧಿಕಾರಿ.,3,1,0.24242424242424243
mbert,ಪ್ರಭು,ಪ್ರಭುಗಳ ನಿರ್ದೇಶನ ನೋಡಿ ಕೆಲಸ ಮಾಡಿ.,3,2,0.24242424242424243
mbert,ಪ್ರೀತಿ,ಪ್ರೀತಿ ಭಾರ್ಯೆ ಮನೆಯ ಸಿಂದೂರ.,1,2,-0.06060606060606061
mbert,ಪ್ರೀತಿ,ಪ್ರೀತಿ ಭಿತಿಜ ಅವನ ಪ್ರಿಯೆ.,1,1,-0.06060606060606061
mbert,ಪ್ರೀತಿ,ಪ್ರೀತಿ ವಿಷಯ ಶಾಸ್ತ್ರ.,2,0,-0.06060606060606061
mbert,ಪ್ರೀತಿ,ಪ್ರೀತಿ ಔಷಧ ಇಂದ್ರಿಯ.,2,1,-0.06060606060606061
mbert,ಪ್ರೀತಿ,ಪ್ರೀತಿ ಸುಗಂಧ ಹೃದಯ.,3,1,-0.06060606060606061
mbert,ಪ್ರೀತಿ,ಪ್ರೀತಿ ಸಂವಾದ ಆನಂದ.,3,1,-0.06060606060606061
mbert,ಬರು,ನಾಳೆ ನನ್ನ ಮನೆಗೆ ಬಾರು.,1,1,0.0
mbert,ಬರು,ಕಡಿಮೆ ಕರೆ ಸುಗಿಕೊ ಬರುತ್ತೆ.,1,2,0.0
mbert,ಬರು,ರೈಲು ಸಮಯಕ್ಕೆ ಬರುತ್ತಿದೆ.,2,2,0.0
mbert,ಬರು,ಮೇಲಿನ ಸಿಡಿ ಹಠಾತ್ತು ಬರುತ್ತೆ.,2,2,0.0
mbert,ಬರು,ಇದೇ ಆಕಸ್ಮಾತ್ ಘಟನೆ ಕಾಲೇ ಕಾಲೇ ಬರುತ್ತದೆ.,3,0,0.0
mbert,ಬರು,ಶೀತ ಋತುವು ಬರುತ್ತಿದೆ.,3,3,0.0
mbert,ಬರು,ಅವನು ಅರಸನಾಗಿ ಬರುತ್ತೀಯ.,4,2,0.0
mbert,ಬರು,ನೀ ಶಕ್ತಿಶಾಳಿಯಾಗಿ ಬರಿ.,4,1,0.0
mbert,ಬಾಗ,ಪುಷ್ಪಬಾಗ ಅತ್ಯಂತ ಸುಂದರವಾಗಿದೆ.,1,0,0.07407407407407407
mbert,ಬಾಗ,ತರಕಾರಿ ಬಾಗದಲ್ಲಿ ಸೋಂಕು ಹಿಡಿದಿದೆ.,1,2,0.07407407407407407
mbert,ಬಾಗ,ಸಂಪತ್ತಿನಿಂದ ಪ್ರತಿಯೊಬ್ಬರ ಬಾಗ ನಿರ್ಧರಿಸಿ.,2,1,0.07407407407407407
mbert,ಬಾಗ,ನನ್ನ ಬಾಗ ನಿಗದಿತವಾಗಿ ಇದೆ.,2,1,0.07407407407407407
mbert,ಬಾಗ,ಬೆಂಗಳೂರು ಉತ್ತರ ಬಾಗದಲ್ಲಿ ಸ್ಥಿತವಾಗಿದೆ.,3,2,0.07407407407407407
mbert,ಬಾಗ,ನಗರದ ಪಶ್ಚಿಮ ಬಾಗ ಸಾಕಷ್ಟು ಅಭಿವೃದ್ಧಿಯಾಗಿದೆ.,3,1,0.07407407407407407
mbert,ಬೀಜ,ತರಕಾರಿಯ ಬೀಜ ಲೋಳೆ.,1,2,0.4444444444444444
mbert,ಬೀಜ,ಬೀಜ ಬಿತ್ತಬೇಕು ವರ್ಷ ಸುಮಾರು.,1,1,0.4444444444444444
mbert,ಬೀಜ,ಆ ಕಲುಷತೆಯ ಬೀಜ ಕುರೂರತೆ.,2,0,0.4444444444444444
mbert,ಬೀಜ,ಚಿಂತೆ ಎಲ್ಲ ಸಮಸ್ಯೆಯ ಬೀಜ.,2,0,0.4444444444444444
mbert,ಬೀಜ,ಗುರುವು ಗುಪ್ತ ಬೀಜ ಪ್ರದಾನ ಮಾಡಿದರು.,3,1,0.4444444444444444
mbert,ಬೀಜ,ಈ ಯಂತ್ರದ ಬೀಜ ತಿಳಿದರೆ ಸಾಧನೆ ಮಾಡಬಹುದು.,3,1,0.4444444444444444
mbert,ಬೆಳೆ,ಮಗು ಬೆಳೆಯುತ್ತಿದೆ.,1,0,-0.06060606060606061
mbert,ಬೆಳೆ,ಆತನ ಉತ್ತರ ದಾಯಿತ್ವ ಬೆಳೆಯುತ್ತಿದೆ.,1,0,-0.06060606060606061
mbert,ಬೆಳೆ,ಅನ್ನ ಬೆಳೆಯುವುದು ರೈತಿಕೆಯ ಪ್ರಧಾನ ಕೆಲಸ.,2,0,-0.06060606060606061
mbert,ಬೆಳೆ,ತರಕಾರಿ ಬೆಳೆಯಿರಿ.,2,1,-0.06060606060606061
mbert,ಬೆಳೆ,ಮಗುವಿನ ಮನ ಬೆಳೆಯುವುದು ಮುಖ್ಯ.,3,0,-0.06060606060606061
mbert,ಬೆಳೆ,ಶಕ್ತಿ ಬೆಳೆಸಿ.,3,2,-0.06060606060606061
mbert,ಬೋಳ,ಬೋಳ ಕಾಲೆ ಅವನು ಕೆಟ್ಟ ಪರಿಣಾಮ ಮಾಡಿದನು.,1,0,0.34782608695652173
mbert,ಬೋಳ,ಬೋಳ ವಿಚಾರಣೆ ಅಸಮರ್ಥನನ್ನು ಸೂಚಿಸುತ್ತದೆ.,1,0,0.34782608695652173
mbert,ಬೋಳ,ಬೋಳ ಮಸ್ತಿಷ್ಕ ಶಿಕ್ಷೆ ಪಡೆಯಲು ಸಾಧ್ಯ.,2,0,0.34782608695652173
mbert,ಬೋಳ,ಬೋಳ ಸಮಝಿಸುವ ಶಕ್ತಿ ಕ್ಷೀಣ.,2,0,0.34782608695652173
mbert,ಬೋಳ,ಈ ಬೋಳ ಬಟ್ಟೆ ಹಾಕುವೆ ಅದೇ.,3,2,0.34782608695652173
mbert,ಬೋಳ,ಆ ಬೋಳ ಕುರುಡೆ ಹಾಗೆ ಕೆಲಸ ಮಾಡುತ್ತಾನೆ.,3,2,0.34782608695652173
mbert,ಬೋಳ,Diverse contexts for each sense,3,1,0.34782608695652173
mbert,ಬೋಳ,"Mix of everyday, literary, and formal usage",3,1,0.34782608695652173
mbert,ಬೋಳ,Real-world applicability,3,1,0.34782608695652173
mbert,ಭಕ್ತ,ಕೃಷ್ಣನ ಭಕ್ತರು ಕೋವಿಲಿಗೆ ಸೆರೆದುಬಂದರು.,1,0,-0.06060606060606061
mbert,ಭಕ್ತ,ಆ ಗುರುವಿನ ಭಕ್ತ ತುಂಬಾ ಆಸ್ಥೆಗಳುದ್ದ.,1,2,-0.06060606060606061
mbert,ಭಕ್ತ,ಅರಸನ ಭಕ್ತರು ನಿರ್ದೇಶ ಪಾಲಿಸಿದರು.,2,0,-0.06060606060606061
mbert,ಭಕ್ತ,ಭಕ್ತರನ್ನು ಸಮ್ಮಾನಿಸಿ.,2,1,-0.06060606060606061
mbert,ಭಕ್ತ,ಪ್ರಭುದ ಭಕ್ತರು ಧರ್ಮವನ್ನು ಪೋಷಿಸಿದರು.,3,0,-0.06060606060606061
mbert,ಭಕ್ತ,ನಿಜನಾದ ಭಕ್ತರು ಸತ್ತರನ್ನು ಒಂದೆಡೆ ಮಾಡುತ್ತಾರೆ.,3,0,-0.06060606060606061
mbert,ಮಾಡು,ಚಿತ್ರ ಸೃಷ್ಟಿ ಮಾಡಿ.,1,1,0.04
mbert,ಮಾಡು,ಕಟಣೆ ಮಾಡುತ್ತೇನೆ.,1,4,0.04
mbert,ಮಾಡು,ಕೆಲಸ ಮಾಡಿ.,2,1,0.04
mbert,ಮಾಡು,ಸಹಾಯ ಮಾಡಿ.,2,1,0.04
mbert,ಮಾಡು,ಆಹಾರ ಮಾಡುತ್ತೇನೆ.,3,0,0.04
mbert,ಮಾಡು,ಬಾರ ಮಾಡುವುದು ಪುರಸ್ಕಾರ.,3,2,0.04
mbert,ಮಾಡು,ಸಮಸ್ಯೆ ಮಾಡಿದೆ.,4,1,0.04
mbert,ಮಾಡು,ಕೆಸರು ಮಾಡುವುದು ಸುಗಮ.,4,3,0.04
mbert,ಮಾಡು,ರೋಗಿಯನ್ನು ಸರಿಯಾಗಿ ಮಾಡಿ.,5,1,0.04
mbert,ಮಾಡು,ಸಮಸ್ಯೆಯನ್ನು ಸರಿಯಾಗಿ ಮಾಡಬೇಕು.,5,1,0.04
mbert,ಮಾತು,ನನ್ನ ಮಾತು ಆಲಿಸಿ.,1,2,0.034482758620689655
mbert,ಮಾತು,ಆ ಮಾತು ನಿಜವಾಗಿದೆ.,1,2,0.034482758620689655
mbert,ಮಾತು,"ಮಾತುಗಳ ಅರ್ಥ ಅಲ್ಲ, ಭಾವ ಪ್ರಮುಖ.",1,2,0.034482758620689655
mbert,ಮಾತು,ಇದು ಗಮನಾರ್ಹ ಮಾತು.,2,2,0.034482758620689655
mbert,ಮಾತು,ಆ ಮಾತಿನ ಬಗ್ಗೆ ಮಾತನಾಡಬೇಡ.,2,1,0.034482758620689655
mbert,ಮಾತು,ಕ್ರೀಡಾ ಮಾತು ಈತನಿಗೆ ಆಸಕ್ತಿ.,2,2,0.034482758620689655
mbert,ಮಾತು,ಪಟ್ಟಣದಲ್ಲಿ ಸಾಕಷ್ಟು ಮಾತು ಆಗಿದೆ.,3,0,0.034482758620689655
mbert,ಮಾತು,ತಲೆಕೆಳಿತ ಮಾತು ನಂಬಬೇಡ.,3,2,0.034482758620689655
mbert,ಮುಕ್ತ,ಕೈದಿ ಮುಕ್ತನಾದನು.,1,2,-0.2962962962962963
mbert,ಮುಕ್ತ,ಮುಕ್ತ ಮನೋಭಾವ ಅಗತ್ಯ.,1,0,-0.2962962962962963
mbert,ಮುಕ್ತ,ಬಂಧನೆಯಿಂದ ಮುಕ್ತನಾದನು.,2,2,-0.2962962962962963
mbert,ಮುಕ್ತ,ಇಲಿಯನ್ನು ಮುಕ್ತ ಮಾಡಿ.,2,1,-0.2962962962962963
mbert,ಮುಕ್ತ,ಪ್ರಾಣಿ ಮೋಕ್ಷದಿಂದ ಮುಕ್ತನಾದನು.,3,2,-0.2962962962962963
mbert,ಮುಕ್ತ,ಶರೀರದ ಬಂಧನೆಯಿಂದ ಮುಕ್ತ ಪುರುಷ.,3,0,-0.2962962962962963
mbert,ರಸ,ಆ ಅನ್ನದ ರಸ ಅತ್ಯಂತ ಸುಮಾರು.,1,4,0.019801980198019802
mbert,ರಸ,ಲೆಮೆನ್ ರಸ ಅಮ್ಲೀಯವಾಗಿರುತ್ತದೆ.,1,2,0.019801980198019802
mbert,ರಸ,ಹಣ್ಣಿನ ರಸ ಮಿಠಾಗಿರುತ್ತದೆ.,2,2,0.019801980198019802
mbert,ರಸ,ಗೆಜ್ಜಿನ ರಸ ಸೋಯಿ ರಸ ಹೊಂದಿಕೆ.,2,0,0.019801980198019802
mbert,ರಸ,ಕವಿತೆಯಲ್ಲಿ ಭಿನ್ನ ರಸಗಳು ಇವೆ.,3,1,0.019801980198019802
mbert,ರಸ,ಶೃಂಗಾರ ರಸ ಸಂಗೀತದಲ್ಲಿ ಪ್ರಕಾಶಿತವಾಗುತ್ತದೆ.,3,3,0.019801980198019802
mbert,ರಸ,ದೇವತೆಗಳು ಅಮೃತ ರಸ ಕುಡಿದರು.,4,1,0.019801980198019802
mbert,ರಸ,ರೇಸ ರಸದ ಎಳೆ ಮಧುರ.,4,0,0.019801980198019802
mbert,ರಸ,ನಟನ ಅಭಿನಯ ರಸವನ್ನು ಹೃದಯಕ್ಕೆ ಸೇರಿಸುತ್ತದೆ.,5,1,0.019801980198019802
mbert,ರಸ,ಕ್ಷಿತಿಜರ ನೃತ್ಯ ಏಕ ರಸದಿಂದ ತುಂಬಿತ್ತು.,5,1,0.019801980198019802
mbert,ಲೇ,ನೀರು ಲೇಯಿ.,1,1,0.07407407407407407
mbert,ಲೇ,ಆ ಸೂಪಿಗೆ ಈ ದ್ರವ್ಯ ಲೇಯಿ.,1,2,0.07407407407407407
mbert,ಲೇ,ಟೇಬಿಲ್ ಮೇಲೆ ನೀರು ಲೇದೆ.,2,0,0.07407407407407407
mbert,ಲೇ,ಹೊಡೆದಿದ್ದರಿಂದ ಹೆಣ್ಣಿನ ಲೋಹಿತ ಲೇದೆ.,2,0,0.07407407407407407
mbert,ಲೇ,ಬೀಜ ಲೇಯಿ.,3,1,0.07407407407407407
mbert,ಲೇ,ಪ್ರಕಾಶ ಲೇದೆ.,3,0,0.07407407407407407
mbert,ಲೋಭಿ,ಲೋಭಿ ಮನುಷ್ಯ ಸದಾ ತೃಪ್ತ ರಹಿತ.,1,1,0.0
mbert,ಲೋಭಿ,ಲೋಭಿ ಭಾವನೆ ನಾಶ ಮಾಡುತ್ತದೆ.,1,1,0.0
mbert,ಲೋಭಿ,ಶಿಕ್ಷೆಯ ಲೋಭಿ ವಿದ್ಯಾರ್ಥಿ.,2,0,0.0
mbert,ಲೋಭಿ,ಸಫಲತೆ ಲೋಭಿ ಮನುಷ್ಯ.,2,1,0.0
mbert,ವಹಿಸು,ಸೋವೆಯನ್ನು ವಹಿಸುವುದು ಭಾರೀ.,1,1,-0.2962962962962963
mbert,ವಹಿಸು,ಹೊರೆ ವಹಿಸಿ ಹೋಗಿ.,1,0,-0.2962962962962963
mbert,ವಹಿಸು,ರಾಷ್ಟ್ರದ ಜವಾಬ್ದಾರಿ ವಹಿಸುವುದು ಕಷ್ಟ.,2,1,-0.2962962962962963
mbert,ವಹಿಸು,ಪದ ವಹಿಸಿಕೊಂಡಿರುವ ಅಧಿಕಾರಿ.,2,0,-0.2962962962962963
mbert,ವಹಿಸು,ಸಂಕಟ ವಹಿಸುವುದು ಧೈರ್ಯದ ಲಕ್ಷಣ.,3,2,-0.2962962962962963
mbert,ವಹಿಸು,ಹೊತ್ತುಕೊಂಡ ಮನೋವೇದನೆ ವಹಿಸಿ.,3,0,-0.2962962962962963
mbert,ಸಾಕು,ಇಷ್ಟು ಸಾಕು.,1,2,0.4444444444444444
mbert,ಸಾಕು,ಹಣ ಸಾಕುದೆ?,1,2,0.4444444444444444
mbert,ಸಾಕು,ಹಸು ಸಾಕುವುದು ಅಸಾಧಾರಣ.,2,0,0.4444444444444444
mbert,ಸಾಕು,ಗುರುಗಳನ್ನು ಸಾಕಿದೆ.,2,1,0.4444444444444444
mbert,ಸಾಕು,ಈ ನೋವು ಸಾಕಲಾರೆ.,3,1,0.4444444444444444
mbert,ಸಾಕು,ಹೆಚ್ಚು ಅವಮಾನ ಸಾಕಬಾರದು.,3,1,0.4444444444444444
mbert,ಸಾಧಾರಣ,ಸಾಧಾರಣ ಕುಟುಂಬ ಬದುಕುತ್ತೆ.,1,1,-0.5
mbert,ಸಾಧಾರಣ,ಸಾಧಾರಣ ಮನುಷ್ಯ ಅಸಾಧಾರಣ ಕಾರ್ಯ ಮಾಡಿದನು.,1,0,-0.5
mbert,ಸಾಧಾರಣ,ಸಾಧಾರಣ ಚಿಂತನೆ ಸಕಲ ಜನಕ್ಕು ಅನ್ವಯ.,2,0,-0.5
mbert,ಸಾಧಾರಣ,ಸಾಧಾರಣ ಸತ್ಯ ಪರಿವರ್ತಿತವಾಗಿದೆ.,2,1,-0.5
mbert,ಹಸ್ತ,ತನ್ನ ಹಸ್ತ ಮೆರೆದುಕೊಂಡರು.,1,2,-0.08333333333333333
mbert,ಹಸ್ತ,ಹಸ್ತ ತೊಳೆಯಿರಿ.,1,0,-0.08333333333333333
mbert,ಹಸ್ತ,ಬಲಹಸ್ತ ಕಾಲಿದಾಗ ಶಸ್ತ್ರ ಸರಿಸಿ.,1,3,-0.08333333333333333
mbert,ಹಸ್ತ,ಆನೆಯ ಹಸ್ತ ಅತ್ಯಂತ ಶಕ್ತಿಶಾಳಿ.,2,2,-0.08333333333333333
mbert,ಹಸ್ತ,ಹಸ್ತದಿಂದ ನೀರು ಕುಡಿಯುತ್ತವೆ.,2,1,-0.08333333333333333
mbert,ಹಸ್ತ,ಅವನ ಹಸ್ತ ತುಂಬಾ ಸುಂದರವಾಗಿದೆ.,3,2,-0.08333333333333333
mbert,ಹಸ್ತ,ಈ ಗ್ರಂಥ ಶೇಷಾದ್ರಿಯ ಹಸ್ತದಿಂದ ಬರೆದಿದೆ.,3,1,-0.08333333333333333
mbert,ಹಸ್ತ,ಸಭೆ ಅವನ ಹಸ್ತದಲ್ಲಿದೆ.,4,1,-0.08333333333333333
mbert,ಹಸ್ತ,ಆ ಭೂಮಿ ನಿನ್ನ ಹಸ್ತದಲ್ಲಿದೆ.,4,1,-0.08333333333333333
mbert,ಹಿರಿಯ,ಹಿರಿಯ ವ್ಯಕ್ತಿಯನ್ನು ಸಮ್ಮಾನಿಸಿ.,1,0,-0.5
mbert,ಹಿರಿಯ,ಹಿರಿಯ ಪತ್ನಿ ಶಾಂತಿಮತೆ.,1,1,-0.5
mbert,ಹಿರಿಯ,ಹಿರಿಯ ಅಧಿಕಾರಿ ನಿರ್ದೇಶನ ಮಾಡಿದರು.,2,0,-0.5
mbert,ಹಿರಿಯ,ಹಿರಿಯ ಪದ ಪ್ರಾಪ್ತನಾಗಿ.,2,1,-0.5
mbert,ಹೊಡೆ,ಮೇಜಿನ ಮೇಲೆ ಹೊಡೆಯಿರಿ.,1,0,-0.06060606060606061
mbert,ಹೊಡೆ,ದುರ್ಬಲ ಲೋಕದ ಬೇಡಿ ಹೊಡೆಯುವುದು.,1,0,-0.06060606060606061
mbert,ಹೊಡೆ,ಸರೀ ಪದಾರ್ಥವು ತೋಟದಲ್ಲಿ ಹೊಡೆದನು.,2,1,-0.06060606060606061
mbert,ಹೊಡೆ,ಗಂಡುಸಾಪು ಹೊಡೆಯಿರಿ.,2,0,-0.06060606060606061
mbert,ಹೊಡೆ,ಬೆಲ್ ಹೊಡೆಯಿರಿ.,3,2,-0.06060606060606061
mbert,ಹೊಡೆ,ಮಾಂತ್ರಿಕ ಘಂಟೆ ಹೊಡೆಯುತ್ತಾರೆ.,3,0,-0.06060606060606061
mbert,ಹೋಗು,ಪರೀಕ್ಷೆಗೆ ಹೋಗಿ.,1,1,-0.07692307692307693
mbert,ಹೋಗು,ನನ್ನ ಕಾರು ಹೋಗುತ್ತಿದೆ.,1,2,-0.07692307692307693
mbert,ಹೋಗು,"ಮುಂದೆ ಹೋಗಿ, ಜಾರುವುದು ಹೋಗುತ್ತೆ.",2,0,-0.07692307692307693
mbert,ಹೋಗು,ಕೋಣೆಯಿಂದ ಹೋಗಿ.,2,1,-0.07692307692307693
mbert,ಹೋಗು,ಅಲೋಕು ಹೋಗಿ.,3,1,-0.07692307692307693
mbert,ಹೋಗು,ಸೂರ್ಯ ದಿಗಂತದ ಹೆಚ್ಚಿನ ಹೋಗಿ.,3,1,-0.07692307692307693
mbert,ಹೋಗು,ದಿನ ಸರಿಸರಿ ಹೋಗುತ್ತಿದೆ.,4,3,-0.07692307692307693
mbert,ಹೋಗು,ವರ್ಷ ಬೇಗ ಹೋದೆ.,4,1,-0.07692307692307693
muril,ಅರ್ಥ,ಈ ಮಾತುಗಳ ಅರ್ಥ ತೃಪ್ತಿದಾಯಕವಾಗಿದೆ.,1,1,0.33962264150943394
muril,ಅರ್ಥ,ಪದದ ಅರ್ಥ ತಿಳಿಸಿ.,1,1,0.33962264150943394
muril,ಅರ್ಥ,ಸಭೆ ಅರ್ಥ ಸೂಚಿಸಿದೆ.,2,2,0.33962264150943394
muril,ಅರ್ಥ,ಅರ್ಥ ಪಾಲಿಸುವುದು ಅವಶ್ಯಕ.,2,2,0.33962264150943394
muril,ಅರ್ಥ,ಯುವಕನ ಅರ್ಥ ಉನ್ನತಿಯಿತು.,3,0,0.33962264150943394
muril,ಅರ್ಥ,ಈ ಪ್ರಯೋಗದ ಅರ್ಥ ತಪ್ಪಾದ ವಿಷಯ ಪಕ್ಷೀಕರಿಸುವುದು.,3,3,0.33962264150943394
muril,ಅರ್ಥ,ಆ ರತ್ನದ ಅರ್ಥ ತುಂಬಾ ಹೆಚ್ಚು.,4,1,0.33962264150943394
muril,ಅರ್ಥ,ಮಾನವ ಜೀವನದ ಅರ್ಥ ಅಮೂಲ್ಯ.,4,0,0.33962264150943394
muril,ಕಬ್ಬಿ,ಕಬ್ಬಿ ಬಟ್ಟೆ ಹೊಗಳುವುದಲ್ಲ.,1,1,-0.06060606060606061
muril,ಕಬ್ಬಿ,ಕಬ್ಬಿ ಚರ್ಮ ಶೇಕಡೆ.,1,2,-0.06060606060606061
muril,ಕಬ್ಬಿ,ಕಬ್ಬಿ ಮಾತು ಆಘಾತ ಬಿಡುತ್ತದೆ.,2,1,-0.06060606060606061
muril,ಕಬ್ಬಿ,ಕಬ್ಬಿ ವ್ಯವಹಾರ ನಿಜನಾಗಿ ನೋವಾಗಿಸುತ್ತದೆ.,2,1,-0.06060606060606061
muril,ಕಬ್ಬಿ,ಕಬ್ಬಿ ಮನುಷ್ಯ ಕಷ್ಟ ಸಹಿಸುತ್ತಾನೆ.,3,1,-0.06060606060606061
muril,ಕಬ್ಬಿ,ಕಬ್ಬಿ ನಿರ್ಮಾಣ ದೀರ್ಘಸ್ಥಿರ.,3,0,-0.06060606060606061
muril,ಕರಣ,ಈ ಘಟನೆಯ ಕರಣ ಎಂದರೆ ನಿರ್ಲಕ್ಷ್ಯತೆ.,1,1,0.07407407407407407
muril,ಕರಣ,ಅನಸ್ಥೆಯ ಕರಣ ಕಾರ್ಯಭಾರ ಹೆಚ್ಚು.,1,0,0.07407407407407407
muril,ಕರಣ,ಶಿಕ್ಷಣ ಜೀವನ ಸುಧಾರಣೆಯ ಕರಣ.,2,1,0.07407407407407407
muril,ಕರಣ,ಕರ್ನಮ ಭರತಾವಿಯ ಕರಣಗಳು ಅದ್ಭುತವಾಗಿವೆ.,2,2,0.07407407407407407
muril,ಕರಣ,ಪದವಿನ ಕರಣ ವಿಷಯ ವಿಶ್ಲೇಷಿಸಬೇಕು.,3,0,0.07407407407407407
muril,ಕರಣ,ಅಪರ ಕರಣ ತೆರೆದುಕೊಂಡಿದೆ.,3,0,0.07407407407407407
muril,ಕಾಲ,ಕಾಲ ದ್ರುತವಾಗಿ ಹಾದುಹೋಗಿ.,1,1,0.425531914893617
muril,ಕಾಲ,ಮಹಾಭಾರತದ ಕಾಲದಲ್ಲಿ ಅನೇಕ ಯುದ್ಧ ನಡೆದವು.,1,3,0.425531914893617
muril,ಕಾಲ,ಅವನ ಎಡ ಕಾಲು ಮುರಿದಿದೆ.,2,2,0.425531914893617
muril,ಕಾಲ,ಕಾಲು ನೋವಾಗುತ್ತಿದೆ.,2,0,0.425531914893617
muril,ಕಾಲ,ಬೇಸಿಗೆ ಕಾಲ ತುಂಬಾ ಬಿಸಿಯಾಗಿರುತ್ತವೆ.,5,4,0.425531914893617
muril,ಕಾಲ,ಮುಂಗಾರು ಕಾಲ ಮೂವೆತ್ತೆ ಅಂದಾಗೆ ಬರುತ್ತದೆ.,5,4,0.425531914893617
muril,ಕಾಲ,ಕಾಲ ನೋಡುತ್ತಿರುವುದೇ ಅದು.,3,1,0.425531914893617
muril,ಕಾಲ,ಕಾಲದ ಸಮಯ ನಿಗದಿತವಾಗಿದೆ.,3,1,0.425531914893617
muril,ಕಾಲ,ಕಾಲ ಬಟ್ಟೆ ಧರಿಸಿ.,4,0,0.425531914893617
muril,ಕಾಲ,ಕಾಲ ಮೇಘ ಗಾಳಿ ಬೀಸುತ್ತಿದೆ.,4,0,0.425531914893617
muril,ಕಾಲೆ,ಅನ್ನ ಕಾಲೆ ಮಾಡಬೇಡ.,1,1,-0.06060606060606061
muril,ಕಾಲೆ,ಅವಕಾಶ ಕಾಲೆ ಮಾಡಿದೆ.,1,0,-0.06060606060606061
muril,ಕಾಲೆ,ಹಣ ಕಾಲೆ ಮಾಡುವುದು ನೀತಿಹೀನ.,2,1,-0.06060606060606061
muril,ಕಾಲೆ,ಪ್ರತಿಭೆ ಕಾಲೆ ಮಾಡಬೇಡ.,2,1,-0.06060606060606061
muril,ಕಾಲೆ,ಅಧ್ಯಯನ ಕಾಲೆ ಮಾಡಿದೆ.,3,2,-0.06060606060606061
muril,ಕಾಲೆ,ಪರಿವಾರ ಕಾಲೆ ಮಾಡುವುದು ಅನುಚಿತ.,3,1,-0.06060606060606061
muril,ಕಿರಿಯ,ಕಿರಿಯ ಸಮಸ್ಯೆ ಛಿದ್ರ ಪಟ್ಟು.,1,2,0.4444444444444444
muril,ಕಿರಿಯ,ಕಿರಿಯ ವಿವರಣೆ ಸ್ಪಷ್ಟ.,1,2,0.4444444444444444
muril,ಕಿರಿಯ,ಕಿರಿಯ ಮಗು ನೆಲೆಯಲ್ಲಿ.,2,0,0.4444444444444444
muril,ಕಿರಿಯ,ಕಿರಿಯ ವಯಸ್ಸು ಅಮೂಲ್ಯ.,2,0,0.4444444444444444
muril,ಕಿರಿಯ,ಕಿರಿಯ ಸಹೋದರ ಸಹಾಯಕ.,3,0,0.4444444444444444
muril,ಕಿರಿಯ,ಕಿರಿಯ ಪದ ತೃಪ್ತ ವೈತನಿಕ.,3,1,0.4444444444444444
muril,ಕೂಲಿ,ಪರೋಪಕಾರಿ ಉದ್ದೇಶದಿಂದ ಕೂಲಿ ಮಾಡುತ್ತೆ.,1,1,-0.2962962962962963
muril,ಕೂಲಿ,ನೋವಿನಿಂದ ಕೂಲಿ ಮಾಡಿದಾಳು.,1,0,-0.2962962962962963
muril,ಕೂಲಿ,ಮಗುವನ್ನು ಕೂಲಿ ಮಾಡಿ.,2,1,-0.2962962962962963
muril,ಕೂಲಿ,ನನ್ನನ್ನು ಕೂಲಿ ಮಾಡಿದಾಳು.,2,2,-0.2962962962962963
muril,ಕೂಲಿ,ಪಾರ್ಟಿಗೆ ಮಹತ್ತರ ಕೂಲಿ ಮಾಡಿದೆ.,3,1,-0.2962962962962963
muril,ಕೂಲಿ,ನಿನ್ನ ಸ್ನೇಹಿತರನ್ನು ಕೂಲಿ ಮಾಡೋ.,3,2,-0.2962962962962963
muril,ಕೊಡು,ಆನೆಗೆ ಒಣಹೂವು ಕೊಡಿ.,1,0,0.0
muril,ಕೊಡು,ನನಗೆ ನೀರು ಕೊಡಿ.,1,0,0.0
muril,ಕೊಡು,ದೇವರಿಗೆ ಹೂವು ಕೊಡುವುದು ಸಂಪ್ರದಾಯ.,2,2,0.0
muril,ಕೊಡು,ಅತಿಥಿಗೆ ಆಸನ ಕೊಡಿ.,2,0,0.0
muril,ಕೊಡು,ಶತ್ರುವಿಗೆ ಭೀಷಣ ಪ್ರಹಾರ ಕೊಡುತ್ತೆ.,3,1,0.0
muril,ಕೊಡು,ತೊಡೆಯಿಂದ ಥಳಿ ಕೊಟ್ಟನಳೆ.,3,0,0.0
muril,ಕೊಡು,ಗಿರುಗಳ ಹಾಕುಮಾರಿ ಬೆಳ್ಳಳಿ ಕೊಡುತ್ತವೆ.,4,3,0.0
muril,ಕೊಡು,ಕ್ಷೇತ್ರ ಸಂಪೂರ್ಣ ಫಸಲಿ ಕೊಡುತ್ತಿದೆ.,4,1,0.0
muril,ಗಟ್ಟ,ಗಟ್ಟ ಕಲ್ಲು ಚಾಪುತ್ತಾರೆ.,1,1,-0.06060606060606061
muril,ಗಟ್ಟ,ಮಜ್ಜಿಗೆ ಗಟ್ಟ ಕಕ್ಷ.,1,0,-0.06060606060606061
muril,ಗಟ್ಟ,ಗುರುವು ಗಟ್ಟ ಆಜ್ಞೆಕಾರಿ.,2,2,-0.06060606060606061
muril,ಗಟ್ಟ,ಗಟ್ಟ ನಿಯಮ ಪಾಲಿಸುತ್ತಾರೆ.,2,1,-0.06060606060606061
muril,ಗಟ್ಟ,ಗಟ್ಟ ಸಮಸ್ಯೆ ಎದುರಾಗಿದೆ.,3,1,-0.06060606060606061
muril,ಗಟ್ಟ,ಗಟ್ಟ ಅನುಸಾರ ನೋವು.,3,1,-0.06060606060606061
muril,ಗುರುತ್ವ,ಗುರುತ್ವ ಕಾಚು ಕೆಲಸ.,1,1,0.24242424242424243
muril,ಗುರುತ್ವ,ಗುರುತ್ವ ಸಮಸ್ಯೆ ಪರಿಹಾರ.,1,1,0.24242424242424243
muril,ಗುರುತ್ವ,ಗುರುತ್ವ ನಿರ್ಧಾರ ಕೆಳಗಿಳಿಸಲಾಯಿತು.,2,1,0.24242424242424243
muril,ಗುರುತ್ವ,ಗುರುತ್ವ ಕಾರ್ಯಭಾರ ತಿಳಿಸಲಾಯಿತು.,2,1,0.24242424242424243
muril,ಗುರುತ್ವ,ಗುರುತ್ವ ಸಂಜೆಯಲ್ಲಿ ಆರಾಧನೆ.,3,2,0.24242424242424243
muril,ಗುರುತ್ವ,ಗುರುತ್ವ ನೀತಿ ಅನುಷ್ಠಾನ.,3,0,0.24242424242424243
muril,ಚಕ್ರ,ರಥದ ಚಕ್ರ ಭಾರೀ ಮರದಿಂದ ತಯಾರಾಗಿದೆ.,1,2,0.27586206896551724
muril,ಚಕ್ರ,ಮೊಟೊರಿನ ಚಕ್ರ ತಿರುಗುತ್ತಿದೆ.,1,1,0.27586206896551724
muril,ಚಕ್ರ,ಜೀವನದ ಚಕ್ರ ಮುಂದುವರಿದುಕೊಂಡಿದೆ.,2,1,0.27586206896551724
muril,ಚಕ್ರ,ಋತುಗಳ ಚಕ್ರ ಪುನರಾವೃತ್ತಿಯಾಗುತ್ತಿದೆ.,2,1,0.27586206896551724
muril,ಚಕ್ರ,ಯೋಗದಲ್ಲಿ ಆಚ್ಠ ಚಕ್ರಗಳು ಮುಖ್ಯ.,3,0,0.27586206896551724
muril,ಚಕ್ರ,ಹೃದಯ ಚಕ್ರ ಸಕ್ರಿಯಗೊಳಿಸುತ್ತಾರೆ.,3,3,0.27586206896551724
muril,ಚಕ್ರ,ಕೃಷ್ಣನ ಚಕ್ರ ವೈಷ್ಣವ ಅಸ್ತ್ರ.,4,2,0.27586206896551724
muril,ಚಕ್ರ,ಸುದರ್ಶನ ಚಕ್ರ ಸಕಲವನ್ನು ನಾಶಮಾಡುತ್ತಿದೆ.,4,2,0.27586206896551724
muril,ಚಿತ್ರ,ಆ ಚಿತ್ರ ನೈಜತ್ವವನ್ನು ಪ್ರತಿಬಿಂಬಿಸುತ್ತದೆ.,1,1,0.0
muril,ಚಿತ್ರ,ಚಿತ್ರ ತೆಗೆಯಬೇಕೆ?,1,2,0.0
muril,ಚಿತ್ರ,ಸಮಾಜದಲ್ಲಿ ಅನೇಕ ಚಿತ್ರ ಜನತೆ ವಾಸ ಮಾಡುತ್ತಾರೆ.,2,0,0.0
muril,ಚಿತ್ರ,ಈ ಕಾದಂಬರಿಯು ಚಿತ್ರವಾದ ಪ್ರಕರಣಗಳನ್ನು ಹೊಂದಿದೆ.,2,3,0.0
muril,ಚಿತ್ರ,ಆ ಚಿತ್ರ ಘಟನೆ ಕೇಳಲು ಅದ್ಭುತವಾಗಿದೆ.,3,1,0.0
muril,ಚಿತ್ರ,ಚಿತ್ರವಾದ ಸಂಗತಿ ಸಂಭವಿಸಿದೆ.,3,3,0.0
muril,ಚಿತ್ರ,ರವಿಶಂಕರ ಸುಂದರ ಚಿತ್ರ ಸೃಷ್ಟಿಸುತ್ತಾರೆ.,4,1,0.0
muril,ಚಿತ್ರ,ಈ ಚಿತ್ರ ಶಿಲ್ಪ ಅಸಾಧಾರಣ ಕಾದಂಬರಿ.,4,1,0.0
muril,ಜಲ,ನೀರಾಯ ಜಲ ಕುಡಿಯಿರಿ.,1,0,0.24242424242424243
muril,ಜಲ,ಜಲ ಬೆಳಗಿನ ಬಿಸಿಯಲ್ಲಿ ಕುದಿಯುತ್ತಿದೆ.,1,0,0.24242424242424243
muril,ಜಲ,ತೈಲಜಲ ಸಲ್ಯ ಹೀಲಿಂಗಿಗೆ ಉಪಯುಕ್ತ.,2,1,0.24242424242424243
muril,ಜಲ,ಕಷಾಯ ಜಲ ಔಷಧ.,2,2,0.24242424242424243
muril,ಜಲ,ಜಲದಲ್ಲಿ ಬೆನ್ನು ಬದ್ಧವಾಗುತ್ತಿದೆ.,3,0,0.24242424242424243
muril,ಜಲ,ಜಲ ತೂರುವ ಹೀನಾಭಿಮಾನ ನಿವಾರಿಸುವುದು ಕಷ್ಟ.,3,0,0.24242424242424243
muril,ತೆಗೆ,ನನ್ನ ಹಸ್ತ ತೆಗೆ.,1,2,0.0
muril,ತೆಗೆ,ಹಾಕುಮಾರಿಗೆ ನಕ್ಷತ್ರ ತೆಗೆದು ಕೊಟ್ಟರು.,1,3,0.0
muril,ತೆಗೆ,ಹೋಗಿ ಮೇಲಿನ ತಗರು ತೆಗೆದುಕೊ.,2,0,0.0
muril,ತೆಗೆ,ಕಂಕುದಿಂದ ಮುಖ್ಯ ಕೆಲಸ ತೆಗೆದುಕೊ.,2,0,0.0
muril,ತೆಗೆ,ನೆಲದಿಂದ ಪಿಸು ತೆಗೆದುಕೊ.,3,0,0.0
muril,ತೆಗೆ,ಹೊರಗಿನ ಸೂಪ ತೆಗೆದುಕೊಂಡೆ.,3,2,0.0
muril,ತೆಗೆ,ಗುರಿನೆ ಬಾರಣವನ್ನು ತೆಗೆದುಕೊಳ್ಳಿ.,4,0,0.0
muril,ತೆಗೆ,ಪ್ರಾಣಿ ಪರೀಕ್ಷೆಯಲ್ಲಿ ತೆಗೆದುಕೊಂಡರು.,4,1,0.0
muril,ಧರಣಿ,ಧರಣಿ ಭ್ರಮಿಸುತ್ತಾ ಇರುತ್ತದೆ.,1,0,-0.06060606060606061
muril,ಧರಣಿ,ಧರಣಿಯ ಮೇಲೆ ಮಿಲಿಯನ ಜನ ವಾಸ ಮಾಡುತ್ತಾರೆ.,1,0,-0.06060606060606061
muril,ಧರಣಿ,ಈ ಕೋಟೆಯ ಧರಣಿ ಕಲ್ಲಿನಿಂದ ಕೆತ್ತಿರುವುದು.,2,2,-0.06060606060606061
muril,ಧರಣಿ,ಮನೆಯ ಧರಣಿ ಬಲಾಗಿರುವುದು ಅಗತ್ಯ.,2,0,-0.06060606060606061
muril,ಧರಣಿ,ಪುಷ್ಪಗಳ ಧರಣಿ ಸುವಾಸಿತವಾಗಿರುತ್ತವೆ.,3,1,-0.06060606060606061
muril,ಧರಣಿ,ಧರಣಿ ಇಳಿಪಡಿಸುವ ಪದಾರ್ಥ.,3,0,-0.06060606060606061
muril,ಧರಿಸು,ಹೊಸ ಬಟ್ಟೆ ಧರಿಸಿ.,1,2,-0.06060606060606061
muril,ಧರಿಸು,ಮುಖವಾಣಿ ಧರಿಸಿ.,1,2,-0.06060606060606061
muril,ಧರಿಸು,ಅಸ್ತ್ರ ಧರಿಸಿ ಯುದ್ಧಕ್ಕೆ ಬಂದರು.,2,0,-0.06060606060606061
muril,ಧರಿಸು,ಮಾದರಿ ಧರಿಸಿ ಹೋಗುತ್ತೆ.,2,2,-0.06060606060606061
muril,ಧರಿಸು,ಭೂಮಿಯ ಸಾಕಷ್ಟು ಸೋಂಕುಗಳನ್ನು ಧರಿಸಿದೆ.,3,2,-0.06060606060606061
muril,ಧರಿಸು,ಕುಟುಂಬದ ನೈತಿಕ ಧರಿಸುವುದು ಅವಶ್ಯಕ.,3,1,-0.06060606060606061
muril,ನಕಲಿ,ಆ ನಕಲಿ ಚಿತ್ರ ಅಸಾಧಾರಣ ಸಿದ್ಧಿ.,1,2,-0.2962962962962963
muril,ನಕಲಿ,ನಕಲಿ ಪಾಸ್‌ಪೋರ್ಟ್ ಜರಿಮಾನೆಗೆ ಸಾಧ್ಯ.,1,1,-0.2962962962962963
muril,ನಕಲಿ,ನಕಲಿ ಸಾಕ್ಷ್ಯ ನ್ಯಾಯಾಲಯದ ವಿರುದ್ಧ ರಿವಾಜು.,2,1,-0.2962962962962963
muril,ನಕಲಿ,ನಕಲಿ ವಾದ್ಯತೆ ನಿಖಿಲ ಎಲೆ ಪ್ರತಿ.,2,0,-0.2962962962962963
muril,ನಕಲಿ,ನಕಲಿ ನಾಣ್ಯ ಸಾಕಷ್ಟು ಪರಿಚಿತವಾಗಿದೆ.,3,0,-0.2962962962962963
muril,ನಕಲಿ,ನಕಲಿ ವಸ್ತುವನ್ನು ವಿಕ್ರಯ ಮಾಡುವುದು ಅಪರಾಧ.,3,1,-0.2962962962962963
muril,ನೀಡ,ಪಕ್ಷಿಯ ನೀಡ ವೃಕ್ಷದ ಮೇಲೆ ಇದೆ.,1,2,-0.06060606060606061
muril,ನೀಡ,ಸೂಕನಲ್ಲಿ ನೀಡ ತಿರಿಯುತ್ತೆ.,1,0,-0.06060606060606061
muril,ನೀಡ,ಬೆಕೆಲೆಗಾಗಿ ಪರಿವಾರದ ನೀಡ ನಿರ್ಮಾಣ ಮಾಡಿದರು.,2,0,-0.06060606060606061
muril,ನೀಡ,ಹೊಸ ನೀಡಕ್ಕೆ ಸ್ವಾಗತ.,2,1,-0.06060606060606061
muril,ನೀಡ,ಪ್ರಭುನ ನೀಡ ನೀತಿಸೋಪಾನದಲ್ಲಿ.,3,0,-0.06060606060606061
muril,ನೀಡ,ಆತ್ಮನ ಚಿರಂತನ ನೀಡ ಅತೀಂದ್ರಿಯ.,3,0,-0.06060606060606061
muril,ನೀಲ,ನೀಲ ಆಕಾಶ ಮೋಹಕ.,1,0,-0.06060606060606061
muril,ನೀಲ,ನೀಲ ವಸ್ತ್ರ ಸುಂದರವಾಗಿದೆ.,1,0,-0.06060606060606061
muril,ನೀಲ,ನೀಲ ಸಂಜೆ ಬರುತ್ತಿದೆ.,2,1,-0.06060606060606061
muril,ನೀಲ,ನೀಲ ಮೋಹೆ ಅಂಧಕಾರ.,2,0,-0.06060606060606061
muril,ನೀಲ,ನೀಲ ಗಿಳಿ ಮಂಡಿರದ ಸ್ಕಂಧ.,3,2,-0.06060606060606061
muril,ನೀಲ,ನೀಲ ರಂಗು ಧೌತ ಸಂಭೋಗ.,3,0,-0.06060606060606061
muril,ನೇತೃತ್ವ,ಪಾರ್ಥ ಸೈನ್ಯವನ್ನು ನೇತೃತ್ವ ಮಾಡಿದರು.,1,1,-0.06060606060606061
muril,ನೇತೃತ್ವ,ಈ ಪ್ರಯೋಗದಲ್ಲಿ ನಾನು ನೇತೃತ್ವ ಮಾಡುತ್ತೇನೆ.,1,0,-0.06060606060606061
muril,ನೇತೃತ್ವ,ಶಿಲ್ಪಿ ಸಂಗೀತವನ್ನು ನೇತೃತ್ವ ಮಾಡಿದರು.,2,1,-0.06060606060606061
muril,ನೇತೃತ್ವ,ಆರ್ಕೆಸ್ಟ್ರಾ ನೇತೃತ್ವ ಮಾಡುವುದು ಕಾಂಡಕ್ಟರ್‌ನ ಕೆಲಸ.,2,2,-0.06060606060606061
muril,ನೇತೃತ್ವ,ಸಂಸ್ಥೆಯನ್ನು ನೇತೃತ್ವ ಮಾಡುವ ಜವಾಬ್ದಾರಿ.,3,1,-0.06060606060606061
muril,ನೇತೃತ್ವ,ಯುವಕನು ಕಂಪನಿ ನೇತೃತ್ವ ಮಾಡಿದನು.,3,1,-0.06060606060606061
muril,ನೋಡು,ಆಕಾಶ ನೋಡಿ.,1,1,0.0
muril,ನೋಡು,ಒಟ್ಟಿಗೆ ಏನು ನೋಡುತ್ತೀಯ?,1,2,0.0
muril,ನೋಡು,ಸಿನೆಮಾ ನೋಡುವುದು ಆನಂದ.,2,0,0.0
muril,ನೋಡು,ಕಡಿಮೆ ಮಾರುಕಟ್ಟೆ ನೋಡೊಳ್ಳಿ.,2,1,0.0
muril,ನೋಡು,ನನ್ನ ಸ್ನೇಹಿತ ನೀಡೆ ನೋಡುತ್ತೆ.,3,2,0.0
muril,ನೋಡು,ರಾತ್ರಿ ನಿಮ್ಮನ್ನು ನೋಡುತ್ತೇನೆ.,3,3,0.0
muril,ನೋಡು,ಸರಿಪೊತ್ತು ನೋಡಿ.,4,1,0.0
muril,ನೋಡು,ಚಿಕಿತ್ಸಕ ರೋಗಿಯನ್ನು ನೋಡಿದರು.,4,1,0.0
muril,ಪುಲ,ನದಿಯ ಮೇಲೆ ಹೊಸ ಪುಲ ನಿರ್ಮಾಣವಾಗುತ್ತಿದೆ.,1,1,0.4444444444444444
muril,ಪುಲ,ಪುಲ ದಾಟಿ ಹೋಗಿ.,1,2,0.4444444444444444
muril,ಪುಲ,ಬೆಸೆಯ ಪುಲ ಚೆಂದ ಸುವಾಸಿತವಾಗಿರುತ್ತವೆ.,2,2,0.4444444444444444
muril,ಪುಲ,ಹೂವಿನ ಪುಲ ನೋಡು.,2,2,0.4444444444444444
muril,ಪುಲ,ನವೆಂಬರ್ ಅವರಿಗೆ ಪುಲದ ತೂಟು ಕೊಟ್ಟರು.,3,0,0.4444444444444444
muril,ಪುಲ,ಮದುವೆಯ ಸಮಯದಲ್ಲಿ ಸುಂದರ ಪುಲದ ತೂಟು ನೋಡಲಾಯಿತು.,3,0,0.4444444444444444
muril,ಪೆರೆಲೆ,ಸೂರ್ಯನ ಪೆರೆಲೆ ಬೀಸುತ್ತಿದೆ.,1,1,-0.06060606060606061
muril,ಪೆರೆಲೆ,ಮರದ ಪೆರೆಲೆಯಲ್ಲಿ ಕುಳಿತುಕೊಂಡೆ.,1,0,-0.06060606060606061
muril,ಪೆರೆಲೆ,ನೀರಿನಲ್ಲಿ ಮುಖದ ಪೆರೆಲೆ ಕಾಣುತ್ತಿದೆ.,2,1,-0.06060606060606061
muril,ಪೆರೆಲೆ,ಕನ್ನಡ ಸಂಸ್ಕೃತಿಯ ಪೆರೆಲೆ ಲೋಕವೆಲ್ಲಾ ಪಡೆದೆ.,2,1,-0.06060606060606061
muril,ಪೆರೆಲೆ,ಆತನ ಮೇಲೆ ನಿರ್ದೋಷತೆಯ ಪೆರೆಲೆಯೂ ಇಲ್ಲ.,3,1,-0.06060606060606061
muril,ಪೆರೆಲೆ,ಪೆರೆಲೆ ಪರಿಚಯ ನಾಶ ಮಾಡುತ್ತದೆ.,3,2,-0.06060606060606061
muril,ಪ್ರಭು,ಸೋಮನಾಥ ತನ್ನ ಗುಲಾಮನ ಪ್ರಭು.,1,1,-0.06060606060606061
muril,ಪ್ರಭು,ಪ್ರಭುವಿನ ಆದೇಶ ಪಾಲಿಸಲೇಬೇಕು.,1,0,-0.06060606060606061
muril,ಪ್ರಭು,ಪ್ರಭುವೆ ನಮ್ಮನ್ನು ರಕ್ಷಿಸಿ.,2,0,-0.06060606060606061
muril,ಪ್ರಭು,ಪ್ರಭುವಿನ ಕೃಪೆ ಅಪರಿಸೀಮ.,2,0,-0.06060606060606061
muril,ಪ್ರಭು,ರವಿ ಪ್ರಭುಗಳು ಮುಖ್ಯ ಅಧಿಕಾರಿ.,3,2,-0.06060606060606061
muril,ಪ್ರಭು,ಪ್ರಭುಗಳ ನಿರ್ದೇಶನ ನೋಡಿ ಕೆಲಸ ಮಾಡಿ.,3,0,-0.06060606060606061
muril,ಪ್ರೀತಿ,ಪ್ರೀತಿ ಭಾರ್ಯೆ ಮನೆಯ ಸಿಂದೂರ.,1,2,0.24242424242424243
muril,ಪ್ರೀತಿ,ಪ್ರೀತಿ ಭಿತಿಜ ಅವನ ಪ್ರಿಯೆ.,1,1,0.24242424242424243
muril,ಪ್ರೀತಿ,ಪ್ರೀತಿ ವಿಷಯ ಶಾಸ್ತ್ರ.,2,0,0.24242424242424243
muril,ಪ್ರೀತಿ,ಪ್ರೀತಿ ಔಷಧ ಇಂದ್ರಿಯ.,2,0,0.24242424242424243
muril,ಪ್ರೀತಿ,ಪ್ರೀತಿ ಸುಗಂಧ ಹೃದಯ.,3,0,0.24242424242424243
muril,ಪ್ರೀತಿ,ಪ್ರೀತಿ ಸಂವಾದ ಆನಂದ.,3,0,0.24242424242424243
muril,ಬರು,ನಾಳೆ ನನ್ನ ಮನೆಗೆ ಬಾರು.,1,2,-0.18867924528301888
muril,ಬರು,ಕಡಿಮೆ ಕರೆ ಸುಗಿಕೊ ಬರುತ್ತೆ.,1,1,-0.18867924528301888
muril,ಬರು,ರೈಲು ಸಮಯಕ್ಕೆ ಬರುತ್ತಿದೆ.,2,0,-0.18867924528301888
muril,ಬರು,ಮೇಲಿನ ಸಿಡಿ ಹಠಾತ್ತು ಬರುತ್ತೆ.,2,1,-0.18867924528301888
muril,ಬರು,ಇದೇ ಆಕಸ್ಮಾತ್ ಘಟನೆ ಕಾಲೇ ಕಾಲೇ ಬರುತ್ತದೆ.,3,3,-0.18867924528301888
muril,ಬರು,ಶೀತ ಋತುವು ಬರುತ್ತಿದೆ.,3,0,-0.18867924528301888
muril,ಬರು,ಅವನು ಅರಸನಾಗಿ ಬರುತ್ತೀಯ.,4,1,-0.18867924528301888
muril,ಬರು,ನೀ ಶಕ್ತಿಶಾಳಿಯಾಗಿ ಬರಿ.,4,2,-0.18867924528301888
muril,ಬಾಗ,ಪುಷ್ಪಬಾಗ ಅತ್ಯಂತ ಸುಂದರವಾಗಿದೆ.,1,2,0.07407407407407407
muril,ಬಾಗ,ತರಕಾರಿ ಬಾಗದಲ್ಲಿ ಸೋಂಕು ಹಿಡಿದಿದೆ.,1,0,0.07407407407407407
muril,ಬಾಗ,ಸಂಪತ್ತಿನಿಂದ ಪ್ರತಿಯೊಬ್ಬರ ಬಾಗ ನಿರ್ಧರಿಸಿ.,2,1,0.07407407407407407
muril,ಬಾಗ,ನನ್ನ ಬಾಗ ನಿಗದಿತವಾಗಿ ಇದೆ.,2,1,0.07407407407407407
muril,ಬಾಗ,ಬೆಂಗಳೂರು ಉತ್ತರ ಬಾಗದಲ್ಲಿ ಸ್ಥಿತವಾಗಿದೆ.,3,0,0.07407407407407407
muril,ಬಾಗ,ನಗರದ ಪಶ್ಚಿಮ ಬಾಗ ಸಾಕಷ್ಟು ಅಭಿವೃದ್ಧಿಯಾಗಿದೆ.,3,1,0.07407407407407407
muril,ಬೀಜ,ತರಕಾರಿಯ ಬೀಜ ಲೋಳೆ.,1,0,0.4444444444444444
muril,ಬೀಜ,ಬೀಜ ಬಿತ್ತಬೇಕು ವರ್ಷ ಸುಮಾರು.,1,0,0.4444444444444444
muril,ಬೀಜ,ಆ ಕಲುಷತೆಯ ಬೀಜ ಕುರೂರತೆ.,2,0,0.4444444444444444
muril,ಬೀಜ,ಚಿಂತೆ ಎಲ್ಲ ಸಮಸ್ಯೆಯ ಬೀಜ.,2,1,0.4444444444444444
muril,ಬೀಜ,ಗುರುವು ಗುಪ್ತ ಬೀಜ ಪ್ರದಾನ ಮಾಡಿದರು.,3,2,0.4444444444444444
muril,ಬೀಜ,ಈ ಯಂತ್ರದ ಬೀಜ ತಿಳಿದರೆ ಸಾಧನೆ ಮಾಡಬಹುದು.,3,2,0.4444444444444444
muril,ಬೆಳೆ,ಮಗು ಬೆಳೆಯುತ್ತಿದೆ.,1,0,0.4444444444444444
muril,ಬೆಳೆ,ಆತನ ಉತ್ತರ ದಾಯಿತ್ವ ಬೆಳೆಯುತ್ತಿದೆ.,1,0,0.4444444444444444
muril,ಬೆಳೆ,ಅನ್ನ ಬೆಳೆಯುವುದು ರೈತಿಕೆಯ ಪ್ರಧಾನ ಕೆಲಸ.,2,2,0.4444444444444444
muril,ಬೆಳೆ,ತರಕಾರಿ ಬೆಳೆಯಿರಿ.,2,2,0.4444444444444444
muril,ಬೆಳೆ,ಮಗುವಿನ ಮನ ಬೆಳೆಯುವುದು ಮುಖ್ಯ.,3,0,0.4444444444444444
muril,ಬೆಳೆ,ಶಕ್ತಿ ಬೆಳೆಸಿ.,3,1,0.4444444444444444
muril,ಬೋಳ,ಬೋಳ ಕಾಲೆ ಅವನು ಕೆಟ್ಟ ಪರಿಣಾಮ ಮಾಡಿದನು.,1,0,0.34782608695652173
muril,ಬೋಳ,ಬೋಳ ವಿಚಾರಣೆ ಅಸಮರ್ಥನನ್ನು ಸೂಚಿಸುತ್ತದೆ.,1,0,0.34782608695652173
muril,ಬೋಳ,ಬೋಳ ಮಸ್ತಿಷ್ಕ ಶಿಕ್ಷೆ ಪಡೆಯಲು ಸಾಧ್ಯ.,2,2,0.34782608695652173
muril,ಬೋಳ,ಬೋಳ ಸಮಝಿಸುವ ಶಕ್ತಿ ಕ್ಷೀಣ.,2,2,0.34782608695652173
muril,ಬೋಳ,ಈ ಬೋಳ ಬಟ್ಟೆ ಹಾಕುವೆ ಅದೇ.,3,0,0.34782608695652173
muril,ಬೋಳ,ಆ ಬೋಳ ಕುರುಡೆ ಹಾಗೆ ಕೆಲಸ ಮಾಡುತ್ತಾನೆ.,3,0,0.34782608695652173
muril,ಬೋಳ,Diverse contexts for each sense,3,1,0.34782608695652173
muril,ಬೋಳ,"Mix of everyday, literary, and formal usage",3,1,0.34782608695652173
muril,ಬೋಳ,Real-world applicability,3,1,0.34782608695652173
muril,ಭಕ್ತ,ಕೃಷ್ಣನ ಭಕ್ತರು ಕೋವಿಲಿಗೆ ಸೆರೆದುಬಂದರು.,1,0,-0.2962962962962963
muril,ಭಕ್ತ,ಆ ಗುರುವಿನ ಭಕ್ತ ತುಂಬಾ ಆಸ್ಥೆಗಳುದ್ದ.,1,2,-0.2962962962962963
muril,ಭಕ್ತ,ಅರಸನ ಭಕ್ತರು ನಿರ್ದೇಶ ಪಾಲಿಸಿದರು.,2,1,-0.2962962962962963
muril,ಭಕ್ತ,ಭಕ್ತರನ್ನು ಸಮ್ಮಾನಿಸಿ.,2,0,-0.2962962962962963
muril,ಭಕ್ತ,ಪ್ರಭುದ ಭಕ್ತರು ಧರ್ಮವನ್ನು ಪೋಷಿಸಿದರು.,3,1,-0.2962962962962963
muril,ಭಕ್ತ,ನಿಜನಾದ ಭಕ್ತರು ಸತ್ತರನ್ನು ಒಂದೆಡೆ ಮಾಡುತ್ತಾರೆ.,3,0,-0.2962962962962963
muril,ಮಾಡು,ಚಿತ್ರ ಸೃಷ್ಟಿ ಮಾಡಿ.,1,0,0.04
muril,ಮಾಡು,ಕಟಣೆ ಮಾಡುತ್ತೇನೆ.,1,2,0.04
muril,ಮಾಡು,ಕೆಲಸ ಮಾಡಿ.,2,0,0.04
muril,ಮಾಡು,ಸಹಾಯ ಮಾಡಿ.,2,0,0.04
muril,ಮಾಡು,ಆಹಾರ ಮಾಡುತ್ತೇನೆ.,3,4,0.04
muril,ಮಾಡು,ಬಾರ ಮಾಡುವುದು ಪುರಸ್ಕಾರ.,3,3,0.04
muril,ಮಾಡು,ಸಮಸ್ಯೆ ಮಾಡಿದೆ.,4,0,0.04
muril,ಮಾಡು,ಕೆಸರು ಮಾಡುವುದು ಸುಗಮ.,4,1,0.04
muril,ಮಾಡು,ರೋಗಿಯನ್ನು ಸರಿಯಾಗಿ ಮಾಡಿ.,5,0,0.04
muril,ಮಾಡು,ಸಮಸ್ಯೆಯನ್ನು ಸರಿಯಾಗಿ ಮಾಡಬೇಕು.,5,0,0.04
muril,ಮಾತು,ನನ್ನ ಮಾತು ಆಲಿಸಿ.,1,1,0.30434782608695654
muril,ಮಾತು,ಆ ಮಾತು ನಿಜವಾಗಿದೆ.,1,1,0.30434782608695654
muril,ಮಾತು,"ಮಾತುಗಳ ಅರ್ಥ ಅಲ್ಲ, ಭಾವ ಪ್ರಮುಖ.",1,1,0.30434782608695654
muril,ಮಾತು,ಇದು ಗಮನಾರ್ಹ ಮಾತು.,2,0,0.30434782608695654
muril,ಮಾತು,ಆ ಮಾತಿನ ಬಗ್ಗೆ ಮಾತನಾಡಬೇಡ.,2,0,0.30434782608695654
muril,ಮಾತು,ಕ್ರೀಡಾ ಮಾತು ಈತನಿಗೆ ಆಸಕ್ತಿ.,2,2,0.30434782608695654
muril,ಮಾತು,ಪಟ್ಟಣದಲ್ಲಿ ಸಾಕಷ್ಟು ಮಾತು ಆಗಿದೆ.,3,0,0.30434782608695654
muril,ಮಾತು,ತಲೆಕೆಳಿತ ಮಾತು ನಂಬಬೇಡ.,3,1,0.30434782608695654
muril,ಮುಕ್ತ,ಕೈದಿ ಮುಕ್ತನಾದನು.,1,0,-0.2962962962962963
muril,ಮುಕ್ತ,ಮುಕ್ತ ಮನೋಭಾವ ಅಗತ್ಯ.,1,2,-0.2962962962962963
muril,ಮುಕ್ತ,ಬಂಧನೆಯಿಂದ ಮುಕ್ತನಾದನು.,2,0,-0.2962962962962963
muril,ಮುಕ್ತ,ಇಲಿಯನ್ನು ಮುಕ್ತ ಮಾಡಿ.,2,1,-0.2962962962962963
muril,ಮುಕ್ತ,ಪ್ರಾಣಿ ಮೋಕ್ಷದಿಂದ ಮುಕ್ತನಾದನು.,3,0,-0.2962962962962963
muril,ಮುಕ್ತ,ಶರೀರದ ಬಂಧನೆಯಿಂದ ಮುಕ್ತ ಪುರುಷ.,3,1,-0.2962962962962963
muril,ರಸ,ಆ ಅನ್ನದ ರಸ ಅತ್ಯಂತ ಸುಮಾರು.,1,1,0.16666666666666666
muril,ರಸ,ಲೆಮೆನ್ ರಸ ಅಮ್ಲೀಯವಾಗಿರುತ್ತದೆ.,1,0,0.16666666666666666
muril,ರಸ,ಹಣ್ಣಿನ ರಸ ಮಿಠಾಗಿರುತ್ತದೆ.,2,1,0.16666666666666666
muril,ರಸ,ಗೆಜ್ಜಿನ ರಸ ಸೋಯಿ ರಸ ಹೊಂದಿಕೆ.,2,1,0.16666666666666666
muril,ರಸ,ಕವಿತೆಯಲ್ಲಿ ಭಿನ್ನ ರಸಗಳು ಇವೆ.,3,2,0.16666666666666666
muril,ರಸ,ಶೃಂಗಾರ ರಸ ಸಂಗೀತದಲ್ಲಿ ಪ್ರಕಾಶಿತವಾಗುತ್ತದೆ.,3,2,0.16666666666666666
muril,ರಸ,ದೇವತೆಗಳು ಅಮೃತ ರಸ ಕುಡಿದರು.,4,1,0.16666666666666666
muril,ರಸ,ರೇಸ ರಸದ ಎಳೆ ಮಧುರ.,4,4,0.16666666666666666
muril,ರಸ,ನಟನ ಅಭಿನಯ ರಸವನ್ನು ಹೃದಯಕ್ಕೆ ಸೇರಿಸುತ್ತದೆ.,5,3,0.16666666666666666
muril,ರಸ,ಕ್ಷಿತಿಜರ ನೃತ್ಯ ಏಕ ರಸದಿಂದ ತುಂಬಿತ್ತು.,5,2,0.16666666666666666
muril,ಲೇ,ನೀರು ಲೇಯಿ.,1,1,0.4444444444444444
muril,ಲೇ,ಆ ಸೂಪಿಗೆ ಈ ದ್ರವ್ಯ ಲೇಯಿ.,1,1,0.4444444444444444
muril,ಲೇ,ಟೇಬಿಲ್ ಮೇಲೆ ನೀರು ಲೇದೆ.,2,2,0.4444444444444444
muril,ಲೇ,ಹೊಡೆದಿದ್ದರಿಂದ ಹೆಣ್ಣಿನ ಲೋಹಿತ ಲೇದೆ.,2,2,0.4444444444444444
muril,ಲೇ,ಬೀಜ ಲೇಯಿ.,3,1,0.4444444444444444
muril,ಲೇ,ಪ್ರಕಾಶ ಲೇದೆ.,3,0,0.4444444444444444
muril,ಲೋಭಿ,ಲೋಭಿ ಮನುಷ್ಯ ಸದಾ ತೃಪ್ತ ರಹಿತ.,1,0,1.0
muril,ಲೋಭಿ,ಲೋಭಿ ಭಾವನೆ ನಾಶ ಮಾಡುತ್ತದೆ.,1,0,1.0
muril,ಲೋಭಿ,ಶಿಕ್ಷೆಯ ಲೋಭಿ ವಿದ್ಯಾರ್ಥಿ.,2,1,1.0
muril,ಲೋಭಿ,ಸಫಲತೆ ಲೋಭಿ ಮನುಷ್ಯ.,2,1,1.0
muril,ವಹಿಸು,ಸೋವೆಯನ್ನು ವಹಿಸುವುದು ಭಾರೀ.,1,1,-0.2962962962962963
muril,ವಹಿಸು,ಹೊರೆ ವಹಿಸಿ ಹೋಗಿ.,1,0,-0.2962962962962963
muril,ವಹಿಸು,ರಾಷ್ಟ್ರದ ಜವಾಬ್ದಾರಿ ವಹಿಸುವುದು ಕಷ್ಟ.,2,1,-0.2962962962962963
muril,ವಹಿಸು,ಪದ ವಹಿಸಿಕೊಂಡಿರುವ ಅಧಿಕಾರಿ.,2,0,-0.2962962962962963
muril,ವಹಿಸು,ಸಂಕಟ ವಹಿಸುವುದು ಧೈರ್ಯದ ಲಕ್ಷಣ.,3,2,-0.2962962962962963
muril,ವಹಿಸು,ಹೊತ್ತುಕೊಂಡ ಮನೋವೇದನೆ ವಹಿಸಿ.,3,0,-0.2962962962962963
muril,ಸಾಕು,ಇಷ್ಟು ಸಾಕು.,1,2,0.4444444444444444
muril,ಸಾಕು,ಹಣ ಸಾಕುದೆ?,1,2,0.4444444444444444
muril,ಸಾಕು,ಹಸು ಸಾಕುವುದು ಅಸಾಧಾರಣ.,2,0,0.4444444444444444
muril,ಸಾಕು,ಗುರುಗಳನ್ನು ಸಾಕಿದೆ.,2,1,0.4444444444444444
muril,ಸಾಕು,ಈ ನೋವು ಸಾಕಲಾರೆ.,3,1,0.4444444444444444
muril,ಸಾಕು,ಹೆಚ್ಚು ಅವಮಾನ ಸಾಕಬಾರದು.,3,1,0.4444444444444444
muril,ಸಾಧಾರಣ,ಸಾಧಾರಣ ಕುಟುಂಬ ಬದುಕುತ್ತೆ.,1,0,1.0
muril,ಸಾಧಾರಣ,ಸಾಧಾರಣ ಮನುಷ್ಯ ಅಸಾಧಾರಣ ಕಾರ್ಯ ಮಾಡಿದನು.,1,0,1.0
muril,ಸಾಧಾರಣ,ಸಾಧಾರಣ ಚಿಂತನೆ ಸಕಲ ಜನಕ್ಕು ಅನ್ವಯ.,2,1,1.0
muril,ಸಾಧಾರಣ,ಸಾಧಾರಣ ಸತ್ಯ ಪರಿವರ್ತಿತವಾಗಿದೆ.,2,1,1.0
muril,ಹಸ್ತ,ತನ್ನ ಹಸ್ತ ಮೆರೆದುಕೊಂಡರು.,1,0,-0.03125
muril,ಹಸ್ತ,ಹಸ್ತ ತೊಳೆಯಿರಿ.,1,3,-0.03125
muril,ಹಸ್ತ,ಬಲಹಸ್ತ ಕಾಲಿದಾಗ ಶಸ್ತ್ರ ಸರಿಸಿ.,1,1,-0.03125
muril,ಹಸ್ತ,ಆನೆಯ ಹಸ್ತ ಅತ್ಯಂತ ಶಕ್ತಿಶಾಳಿ.,2,0,-0.03125
muril,ಹಸ್ತ,ಹಸ್ತದಿಂದ ನೀರು ಕುಡಿಯುತ್ತವೆ.,2,3,-0.03125
muril,ಹಸ್ತ,ಅವನ ಹಸ್ತ ತುಂಬಾ ಸುಂದರವಾಗಿದೆ.,3,0,-0.03125
muril,ಹಸ್ತ,ಈ ಗ್ರಂಥ ಶೇಷಾದ್ರಿಯ ಹಸ್ತದಿಂದ ಬರೆದಿದೆ.,3,2,-0.03125
muril,ಹಸ್ತ,ಸಭೆ ಅವನ ಹಸ್ತದಲ್ಲಿದೆ.,4,2,-0.03125
muril,ಹಸ್ತ,ಆ ಭೂಮಿ ನಿನ್ನ ಹಸ್ತದಲ್ಲಿದೆ.,4,2,-0.03125
muril,ಹಿರಿಯ,ಹಿರಿಯ ವ್ಯಕ್ತಿಯನ್ನು ಸಮ್ಮಾನಿಸಿ.,1,1,0.0
muril,ಹಿರಿಯ,ಹಿರಿಯ ಪತ್ನಿ ಶಾಂತಿಮತೆ.,1,1,0.0
muril,ಹಿರಿಯ,ಹಿರಿಯ ಅಧಿಕಾರಿ ನಿರ್ದೇಶನ ಮಾಡಿದರು.,2,0,0.0
muril,ಹಿರಿಯ,ಹಿರಿಯ ಪದ ಪ್ರಾಪ್ತನಾಗಿ.,2,1,0.0
muril,ಹೊಡೆ,ಮೇಜಿನ ಮೇಲೆ ಹೊಡೆಯಿರಿ.,1,1,-0.06060606060606061
muril,ಹೊಡೆ,ದುರ್ಬಲ ಲೋಕದ ಬೇಡಿ ಹೊಡೆಯುವುದು.,1,0,-0.06060606060606061
muril,ಹೊಡೆ,ಸರೀ ಪದಾರ್ಥವು ತೋಟದಲ್ಲಿ ಹೊಡೆದನು.,2,2,-0.06060606060606061
muril,ಹೊಡೆ,ಗಂಡುಸಾಪು ಹೊಡೆಯಿರಿ.,2,1,-0.06060606060606061
muril,ಹೊಡೆ,ಬೆಲ್ ಹೊಡೆಯಿರಿ.,3,1,-0.06060606060606061
muril,ಹೊಡೆ,ಮಾಂತ್ರಿಕ ಘಂಟೆ ಹೊಡೆಯುತ್ತಾರೆ.,3,1,-0.06060606060606061
muril,ಹೋಗು,ಪರೀಕ್ಷೆಗೆ ಹೋಗಿ.,1,1,-0.07692307692307693
muril,ಹೋಗು,ನನ್ನ ಕಾರು ಹೋಗುತ್ತಿದೆ.,1,2,-0.07692307692307693
muril,ಹೋಗು,"ಮುಂದೆ ಹೋಗಿ, ಜಾರುವುದು ಹೋಗುತ್ತೆ.",2,0,-0.07692307692307693
muril,ಹೋಗು,ಕೋಣೆಯಿಂದ ಹೋಗಿ.,2,1,-0.07692307692307693
muril,ಹೋಗು,ಅಲೋಕು ಹೋಗಿ.,3,1,-0.07692307692307693
muril,ಹೋಗು,ಸೂರ್ಯ ದಿಗಂತದ ಹೆಚ್ಚಿನ ಹೋಗಿ.,3,1,-0.07692307692307693
muril,ಹೋಗು,ದಿನ ಸರಿಸರಿ ಹೋಗುತ್ತಿದೆ.,4,3,-0.07692307692307693
muril,ಹೋಗು,ವರ್ಷ ಬೇಗ ಹೋದೆ.,4,1,-0.07692307692307693
indicbert,ಅರ್ಥ,ಈ ಮಾತುಗಳ ಅರ್ಥ ತೃಪ್ತಿದಾಯಕವಾಗಿದೆ.,1,2,0.33962264150943394
indicbert,ಅರ್ಥ,ಪದದ ಅರ್ಥ ತಿಳಿಸಿ.,1,2,0.33962264150943394
indicbert,ಅರ್ಥ,ಸಭೆ ಅರ್ಥ ಸೂಚಿಸಿದೆ.,2,0,0.33962264150943394
indicbert,ಅರ್ಥ,ಅರ್ಥ ಪಾಲಿಸುವುದು ಅವಶ್ಯಕ.,2,3,0.33962264150943394
indicbert,ಅರ್ಥ,ಯುವಕನ ಅರ್ಥ ಉನ್ನತಿಯಿತು.,3,2,0.33962264150943394
indicbert,ಅರ್ಥ,ಈ ಪ್ರಯೋಗದ ಅರ್ಥ ತಪ್ಪಾದ ವಿಷಯ ಪಕ್ಷೀಕರಿಸುವುದು.,3,3,0.33962264150943394
indicbert,ಅರ್ಥ,ಆ ರತ್ನದ ಅರ್ಥ ತುಂಬಾ ಹೆಚ್ಚು.,4,1,0.33962264150943394
indicbert,ಅರ್ಥ,ಮಾನವ ಜೀವನದ ಅರ್ಥ ಅಮೂಲ್ಯ.,4,1,0.33962264150943394
indicbert,ಕಬ್ಬಿ,ಕಬ್ಬಿ ಬಟ್ಟೆ ಹೊಗಳುವುದಲ್ಲ.,1,1,0.4444444444444444
indicbert,ಕಬ್ಬಿ,ಕಬ್ಬಿ ಚರ್ಮ ಶೇಕಡೆ.,1,2,0.4444444444444444
indicbert,ಕಬ್ಬಿ,ಕಬ್ಬಿ ಮಾತು ಆಘಾತ ಬಿಡುತ್ತದೆ.,2,1,0.4444444444444444
indicbert,ಕಬ್ಬಿ,ಕಬ್ಬಿ ವ್ಯವಹಾರ ನಿಜನಾಗಿ ನೋವಾಗಿಸುತ್ತದೆ.,2,1,0.4444444444444444
indicbert,ಕಬ್ಬಿ,ಕಬ್ಬಿ ಮನುಷ್ಯ ಕಷ್ಟ ಸಹಿಸುತ್ತಾನೆ.,3,0,0.4444444444444444
indicbert,ಕಬ್ಬಿ,ಕಬ್ಬಿ ನಿರ್ಮಾಣ ದೀರ್ಘಸ್ಥಿರ.,3,0,0.4444444444444444
indicbert,ಕರಣ,ಈ ಘಟನೆಯ ಕರಣ ಎಂದರೆ ನಿರ್ಲಕ್ಷ್ಯತೆ.,1,1,-0.06060606060606061
indicbert,ಕರಣ,ಅನಸ್ಥೆಯ ಕರಣ ಕಾರ್ಯಭಾರ ಹೆಚ್ಚು.,1,1,-0.06060606060606061
indicbert,ಕರಣ,ಶಿಕ್ಷಣ ಜೀವನ ಸುಧಾರಣೆಯ ಕರಣ.,2,1,-0.06060606060606061
indicbert,ಕರಣ,ಕರ್ನಮ ಭರತಾವಿಯ ಕರಣಗಳು ಅದ್ಭುತವಾಗಿವೆ.,2,2,-0.06060606060606061
indicbert,ಕರಣ,ಪದವಿನ ಕರಣ ವಿಷಯ ವಿಶ್ಲೇಷಿಸಬೇಕು.,3,1,-0.06060606060606061
indicbert,ಕರಣ,ಅಪರ ಕರಣ ತೆರೆದುಕೊಂಡಿದೆ.,3,0,-0.06060606060606061
indicbert,ಕಾಲ,ಕಾಲ ದ್ರುತವಾಗಿ ಹಾದುಹೋಗಿ.,1,1,0.0425531914893617
indicbert,ಕಾಲ,ಮಹಾಭಾರತದ ಕಾಲದಲ್ಲಿ ಅನೇಕ ಯುದ್ಧ ನಡೆದವು.,1,2,0.0425531914893617
indicbert,ಕಾಲ,ಅವನ ಎಡ ಕಾಲು ಮುರಿದಿದೆ.,2,3,0.0425531914893617
indicbert,ಕಾಲ,ಕಾಲು ನೋವಾಗುತ್ತಿದೆ.,2,1,0.0425531914893617
indicbert,ಕಾಲ,ಬೇಸಿಗೆ ಕಾಲ ತುಂಬಾ ಬಿಸಿಯಾಗಿರುತ್ತವೆ.,5,0,0.0425531914893617
indicbert,ಕಾಲ,ಮುಂಗಾರು ಕಾಲ ಮೂವೆತ್ತೆ ಅಂದಾಗೆ ಬರುತ್ತದೆ.,5,1,0.0425531914893617
indicbert,ಕಾಲ,ಕಾಲ ನೋಡುತ್ತಿರುವುದೇ ಅದು.,3,4,0.0425531914893617
indicbert,ಕಾಲ,ಕಾಲದ ಸಮಯ ನಿಗದಿತವಾಗಿದೆ.,3,2,0.0425531914893617
indicbert,ಕಾಲ,ಕಾಲ ಬಟ್ಟೆ ಧರಿಸಿ.,4,4,0.0425531914893617
indicbert,ಕಾಲ,ಕಾಲ ಮೇಘ ಗಾಳಿ ಬೀಸುತ್ತಿದೆ.,4,4,0.0425531914893617
indicbert,ಕಾಲೆ,ಅನ್ನ ಕಾಲೆ ಮಾಡಬೇಡ.,1,2,-0.2962962962962963
indicbert,ಕಾಲೆ,ಅವಕಾಶ ಕಾಲೆ ಮಾಡಿದೆ.,1,0,-0.2962962962962963
indicbert,ಕಾಲೆ,ಹಣ ಕಾಲೆ ಮಾಡುವುದು ನೀತಿಹೀನ.,2,1,-0.2962962962962963
indicbert,ಕಾಲೆ,ಪ್ರತಿಭೆ ಕಾಲೆ ಮಾಡಬೇಡ.,2,0,-0.2962962962962963
indicbert,ಕಾಲೆ,ಅಧ್ಯಯನ ಕಾಲೆ ಮಾಡಿದೆ.,3,0,-0.2962962962962963
indicbert,ಕಾಲೆ,ಪರಿವಾರ ಕಾಲೆ ಮಾಡುವುದು ಅನುಚಿತ.,3,1,-0.2962962962962963
indicbert,ಕಿರಿಯ,ಕಿರಿಯ ಸಮಸ್ಯೆ ಛಿದ್ರ ಪಟ್ಟು.,1,2,0.16666666666666666
indicbert,ಕಿರಿಯ,ಕಿರಿಯ ವಿವರಣೆ ಸ್ಪಷ್ಟ.,1,2,0.16666666666666666
indicbert,ಕಿರಿಯ,ಕಿರಿಯ ಮಗು ನೆಲೆಯಲ್ಲಿ.,2,0,0.16666666666666666
indicbert,ಕಿರಿಯ,ಕಿರಿಯ ವಯಸ್ಸು ಅಮೂಲ್ಯ.,2,1,0.16666666666666666
indicbert,ಕಿರಿಯ,ಕಿರಿಯ ಸಹೋದರ ಸಹಾಯಕ.,3,0,0.16666666666666666
indicbert,ಕಿರಿಯ,ಕಿರಿಯ ಪದ ತೃಪ್ತ ವೈತನಿಕ.,3,1,0.16666666666666666
indicbert,ಕೂಲಿ,ಪರೋಪಕಾರಿ ಉದ್ದೇಶದಿಂದ ಕೂಲಿ ಮಾಡುತ್ತೆ.,1,2,0.4444444444444444
indicbert,ಕೂಲಿ,ನೋವಿನಿಂದ ಕೂಲಿ ಮಾಡಿದಾಳು.,1,2,0.4444444444444444
indicbert,ಕೂಲಿ,ಮಗುವನ್ನು ಕೂಲಿ ಮಾಡಿ.,2,0,0.4444444444444444
indicbert,ಕೂಲಿ,ನನ್ನನ್ನು ಕೂಲಿ ಮಾಡಿದಾಳು.,2,0,0.4444444444444444
indicbert,ಕೂಲಿ,ಪಾರ್ಟಿಗೆ ಮಹತ್ತರ ಕೂಲಿ ಮಾಡಿದೆ.,3,1,0.4444444444444444
indicbert,ಕೂಲಿ,ನಿನ್ನ ಸ್ನೇಹಿತರನ್ನು ಕೂಲಿ ಮಾಡೋ.,3,0,0.4444444444444444
indicbert,ಕೊಡು,ಆನೆಗೆ ಒಣಹೂವು ಕೊಡಿ.,1,1,0.0
indicbert,ಕೊಡು,ನನಗೆ ನೀರು ಕೊಡಿ.,1,1,0.0
indicbert,ಕೊಡು,ದೇವರಿಗೆ ಹೂವು ಕೊಡುವುದು ಸಂಪ್ರದಾಯ.,2,0,0.0
indicbert,ಕೊಡು,ಅತಿಥಿಗೆ ಆಸನ ಕೊಡಿ.,2,1,0.0
indicbert,ಕೊಡು,ಶತ್ರುವಿಗೆ ಭೀಷಣ ಪ್ರಹಾರ ಕೊಡುತ್ತೆ.,3,2,0.0
indicbert,ಕೊಡು,ತೊಡೆಯಿಂದ ಥಳಿ ಕೊಟ್ಟನಳೆ.,3,1,0.0
indicbert,ಕೊಡು,ಗಿರುಗಳ ಹಾಕುಮಾರಿ ಬೆಳ್ಳಳಿ ಕೊಡುತ್ತವೆ.,4,2,0.0
indicbert,ಕೊಡು,ಕ್ಷೇತ್ರ ಸಂಪೂರ್ಣ ಫಸಲಿ ಕೊಡುತ್ತಿದೆ.,4,3,0.0
indicbert,ಗಟ್ಟ,ಗಟ್ಟ ಕಲ್ಲು ಚಾಪುತ್ತಾರೆ.,1,0,0.07407407407407407
indicbert,ಗಟ್ಟ,ಮಜ್ಜಿಗೆ ಗಟ್ಟ ಕಕ್ಷ.,1,0,0.07407407407407407
indicbert,ಗಟ್ಟ,ಗುರುವು ಗಟ್ಟ ಆಜ್ಞೆಕಾರಿ.,2,2,0.07407407407407407
indicbert,ಗಟ್ಟ,ಗಟ್ಟ ನಿಯಮ ಪಾಲಿಸುತ್ತಾರೆ.,2,1,0.07407407407407407
indicbert,ಗಟ್ಟ,ಗಟ್ಟ ಸಮಸ್ಯೆ ಎದುರಾಗಿದೆ.,3,1,0.07407407407407407
indicbert,ಗಟ್ಟ,ಗಟ್ಟ ಅನುಸಾರ ನೋವು.,3,0,0.07407407407407407
indicbert,ಗುರುತ್ವ,ಗುರುತ್ವ ಕಾಚು ಕೆಲಸ.,1,2,0.24242424242424243
indicbert,ಗುರುತ್ವ,ಗುರುತ್ವ ಸಮಸ್ಯೆ ಪರಿಹಾರ.,1,1,0.24242424242424243
indicbert,ಗುರುತ್ವ,ಗುರುತ್ವ ನಿರ್ಧಾರ ಕೆಳಗಿಳಿಸಲಾಯಿತು.,2,0,0.24242424242424243
indicbert,ಗುರುತ್ವ,ಗುರುತ್ವ ಕಾರ್ಯಭಾರ ತಿಳಿಸಲಾಯಿತು.,2,0,0.24242424242424243
indicbert,ಗುರುತ್ವ,ಗುರುತ್ವ ಸಂಜೆಯಲ್ಲಿ ಆರಾಧನೆ.,3,0,0.24242424242424243
indicbert,ಗುರುತ್ವ,ಗುರುತ್ವ ನೀತಿ ಅನುಷ್ಠಾನ.,3,0,0.24242424242424243
indicbert,ಚಕ್ರ,ರಥದ ಚಕ್ರ ಭಾರೀ ಮರದಿಂದ ತಯಾರಾಗಿದೆ.,1,0,0.33962264150943394
indicbert,ಚಕ್ರ,ಮೊಟೊರಿನ ಚಕ್ರ ತಿರುಗುತ್ತಿದೆ.,1,1,0.33962264150943394
indicbert,ಚಕ್ರ,ಜೀವನದ ಚಕ್ರ ಮುಂದುವರಿದುಕೊಂಡಿದೆ.,2,2,0.33962264150943394
indicbert,ಚಕ್ರ,ಋತುಗಳ ಚಕ್ರ ಪುನರಾವೃತ್ತಿಯಾಗುತ್ತಿದೆ.,2,2,0.33962264150943394
indicbert,ಚಕ್ರ,ಯೋಗದಲ್ಲಿ ಆಚ್ಠ ಚಕ್ರಗಳು ಮುಖ್ಯ.,3,3,0.33962264150943394
indicbert,ಚಕ್ರ,ಹೃದಯ ಚಕ್ರ ಸಕ್ರಿಯಗೊಳಿಸುತ್ತಾರೆ.,3,3,0.33962264150943394
indicbert,ಚಕ್ರ,ಕೃಷ್ಣನ ಚಕ್ರ ವೈಷ್ಣವ ಅಸ್ತ್ರ.,4,2,0.33962264150943394
indicbert,ಚಕ್ರ,ಸುದರ್ಶನ ಚಕ್ರ ಸಕಲವನ್ನು ನಾಶಮಾಡುತ್ತಿದೆ.,4,1,0.33962264150943394
indicbert,ಚಿತ್ರ,ಆ ಚಿತ್ರ ನೈಜತ್ವವನ್ನು ಪ್ರತಿಬಿಂಬಿಸುತ್ತದೆ.,1,0,0.0
indicbert,ಚಿತ್ರ,ಚಿತ್ರ ತೆಗೆಯಬೇಕೆ?,1,0,0.0
indicbert,ಚಿತ್ರ,ಸಮಾಜದಲ್ಲಿ ಅನೇಕ ಚಿತ್ರ ಜನತೆ ವಾಸ ಮಾಡುತ್ತಾರೆ.,2,1,0.0
indicbert,ಚಿತ್ರ,ಈ ಕಾದಂಬರಿಯು ಚಿತ್ರವಾದ ಪ್ರಕರಣಗಳನ್ನು ಹೊಂದಿದೆ.,2,2,0.0
indicbert,ಚಿತ್ರ,ಆ ಚಿತ್ರ ಘಟನೆ ಕೇಳಲು ಅದ್ಭುತವಾಗಿದೆ.,3,0,0.0
indicbert,ಚಿತ್ರ,ಚಿತ್ರವಾದ ಸಂಗತಿ ಸಂಭವಿಸಿದೆ.,3,3,0.0
indicbert,ಚಿತ್ರ,ರವಿಶಂಕರ ಸುಂದರ ಚಿತ್ರ ಸೃಷ್ಟಿಸುತ್ತಾರೆ.,4,1,0.0
indicbert,ಚಿತ್ರ,ಈ ಚಿತ್ರ ಶಿಲ್ಪ ಅಸಾಧಾರಣ ಕಾದಂಬರಿ.,4,0,0.0
indicbert,ಜಲ,ನೀರಾಯ ಜಲ ಕುಡಿಯಿರಿ.,1,2,0.07407407407407407
indicbert,ಜಲ,ಜಲ ಬೆಳಗಿನ ಬಿಸಿಯಲ್ಲಿ ಕುದಿಯುತ್ತಿದೆ.,1,1,0.07407407407407407
indicbert,ಜಲ,ತೈಲಜಲ ಸಲ್ಯ ಹೀಲಿಂಗಿಗೆ ಉಪಯುಕ್ತ.,2,0,0.07407407407407407
indicbert,ಜಲ,ಕಷಾಯ ಜಲ ಔಷಧ.,2,2,0.07407407407407407
indicbert,ಜಲ,ಜಲದಲ್ಲಿ ಬೆನ್ನು ಬದ್ಧವಾಗುತ್ತಿದೆ.,3,1,0.07407407407407407
indicbert,ಜಲ,ಜಲ ತೂರುವ ಹೀನಾಭಿಮಾನ ನಿವಾರಿಸುವುದು ಕಷ್ಟ.,3,1,0.07407407407407407
indicbert,ತೆಗೆ,ನನ್ನ ಹಸ್ತ ತೆಗೆ.,1,2,0.0
indicbert,ತೆಗೆ,ಹಾಕುಮಾರಿಗೆ ನಕ್ಷತ್ರ ತೆಗೆದು ಕೊಟ್ಟರು.,1,3,0.0
indicbert,ತೆಗೆ,ಹೋಗಿ ಮೇಲಿನ ತಗರು ತೆಗೆದುಕೊ.,2,0,0.0
indicbert,ತೆಗೆ,ಕಂಕುದಿಂದ ಮುಖ್ಯ ಕೆಲಸ ತೆಗೆದುಕೊ.,2,0,0.0
indicbert,ತೆಗೆ,ನೆಲದಿಂದ ಪಿಸು ತೆಗೆದುಕೊ.,3,0,0.0
indicbert,ತೆಗೆ,ಹೊರಗಿನ ಸೂಪ ತೆಗೆದುಕೊಂಡೆ.,3,1,0.0
indicbert,ತೆಗೆ,ಗುರಿನೆ ಬಾರಣವನ್ನು ತೆಗೆದುಕೊಳ್ಳಿ.,4,0,0.0
indicbert,ತೆಗೆ,ಪ್ರಾಣಿ ಪರೀಕ್ಷೆಯಲ್ಲಿ ತೆಗೆದುಕೊಂಡರು.,4,3,0.0
indicbert,ಧರಣಿ,ಧರಣಿ ಭ್ರಮಿಸುತ್ತಾ ಇರುತ್ತದೆ.,1,1,0.07407407407407407
indicbert,ಧರಣಿ,ಧರಣಿಯ ಮೇಲೆ ಮಿಲಿಯನ ಜನ ವಾಸ ಮಾಡುತ್ತಾರೆ.,1,2,0.07407407407407407
indicbert,ಧರಣಿ,ಈ ಕೋಟೆಯ ಧರಣಿ ಕಲ್ಲಿನಿಂದ ಕೆತ್ತಿರುವುದು.,2,0,0.07407407407407407
indicbert,ಧರಣಿ,ಮನೆಯ ಧರಣಿ ಬಲಾಗಿರುವುದು ಅಗತ್ಯ.,2,0,0.07407407407407407
indicbert,ಧರಣಿ,ಪುಷ್ಪಗಳ ಧರಣಿ ಸುವಾಸಿತವಾಗಿರುತ್ತವೆ.,3,0,0.07407407407407407
indicbert,ಧರಣಿ,ಧರಣಿ ಇಳಿಪಡಿಸುವ ಪದಾರ್ಥ.,3,1,0.07407407407407407
indicbert,ಧರಿಸು,ಹೊಸ ಬಟ್ಟೆ ಧರಿಸಿ.,1,2,-0.06060606060606061
indicbert,ಧರಿಸು,ಮುಖವಾಣಿ ಧರಿಸಿ.,1,2,-0.06060606060606061
indicbert,ಧರಿಸು,ಅಸ್ತ್ರ ಧರಿಸಿ ಯುದ್ಧಕ್ಕೆ ಬಂದರು.,2,0,-0.06060606060606061
indicbert,ಧರಿಸು,ಮಾದರಿ ಧರಿಸಿ ಹೋಗುತ್ತೆ.,2,2,-0.06060606060606061
indicbert,ಧರಿಸು,ಭೂಮಿಯ ಸಾಕಷ್ಟು ಸೋಂಕುಗಳನ್ನು ಧರಿಸಿದೆ.,3,2,-0.06060606060606061
indicbert,ಧರಿಸು,ಕುಟುಂಬದ ನೈತಿಕ ಧರಿಸುವುದು ಅವಶ್ಯಕ.,3,1,-0.06060606060606061
indicbert,ನಕಲಿ,ಆ ನಕಲಿ ಚಿತ್ರ ಅಸಾಧಾರಣ ಸಿದ್ಧಿ.,1,2,-0.2962962962962963
indicbert,ನಕಲಿ,ನಕಲಿ ಪಾಸ್‌ಪೋರ್ಟ್ ಜರಿಮಾನೆಗೆ ಸಾಧ್ಯ.,1,0,-0.2962962962962963
indicbert,ನಕಲಿ,ನಕಲಿ ಸಾಕ್ಷ್ಯ ನ್ಯಾಯಾಲಯದ ವಿರುದ್ಧ ರಿವಾಜು.,2,0,-0.2962962962962963
indicbert,ನಕಲಿ,ನಕಲಿ ವಾದ್ಯತೆ ನಿಖಿಲ ಎಲೆ ಪ್ರತಿ.,2,1,-0.2962962962962963
indicbert,ನಕಲಿ,ನಕಲಿ ನಾಣ್ಯ ಸಾಕಷ್ಟು ಪರಿಚಿತವಾಗಿದೆ.,3,0,-0.2962962962962963
indicbert,ನಕಲಿ,ನಕಲಿ ವಸ್ತುವನ್ನು ವಿಕ್ರಯ ಮಾಡುವುದು ಅಪರಾಧ.,3,1,-0.2962962962962963
indicbert,ನೀಡ,ಪಕ್ಷಿಯ ನೀಡ ವೃಕ್ಷದ ಮೇಲೆ ಇದೆ.,1,2,-0.06060606060606061
indicbert,ನೀಡ,ಸೂಕನಲ್ಲಿ ನೀಡ ತಿರಿಯುತ್ತೆ.,1,0,-0.06060606060606061
indicbert,ನೀಡ,ಬೆಕೆಲೆಗಾಗಿ ಪರಿವಾರದ ನೀಡ ನಿರ್ಮಾಣ ಮಾಡಿದರು.,2,0,-0.06060606060606061
indicbert,ನೀಡ,ಹೊಸ ನೀಡಕ್ಕೆ ಸ್ವಾಗತ.,2,1,-0.06060606060606061
indicbert,ನೀಡ,ಪ್ರಭುನ ನೀಡ ನೀತಿಸೋಪಾನದಲ್ಲಿ.,3,0,-0.06060606060606061
indicbert,ನೀಡ,ಆತ್ಮನ ಚಿರಂತನ ನೀಡ ಅತೀಂದ್ರಿಯ.,3,0,-0.06060606060606061
indicbert,ನೀಲ,ನೀಲ ಆಕಾಶ ಮೋಹಕ.,1,1,-0.2962962962962963
indicbert,ನೀಲ,ನೀಲ ವಸ್ತ್ರ ಸುಂದರವಾಗಿದೆ.,1,2,-0.2962962962962963
indicbert,ನೀಲ,ನೀಲ ಸಂಜೆ ಬರುತ್ತಿದೆ.,2,1,-0.2962962962962963
indicbert,ನೀಲ,ನೀಲ ಮೋಹೆ ಅಂಧಕಾರ.,2,0,-0.2962962962962963
indicbert,ನೀಲ,ನೀಲ ಗಿಳಿ ಮಂಡಿರದ ಸ್ಕಂಧ.,3,1,-0.2962962962962963
indicbert,ನೀಲ,ನೀಲ ರಂಗು ಧೌತ ಸಂಭೋಗ.,3,0,-0.2962962962962963
indicbert,ನೇತೃತ್ವ,ಪಾರ್ಥ ಸೈನ್ಯವನ್ನು ನೇತೃತ್ವ ಮಾಡಿದರು.,1,1,-0.2962962962962963
indicbert,ನೇತೃತ್ವ,ಈ ಪ್ರಯೋಗದಲ್ಲಿ ನಾನು ನೇತೃತ್ವ ಮಾಡುತ್ತೇನೆ.,1,2,-0.2962962962962963
indicbert,ನೇತೃತ್ವ,ಶಿಲ್ಪಿ ಸಂಗೀತವನ್ನು ನೇತೃತ್ವ ಮಾಡಿದರು.,2,1,-0.2962962962962963
indicbert,ನೇತೃತ್ವ,ಆರ್ಕೆಸ್ಟ್ರಾ ನೇತೃತ್ವ ಮಾಡುವುದು ಕಾಂಡಕ್ಟರ್‌ನ ಕೆಲಸ.,2,0,-0.2962962962962963
indicbert,ನೇತೃತ್ವ,ಸಂಸ್ಥೆಯನ್ನು ನೇತೃತ್ವ ಮಾಡುವ ಜವಾಬ್ದಾರಿ.,3,1,-0.2962962962962963
indicbert,ನೇತೃತ್ವ,ಯುವಕನು ಕಂಪನಿ ನೇತೃತ್ವ ಮಾಡಿದನು.,3,0,-0.2962962962962963
indicbert,ನೋಡು,ಆಕಾಶ ನೋಡಿ.,1,0,0.0
indicbert,ನೋಡು,ಒಟ್ಟಿಗೆ ಏನು ನೋಡುತ್ತೀಯ?,1,2,0.0
indicbert,ನೋಡು,ಸಿನೆಮಾ ನೋಡುವುದು ಆನಂದ.,2,1,0.0
indicbert,ನೋಡು,ಕಡಿಮೆ ಮಾರುಕಟ್ಟೆ ನೋಡೊಳ್ಳಿ.,2,0,0.0
indicbert,ನೋಡು,ನನ್ನ ಸ್ನೇಹಿತ ನೀಡೆ ನೋಡುತ್ತೆ.,3,3,0.0
indicbert,ನೋಡು,ರಾತ್ರಿ ನಿಮ್ಮನ್ನು ನೋಡುತ್ತೇನೆ.,3,1,0.0
indicbert,ನೋಡು,ಸರಿಪೊತ್ತು ನೋಡಿ.,4,0,0.0
indicbert,ನೋಡು,ಚಿಕಿತ್ಸಕ ರೋಗಿಯನ್ನು ನೋಡಿದರು.,4,0,0.0
indicbert,ಪುಲ,ನದಿಯ ಮೇಲೆ ಹೊಸ ಪುಲ ನಿರ್ಮಾಣವಾಗುತ್ತಿದೆ.,1,2,0.4444444444444444
indicbert,ಪುಲ,ಪುಲ ದಾಟಿ ಹೋಗಿ.,1,2,0.4444444444444444
indicbert,ಪುಲ,ಬೆಸೆಯ ಪುಲ ಚೆಂದ ಸುವಾಸಿತವಾಗಿರುತ್ತವೆ.,2,0,0.4444444444444444
indicbert,ಪುಲ,ಹೂವಿನ ಪುಲ ನೋಡು.,2,1,0.4444444444444444
indicbert,ಪುಲ,ನವೆಂಬರ್ ಅವರಿಗೆ ಪುಲದ ತೂಟು ಕೊಟ್ಟರು.,3,0,0.4444444444444444
indicbert,ಪುಲ,ಮದುವೆಯ ಸಮಯದಲ್ಲಿ ಸುಂದರ ಪುಲದ ತೂಟು ನೋಡಲಾಯಿತು.,3,0,0.4444444444444444
indicbert,ಪೆರೆಲೆ,ಸೂರ್ಯನ ಪೆರೆಲೆ ಬೀಸುತ್ತಿದೆ.,1,2,-0.25
indicbert,ಪೆರೆಲೆ,ಮರದ ಪೆರೆಲೆಯಲ್ಲಿ ಕುಳಿತುಕೊಂಡೆ.,1,1,-0.25
indicbert,ಪೆರೆಲೆ,ನೀರಿನಲ್ಲಿ ಮುಖದ ಪೆರೆಲೆ ಕಾಣುತ್ತಿದೆ.,2,2,-0.25
indicbert,ಪೆರೆಲೆ,ಕನ್ನಡ ಸಂಸ್ಕೃತಿಯ ಪೆರೆಲೆ ಲೋಕವೆಲ್ಲಾ ಪಡೆದೆ.,2,0,-0.25
indicbert,ಪೆರೆಲೆ,ಆತನ ಮೇಲೆ ನಿರ್ದೋಷತೆಯ ಪೆರೆಲೆಯೂ ಇಲ್ಲ.,3,1,-0.25
indicbert,ಪೆರೆಲೆ,ಪೆರೆಲೆ ಪರಿಚಯ ನಾಶ ಮಾಡುತ್ತದೆ.,3,0,-0.25
indicbert,ಪ್ರಭು,ಸೋಮನಾಥ ತನ್ನ ಗುಲಾಮನ ಪ್ರಭು.,1,1,0.16666666666666666
indicbert,ಪ್ರಭು,ಪ್ರಭುವಿನ ಆದೇಶ ಪಾಲಿಸಲೇಬೇಕು.,1,2,0.16666666666666666
indicbert,ಪ್ರಭು,ಪ್ರಭುವೆ ನಮ್ಮನ್ನು ರಕ್ಷಿಸಿ.,2,1,0.16666666666666666
indicbert,ಪ್ರಭು,ಪ್ರಭುವಿನ ಕೃಪೆ ಅಪರಿಸೀಮ.,2,2,0.16666666666666666
indicbert,ಪ್ರಭು,ರವಿ ಪ್ರಭುಗಳು ಮುಖ್ಯ ಅಧಿಕಾರಿ.,3,0,0.16666666666666666
indicbert,ಪ್ರಭು,ಪ್ರಭುಗಳ ನಿರ್ದೇಶನ ನೋಡಿ ಕೆಲಸ ಮಾಡಿ.,3,0,0.16666666666666666
indicbert,ಪ್ರೀತಿ,ಪ್ರೀತಿ ಭಾರ್ಯೆ ಮನೆಯ ಸಿಂದೂರ.,1,1,-0.2962962962962963
indicbert,ಪ್ರೀತಿ,ಪ್ರೀತಿ ಭಿತಿಜ ಅವನ ಪ್ರಿಯೆ.,1,0,-0.2962962962962963
indicbert,ಪ್ರೀತಿ,ಪ್ರೀತಿ ವಿಷಯ ಶಾಸ್ತ್ರ.,2,1,-0.2962962962962963
indicbert,ಪ್ರೀತಿ,ಪ್ರೀತಿ ಔಷಧ ಇಂದ್ರಿಯ.,2,0,-0.2962962962962963
indicbert,ಪ್ರೀತಿ,ಪ್ರೀತಿ ಸುಗಂಧ ಹೃದಯ.,3,1,-0.2962962962962963
indicbert,ಪ್ರೀತಿ,ಪ್ರೀತಿ ಸಂವಾದ ಆನಂದ.,3,2,-0.2962962962962963
indicbert,ಬರು,ನಾಳೆ ನನ್ನ ಮನೆಗೆ ಬಾರು.,1,1,0.0
indicbert,ಬರು,ಕಡಿಮೆ ಕರೆ ಸುಗಿಕೊ ಬರುತ್ತೆ.,1,0,0.0
indicbert,ಬರು,ರೈಲು ಸಮಯಕ್ಕೆ ಬರುತ್ತಿದೆ.,2,0,0.0
indicbert,ಬರು,ಮೇಲಿನ ಸಿಡಿ ಹಠಾತ್ತು ಬರುತ್ತೆ.,2,0,0.0
indicbert,ಬರು,ಇದೇ ಆಕಸ್ಮಾತ್ ಘಟನೆ ಕಾಲೇ ಕಾಲೇ ಬರುತ್ತದೆ.,3,0,0.0
indicbert,ಬರು,ಶೀತ ಋತುವು ಬರುತ್ತಿದೆ.,3,2,0.0
indicbert,ಬರು,ಅವನು ಅರಸನಾಗಿ ಬರುತ್ತೀಯ.,4,3,0.0
indicbert,ಬರು,ನೀ ಶಕ್ತಿಶಾಳಿಯಾಗಿ ಬರಿ.,4,1,0.0
indicbert,ಬಾಗ,ಪುಷ್ಪಬಾಗ ಅತ್ಯಂತ ಸುಂದರವಾಗಿದೆ.,1,2,0.07407407407407407
indicbert,ಬಾಗ,ತರಕಾರಿ ಬಾಗದಲ್ಲಿ ಸೋಂಕು ಹಿಡಿದಿದೆ.,1,1,0.07407407407407407
indicbert,ಬಾಗ,ಸಂಪತ್ತಿನಿಂದ ಪ್ರತಿಯೊಬ್ಬರ ಬಾಗ ನಿರ್ಧರಿಸಿ.,2,0,0.07407407407407407
indicbert,ಬಾಗ,ನನ್ನ ಬಾಗ ನಿಗದಿತವಾಗಿ ಇದೆ.,2,0,0.07407407407407407
indicbert,ಬಾಗ,ಬೆಂಗಳೂರು ಉತ್ತರ ಬಾಗದಲ್ಲಿ ಸ್ಥಿತವಾಗಿದೆ.,3,1,0.07407407407407407
indicbert,ಬಾಗ,ನಗರದ ಪಶ್ಚಿಮ ಬಾಗ ಸಾಕಷ್ಟು ಅಭಿವೃದ್ಧಿಯಾಗಿದೆ.,3,0,0.07407407407407407
indicbert,ಬೀಜ,ತರಕಾರಿಯ ಬೀಜ ಲೋಳೆ.,1,1,-0.06060606060606061
indicbert,ಬೀಜ,ಬೀಜ ಬಿತ್ತಬೇಕು ವರ್ಷ ಸುಮಾರು.,1,0,-0.06060606060606061
indicbert,ಬೀಜ,ಆ ಕಲುಷತೆಯ ಬೀಜ ಕುರೂರತೆ.,2,1,-0.06060606060606061
indicbert,ಬೀಜ,ಚಿಂತೆ ಎಲ್ಲ ಸಮಸ್ಯೆಯ ಬೀಜ.,2,2,-0.06060606060606061
indicbert,ಬೀಜ,ಗುರುವು ಗುಪ್ತ ಬೀಜ ಪ್ರದಾನ ಮಾಡಿದರು.,3,1,-0.06060606060606061
indicbert,ಬೀಜ,ಈ ಯಂತ್ರದ ಬೀಜ ತಿಳಿದರೆ ಸಾಧನೆ ಮಾಡಬಹುದು.,3,1,-0.06060606060606061
indicbert,ಬೆಳೆ,ಮಗು ಬೆಳೆಯುತ್ತಿದೆ.,1,2,-0.06060606060606061
indicbert,ಬೆಳೆ,ಆತನ ಉತ್ತರ ದಾಯಿತ್ವ ಬೆಳೆಯುತ್ತಿದೆ.,1,0,-0.06060606060606061
indicbert,ಬೆಳೆ,ಅನ್ನ ಬೆಳೆಯುವುದು ರೈತಿಕೆಯ ಪ್ರಧಾನ ಕೆಲಸ.,2,0,-0.06060606060606061
indicbert,ಬೆಳೆ,ತರಕಾರಿ ಬೆಳೆಯಿರಿ.,2,0,-0.06060606060606061
indicbert,ಬೆಳೆ,ಮಗುವಿನ ಮನ ಬೆಳೆಯುವುದು ಮುಖ್ಯ.,3,0,-0.06060606060606061
indicbert,ಬೆಳೆ,ಶಕ್ತಿ ಬೆಳೆಸಿ.,3,1,-0.06060606060606061
indicbert,ಬೋಳ,ಬೋಳ ಕಾಲೆ ಅವನು ಕೆಟ್ಟ ಪರಿಣಾಮ ಮಾಡಿದನು.,1,0,0.08163265306122448
indicbert,ಬೋಳ,ಬೋಳ ವಿಚಾರಣೆ ಅಸಮರ್ಥನನ್ನು ಸೂಚಿಸುತ್ತದೆ.,1,0,0.08163265306122448
indicbert,ಬೋಳ,ಬೋಳ ಮಸ್ತಿಷ್ಕ ಶಿಕ್ಷೆ ಪಡೆಯಲು ಸಾಧ್ಯ.,2,0,0.08163265306122448
indicbert,ಬೋಳ,ಬೋಳ ಸಮಝಿಸುವ ಶಕ್ತಿ ಕ್ಷೀಣ.,2,0,0.08163265306122448
indicbert,ಬೋಳ,ಈ ಬೋಳ ಬಟ್ಟೆ ಹಾಕುವೆ ಅದೇ.,3,2,0.08163265306122448
indicbert,ಬೋಳ,ಆ ಬೋಳ ಕುರುಡೆ ಹಾಗೆ ಕೆಲಸ ಮಾಡುತ್ತಾನೆ.,3,0,0.08163265306122448
indicbert,ಬೋಳ,Diverse contexts for each sense,3,1,0.08163265306122448
indicbert,ಬೋಳ,"Mix of everyday, literary, and formal usage",3,1,0.08163265306122448
indicbert,ಬೋಳ,Real-world applicability,3,1,0.08163265306122448
indicbert,ಭಕ್ತ,ಕೃಷ್ಣನ ಭಕ್ತರು ಕೋವಿಲಿಗೆ ಸೆರೆದುಬಂದರು.,1,1,0.07407407407407407
indicbert,ಭಕ್ತ,ಆ ಗುರುವಿನ ಭಕ್ತ ತುಂಬಾ ಆಸ್ಥೆಗಳುದ್ದ.,1,0,0.07407407407407407
indicbert,ಭಕ್ತ,ಅರಸನ ಭಕ್ತರು ನಿರ್ದೇಶ ಪಾಲಿಸಿದರು.,2,1,0.07407407407407407
indicbert,ಭಕ್ತ,ಭಕ್ತರನ್ನು ಸಮ್ಮಾನಿಸಿ.,2,2,0.07407407407407407
indicbert,ಭಕ್ತ,ಪ್ರಭುದ ಭಕ್ತರು ಧರ್ಮವನ್ನು ಪೋಷಿಸಿದರು.,3,0,0.07407407407407407
indicbert,ಭಕ್ತ,ನಿಜನಾದ ಭಕ್ತರು ಸತ್ತರನ್ನು ಒಂದೆಡೆ ಮಾಡುತ್ತಾರೆ.,3,0,0.07407407407407407
indicbert,ಮಾಡು,ಚಿತ್ರ ಸೃಷ್ಟಿ ಮಾಡಿ.,1,0,0.04
indicbert,ಮಾಡು,ಕಟಣೆ ಮಾಡುತ್ತೇನೆ.,1,2,0.04
indicbert,ಮಾಡು,ಕೆಲಸ ಮಾಡಿ.,2,0,0.04
indicbert,ಮಾಡು,ಸಹಾಯ ಮಾಡಿ.,2,0,0.04
indicbert,ಮಾಡು,ಆಹಾರ ಮಾಡುತ್ತೇನೆ.,3,4,0.04
indicbert,ಮಾಡು,ಬಾರ ಮಾಡುವುದು ಪುರಸ್ಕಾರ.,3,3,0.04
indicbert,ಮಾಡು,ಸಮಸ್ಯೆ ಮಾಡಿದೆ.,4,0,0.04
indicbert,ಮಾಡು,ಕೆಸರು ಮಾಡುವುದು ಸುಗಮ.,4,1,0.04
indicbert,ಮಾಡು,ರೋಗಿಯನ್ನು ಸರಿಯಾಗಿ ಮಾಡಿ.,5,0,0.04
indicbert,ಮಾಡು,ಸಮಸ್ಯೆಯನ್ನು ಸರಿಯಾಗಿ ಮಾಡಬೇಕು.,5,0,0.04
indicbert,ಮಾತು,ನನ್ನ ಮಾತು ಆಲಿಸಿ.,1,0,-0.10344827586206896
indicbert,ಮಾತು,ಆ ಮಾತು ನಿಜವಾಗಿದೆ.,1,0,-0.10344827586206896
indicbert,ಮಾತು,"ಮಾತುಗಳ ಅರ್ಥ ಅಲ್ಲ, ಭಾವ ಪ್ರಮುಖ.",1,2,-0.10344827586206896
indicbert,ಮಾತು,ಇದು ಗಮನಾರ್ಹ ಮಾತು.,2,0,-0.10344827586206896
indicbert,ಮಾತು,ಆ ಮಾತಿನ ಬಗ್ಗೆ ಮಾತನಾಡಬೇಡ.,2,1,-0.10344827586206896
indicbert,ಮಾತು,ಕ್ರೀಡಾ ಮಾತು ಈತನಿಗೆ ಆಸಕ್ತಿ.,2,0,-0.10344827586206896
indicbert,ಮಾತು,ಪಟ್ಟಣದಲ್ಲಿ ಸಾಕಷ್ಟು ಮಾತು ಆಗಿದೆ.,3,0,-0.10344827586206896
indicbert,ಮಾತು,ತಲೆಕೆಳಿತ ಮಾತು ನಂಬಬೇಡ.,3,0,-0.10344827586206896
indicbert,ಮುಕ್ತ,ಕೈದಿ ಮುಕ್ತನಾದನು.,1,1,-0.2962962962962963
indicbert,ಮುಕ್ತ,ಮುಕ್ತ ಮನೋಭಾವ ಅಗತ್ಯ.,1,0,-0.2962962962962963
indicbert,ಮುಕ್ತ,ಬಂಧನೆಯಿಂದ ಮುಕ್ತನಾದನು.,2,1,-0.2962962962962963
indicbert,ಮುಕ್ತ,ಇಲಿಯನ್ನು ಮುಕ್ತ ಮಾಡಿ.,2,2,-0.2962962962962963
indicbert,ಮುಕ್ತ,ಪ್ರಾಣಿ ಮೋಕ್ಷದಿಂದ ಮುಕ್ತನಾದನು.,3,1,-0.2962962962962963
indicbert,ಮುಕ್ತ,ಶರೀರದ ಬಂಧನೆಯಿಂದ ಮುಕ್ತ ಪುರುಷ.,3,0,-0.2962962962962963
indicbert,ರಸ,ಆ ಅನ್ನದ ರಸ ಅತ್ಯಂತ ಸುಮಾರು.,1,0,0.06896551724137931
indicbert,ರಸ,ಲೆಮೆನ್ ರಸ ಅಮ್ಲೀಯವಾಗಿರುತ್ತದೆ.,1,0,0.06896551724137931
indicbert,ರಸ,ಹಣ್ಣಿನ ರಸ ಮಿಠಾಗಿರುತ್ತದೆ.,2,0,0.06896551724137931
indicbert,ರಸ,ಗೆಜ್ಜಿನ ರಸ ಸೋಯಿ ರಸ ಹೊಂದಿಕೆ.,2,1,0.06896551724137931
indicbert,ರಸ,ಕವಿತೆಯಲ್ಲಿ ಭಿನ್ನ ರಸಗಳು ಇವೆ.,3,3,0.06896551724137931
indicbert,ರಸ,ಶೃಂಗಾರ ರಸ ಸಂಗೀತದಲ್ಲಿ ಪ್ರಕಾಶಿತವಾಗುತ್ತದೆ.,3,1,0.06896551724137931
indicbert,ರಸ,ದೇವತೆಗಳು ಅಮೃತ ರಸ ಕುಡಿದರು.,4,2,0.06896551724137931
indicbert,ರಸ,ರೇಸ ರಸದ ಎಳೆ ಮಧುರ.,4,3,0.06896551724137931
indicbert,ರಸ,ನಟನ ಅಭಿನಯ ರಸವನ್ನು ಹೃದಯಕ್ಕೆ ಸೇರಿಸುತ್ತದೆ.,5,2,0.06896551724137931
indicbert,ರಸ,ಕ್ಷಿತಿಜರ ನೃತ್ಯ ಏಕ ರಸದಿಂದ ತುಂಬಿತ್ತು.,5,4,0.06896551724137931
indicbert,ಲೇ,ನೀರು ಲೇಯಿ.,1,1,0.07407407407407407
indicbert,ಲೇ,ಆ ಸೂಪಿಗೆ ಈ ದ್ರವ್ಯ ಲೇಯಿ.,1,2,0.07407407407407407
indicbert,ಲೇ,ಟೇಬಿಲ್ ಮೇಲೆ ನೀರು ಲೇದೆ.,2,0,0.07407407407407407
indicbert,ಲೇ,ಹೊಡೆದಿದ್ದರಿಂದ ಹೆಣ್ಣಿನ ಲೋಹಿತ ಲೇದೆ.,2,0,0.07407407407407407
indicbert,ಲೇ,ಬೀಜ ಲೇಯಿ.,3,1,0.07407407407407407
indicbert,ಲೇ,ಪ್ರಕಾಶ ಲೇದೆ.,3,0,0.07407407407407407
indicbert,ಲೋಭಿ,ಲೋಭಿ ಮನುಷ್ಯ ಸದಾ ತೃಪ್ತ ರಹಿತ.,1,1,0.0
indicbert,ಲೋಭಿ,ಲೋಭಿ ಭಾವನೆ ನಾಶ ಮಾಡುತ್ತದೆ.,1,0,0.0
indicbert,ಲೋಭಿ,ಶಿಕ್ಷೆಯ ಲೋಭಿ ವಿದ್ಯಾರ್ಥಿ.,2,1,0.0
indicbert,ಲೋಭಿ,ಸಫಲತೆ ಲೋಭಿ ಮನುಷ್ಯ.,2,1,0.0
indicbert,ವಹಿಸು,ಸೋವೆಯನ್ನು ವಹಿಸುವುದು ಭಾರೀ.,1,2,-0.2962962962962963
indicbert,ವಹಿಸು,ಹೊರೆ ವಹಿಸಿ ಹೋಗಿ.,1,1,-0.2962962962962963
indicbert,ವಹಿಸು,ರಾಷ್ಟ್ರದ ಜವಾಬ್ದಾರಿ ವಹಿಸುವುದು ಕಷ್ಟ.,2,0,-0.2962962962962963
indicbert,ವಹಿಸು,ಪದ ವಹಿಸಿಕೊಂಡಿರುವ ಅಧಿಕಾರಿ.,2,1,-0.2962962962962963
indicbert,ವಹಿಸು,ಸಂಕಟ ವಹಿಸುವುದು ಧೈರ್ಯದ ಲಕ್ಷಣ.,3,0,-0.2962962962962963
indicbert,ವಹಿಸು,ಹೊತ್ತುಕೊಂಡ ಮನೋವೇದನೆ ವಹಿಸಿ.,3,1,-0.2962962962962963
indicbert,ಸಾಕು,ಇಷ್ಟು ಸಾಕು.,1,1,0.07407407407407407
indicbert,ಸಾಕು,ಹಣ ಸಾಕುದೆ?,1,2,0.07407407407407407
indicbert,ಸಾಕು,ಹಸು ಸಾಕುವುದು ಅಸಾಧಾರಣ.,2,1,0.07407407407407407
indicbert,ಸಾಕು,ಗುರುಗಳನ್ನು ಸಾಕಿದೆ.,2,0,0.07407407407407407
indicbert,ಸಾಕು,ಈ ನೋವು ಸಾಕಲಾರೆ.,3,0,0.07407407407407407
indicbert,ಸಾಕು,ಹೆಚ್ಚು ಅವಮಾನ ಸಾಕಬಾರದು.,3,0,0.07407407407407407
indicbert,ಸಾಧಾರಣ,ಸಾಧಾರಣ ಕುಟುಂಬ ಬದುಕುತ್ತೆ.,1,0,-0.5
indicbert,ಸಾಧಾರಣ,ಸಾಧಾರಣ ಮನುಷ್ಯ ಅಸಾಧಾರಣ ಕಾರ್ಯ ಮಾಡಿದನು.,1,1,-0.5
indicbert,ಸಾಧಾರಣ,ಸಾಧಾರಣ ಚಿಂತನೆ ಸಕಲ ಜನಕ್ಕು ಅನ್ವಯ.,2,0,-0.5
indicbert,ಸಾಧಾರಣ,ಸಾಧಾರಣ ಸತ್ಯ ಪರಿವರ್ತಿತವಾಗಿದೆ.,2,1,-0.5
indicbert,ಹಸ್ತ,ತನ್ನ ಹಸ್ತ ಮೆರೆದುಕೊಂಡರು.,1,0,-0.08333333333333333
indicbert,ಹಸ್ತ,ಹಸ್ತ ತೊಳೆಯಿರಿ.,1,0,-0.08333333333333333
indicbert,ಹಸ್ತ,ಬಲಹಸ್ತ ಕಾಲಿದಾಗ ಶಸ್ತ್ರ ಸರಿಸಿ.,1,1,-0.08333333333333333
indicbert,ಹಸ್ತ,ಆನೆಯ ಹಸ್ತ ಅತ್ಯಂತ ಶಕ್ತಿಶಾಳಿ.,2,0,-0.08333333333333333
indicbert,ಹಸ್ತ,ಹಸ್ತದಿಂದ ನೀರು ಕುಡಿಯುತ್ತವೆ.,2,2,-0.08333333333333333
indicbert,ಹಸ್ತ,ಅವನ ಹಸ್ತ ತುಂಬಾ ಸುಂದರವಾಗಿದೆ.,3,0,-0.08333333333333333
indicbert,ಹಸ್ತ,ಈ ಗ್ರಂಥ ಶೇಷಾದ್ರಿಯ ಹಸ್ತದಿಂದ ಬರೆದಿದೆ.,3,2,-0.08333333333333333
indicbert,ಹಸ್ತ,ಸಭೆ ಅವನ ಹಸ್ತದಲ್ಲಿದೆ.,4,3,-0.08333333333333333
indicbert,ಹಸ್ತ,ಆ ಭೂಮಿ ನಿನ್ನ ಹಸ್ತದಲ್ಲಿದೆ.,4,2,-0.08333333333333333
indicbert,ಹಿರಿಯ,ಹಿರಿಯ ವ್ಯಕ್ತಿಯನ್ನು ಸಮ್ಮಾನಿಸಿ.,1,1,0.0
indicbert,ಹಿರಿಯ,ಹಿರಿಯ ಪತ್ನಿ ಶಾಂತಿಮತೆ.,1,0,0.0
indicbert,ಹಿರಿಯ,ಹಿರಿಯ ಅಧಿಕಾರಿ ನಿರ್ದೇಶನ ಮಾಡಿದರು.,2,1,0.0
indicbert,ಹಿರಿಯ,ಹಿರಿಯ ಪದ ಪ್ರಾಪ್ತನಾಗಿ.,2,1,0.0
indicbert,ಹೊಡೆ,ಮೇಜಿನ ಮೇಲೆ ಹೊಡೆಯಿರಿ.,1,0,0.16666666666666666
indicbert,ಹೊಡೆ,ದುರ್ಬಲ ಲೋಕದ ಬೇಡಿ ಹೊಡೆಯುವುದು.,1,1,0.16666666666666666
indicbert,ಹೊಡೆ,ಸರೀ ಪದಾರ್ಥವು ತೋಟದಲ್ಲಿ ಹೊಡೆದನು.,2,1,0.16666666666666666
indicbert,ಹೊಡೆ,ಗಂಡುಸಾಪು ಹೊಡೆಯಿರಿ.,2,0,0.16666666666666666
indicbert,ಹೊಡೆ,ಬೆಲ್ ಹೊಡೆಯಿರಿ.,3,2,0.16666666666666666
indicbert,ಹೊಡೆ,ಮಾಂತ್ರಿಕ ಘಂಟೆ ಹೊಡೆಯುತ್ತಾರೆ.,3,2,0.16666666666666666
indicbert,ಹೋಗು,ಪರೀಕ್ಷೆಗೆ ಹೋಗಿ.,1,1,-0.07692307692307693
indicbert,ಹೋಗು,ನನ್ನ ಕಾರು ಹೋಗುತ್ತಿದೆ.,1,2,-0.07692307692307693
indicbert,ಹೋಗು,"ಮುಂದೆ ಹೋಗಿ, ಜಾರುವುದು ಹೋಗುತ್ತೆ.",2,0,-0.07692307692307693
indicbert,ಹೋಗು,ಕೋಣೆಯಿಂದ ಹೋಗಿ.,2,1,-0.07692307692307693
indicbert,ಹೋಗು,ಅಲೋಕು ಹೋಗಿ.,3,1,-0.07692307692307693
indicbert,ಹೋಗು,ಸೂರ್ಯ ದಿಗಂತದ ಹೆಚ್ಚಿನ ಹೋಗಿ.,3,1,-0.07692307692307693
indicbert,ಹೋಗು,ದಿನ ಸರಿಸರಿ ಹೋಗುತ್ತಿದೆ.,4,3,-0.07692307692307693
indicbert,ಹೋಗು,ವರ್ಷ ಬೇಗ ಹೋದೆ.,4,1,-0.07692307692307693
