pair_id,sentence1,sentence2,target_word,label_corrected,sense_id_1,sense_id_2,gold_label,split,model,similarity
pair_0001,ನನ್ನ ಮಾತು ಆಲಿಸಿ.,ಆ ಮಾತು ನಿಜವಾಗಿದೆ.,ಮಾತು,1,1,1.0,1,validation,mbert,0.82579106092453
pair_0003,ಇದು ಗಮನಾರ್ಹ ಮಾತು.,ಆ ಮಾತಿನ ಬಗ್ಗೆ ಮಾತನಾಡಬೇಡ.,ಮಾತು,1,2,2.0,1,test,mbert,0.16962730884552002
pair_0005,ಪಟ್ಟಣದಲ್ಲಿ ಸಾಕಷ್ಟು ಮಾತು ಆಗಿದೆ.,ತಲೆಕೆಳಿತ ಮಾತು ನಂಬಬೇಡ.,ಮಾತು,1,3,3.0,1,test,mbert,0.7496299147605896
pair_0006,ತನ್ನ ಹಸ್ತ ಮೆರೆದುಕೊಂಡರು.,ಹಸ್ತ ತೊಳೆಯಿರಿ.,ಹಸ್ತ,1,1,1.0,1,validation,mbert,0.7120983600616455
pair_0008,ಆನೆಯ ಹಸ್ತ ಅತ್ಯಂತ ಶಕ್ತಿಶಾಳಿ.,ಹಸ್ತದಿಂದ ನೀರು ಕುಡಿಯುತ್ತವೆ.,ಹಸ್ತ,1,2,2.0,1,test,mbert,0.7435879111289978
pair_0009,ಅವನ ಹಸ್ತ ತುಂಬಾ ಸುಂದರವಾಗಿದೆ.,ಈ ಗ್ರಂಥ ಶೇಷಾದ್ರಿಯ ಹಸ್ತದಿಂದ ಬರೆದಿದೆ.,ಹಸ್ತ,1,3,3.0,1,test,mbert,0.7288667559623718
pair_0010,ಸಭೆ ಅವನ ಹಸ್ತದಲ್ಲಿದೆ.,ಆ ಭೂಮಿ ನಿನ್ನ ಹಸ್ತದಲ್ಲಿದೆ.,ಹಸ್ತ,1,4,4.0,1,test,mbert,0.8670936822891235
pair_0011,ಪುಷ್ಪಬಾಗ ಅತ್ಯಂತ ಸುಂದರವಾಗಿದೆ.,ತರಕಾರಿ ಬಾಗದಲ್ಲಿ ಸೋಂಕು ಹಿಡಿದಿದೆ.,ಬಾಗ,1,1,1.0,1,validation,mbert,0.5159078240394592
pair_0012,ಸಂಪತ್ತಿನಿಂದ ಪ್ರತಿಯೊಬ್ಬರ ಬಾಗ ನಿರ್ಧರಿಸಿ.,ನನ್ನ ಬಾಗ ನಿಗದಿತವಾಗಿ ಇದೆ.,ಬಾಗ,1,2,2.0,1,test,mbert,0.7798249125480652
pair_0013,ಬೆಂಗಳೂರು ಉತ್ತರ ಬಾಗದಲ್ಲಿ ಸ್ಥಿತವಾಗಿದೆ.,ನಗರದ ಪಶ್ಚಿಮ ಬಾಗ ಸಾಕಷ್ಟು ಅಭಿವೃದ್ಧಿಯಾಗಿದೆ.,ಬಾಗ,1,3,3.0,1,test,mbert,0.7237119078636169
pair_0014,ಆ ಚಿತ್ರ ನೈಜತ್ವವನ್ನು ಪ್ರತಿಬಿಂಬಿಸುತ್ತದೆ.,ಚಿತ್ರ ತೆಗೆಯಬೇಕೆ?,ಚಿತ್ರ,1,1,1.0,1,test,mbert,0.7256978154182434
pair_0015,ಸಮಾಜದಲ್ಲಿ ಅನೇಕ ಚಿತ್ರ ಜನತೆ ವಾಸ ಮಾಡುತ್ತಾರೆ.,ಈ ಕಾದಂಬರಿಯು ಚಿತ್ರವಾದ ಪ್ರಕರಣಗಳನ್ನು ಹೊಂದಿದೆ.,ಚಿತ್ರ,1,2,2.0,1,test,mbert,0.6960958242416382
pair_0016,ಆ ಚಿತ್ರ ಘಟನೆ ಕೇಳಲು ಅದ್ಭುತವಾಗಿದೆ.,ಚಿತ್ರವಾದ ಸಂಗತಿ ಸಂಭವಿಸಿದೆ.,ಚಿತ್ರ,1,3,3.0,1,validation,mbert,0.7701559662818909
pair_0017,ರವಿಶಂಕರ ಸುಂದರ ಚಿತ್ರ ಸೃಷ್ಟಿಸುತ್ತಾರೆ.,ಈ ಚಿತ್ರ ಶಿಲ್ಪ ಅಸಾಧಾರಣ ಕಾದಂಬರಿ.,ಚಿತ್ರ,1,4,4.0,1,test,mbert,0.7824422121047974
pair_0018,ಕಾಲ ದ್ರುತವಾಗಿ ಹಾದುಹೋಗಿ.,ಮಹಾಭಾರತದ ಕಾಲದಲ್ಲಿ ಅನೇಕ ಯುದ್ಧ ನಡೆದವು.,ಕಾಲ,1,1,1.0,1,test,mbert,0.45784640312194824
pair_0019,ಅವನ ಎಡ ಕಾಲು ಮುರಿದಿದೆ.,ಕಾಲು ನೋವಾಗುತ್ತಿದೆ.,ಕಾಲ,1,2,2.0,1,test,mbert,0.8049842119216919
pair_0020,ಬೇಸಿಗೆ ಕಾಲ ತುಂಬಾ ಬಿಸಿಯಾಗಿರುತ್ತವೆ.,ಮುಂಗಾರು ಕಾಲ ಮೂವೆತ್ತೆ ಅಂದಾಗೆ ಬರುತ್ತದೆ.,ಕಾಲ,1,5,5.0,1,test,mbert,0.7082417011260986
pair_0021,ಧರಣಿ ಭ್ರಮಿಸುತ್ತಾ ಇರುತ್ತದೆ.,ಧರಣಿಯ ಮೇಲೆ ಮಿಲಿಯನ ಜನ ವಾಸ ಮಾಡುತ್ತಾರೆ.,ಧರಣಿ,1,1,1.0,1,validation,mbert,0.6061433553695679
pair_0022,ಈ ಕೋಟೆಯ ಧರಣಿ ಕಲ್ಲಿನಿಂದ ಕೆತ್ತಿರುವುದು.,ಮನೆಯ ಧರಣಿ ಬಲಾಗಿರುವುದು ಅಗತ್ಯ.,ಧರಣಿ,1,2,2.0,1,test,mbert,0.8338039517402649
pair_0023,ರಥದ ಚಕ್ರ ಭಾರೀ ಮರದಿಂದ ತಯಾರಾಗಿದೆ.,ಮೊಟೊರಿನ ಚಕ್ರ ತಿರುಗುತ್ತಿದೆ.,ಚಕ್ರ,1,1,1.0,1,test,mbert,0.8680344820022583
pair_0024,ಜೀವನದ ಚಕ್ರ ಮುಂದುವರಿದುಕೊಂಡಿದೆ.,ಋತುಗಳ ಚಕ್ರ ಪುನರಾವೃತ್ತಿಯಾಗುತ್ತಿದೆ.,ಚಕ್ರ,1,2,2.0,1,test,mbert,0.8470554351806641
pair_0025,ಯೋಗದಲ್ಲಿ ಆಚ್ಠ ಚಕ್ರಗಳು ಮುಖ್ಯ.,ಹೃದಯ ಚಕ್ರ ಸಕ್ರಿಯಗೊಳಿಸುತ್ತಾರೆ.,ಚಕ್ರ,1,3,3.0,1,test,mbert,0.7714370489120483
pair_0026,ಕೃಷ್ಣನ ಚಕ್ರ ವೈಷ್ಣವ ಅಸ್ತ್ರ.,ಸುದರ್ಶನ ಚಕ್ರ ಸಕಲವನ್ನು ನಾಶಮಾಡುತ್ತಿದೆ.,ಚಕ್ರ,1,4,4.0,1,validation,mbert,0.7531022429466248
pair_0027,ಈ ಘಟನೆಯ ಕರಣ ಎಂದರೆ ನಿರ್ಲಕ್ಷ್ಯತೆ.,ಅನಸ್ಥೆಯ ಕರಣ ಕಾರ್ಯಭಾರ ಹೆಚ್ಚು.,ಕರಣ,1,1,1.0,1,test,mbert,0.7428348660469055
pair_0029,ಸೋಮನಾಥ ತನ್ನ ಗುಲಾಮನ ಪ್ರಭು.,ಪ್ರಭುವಿನ ಆದೇಶ ಪಾಲಿಸಲೇಬೇಕು.,ಪ್ರಭು,1,1,1.0,1,test,mbert,0.788533091545105
pair_0030,ಪ್ರಭುವೆ ನಮ್ಮನ್ನು ರಕ್ಷಿಸಿ.,ಪ್ರಭುವಿನ ಕೃಪೆ ಅಪರಿಸೀಮ.,ಪ್ರಭು,1,2,2.0,1,test,mbert,0.7639732360839844
pair_0031,ಕೃಷ್ಣನ ಭಕ್ತರು ಕೋವಿಲಿಗೆ ಸೆರೆದುಬಂದರು.,ಆ ಗುರುವಿನ ಭಕ್ತ ತುಂಬಾ ಆಸ್ಥೆಗಳುದ್ದ.,ಭಕ್ತ,1,1,1.0,1,validation,mbert,0.7812740802764893
pair_0032,ಅರಸನ ಭಕ್ತರು ನಿರ್ದೇಶ ಪಾಲಿಸಿದರು.,ಭಕ್ತರನ್ನು ಸಮ್ಮಾನಿಸಿ.,ಭಕ್ತ,1,2,2.0,1,test,mbert,0.7998014688491821
pair_0033,ಆ ಅನ್ನದ ರಸ ಅತ್ಯಂತ ಸುಮಾರು.,ಲೆಮೆನ್ ರಸ ಅಮ್ಲೀಯವಾಗಿರುತ್ತದೆ.,ರಸ,1,1,1.0,1,test,mbert,0.7190488576889038
pair_0034,ಹಣ್ಣಿನ ರಸ ಮಿಠಾಗಿರುತ್ತದೆ.,ಗೆಜ್ಜಿನ ರಸ ಸೋಯಿ ರಸ ಹೊಂದಿಕೆ.,ರಸ,1,2,2.0,1,test,mbert,0.7203748822212219
pair_0035,ಕವಿತೆಯಲ್ಲಿ ಭಿನ್ನ ರಸಗಳು ಇವೆ.,ಶೃಂಗಾರ ರಸ ಸಂಗೀತದಲ್ಲಿ ಪ್ರಕಾಶಿತವಾಗುತ್ತದೆ.,ರಸ,1,3,3.0,1,test,mbert,0.7284983396530151
pair_0036,ಈ ಮಾತುಗಳ ಅರ್ಥ ತೃಪ್ತಿದಾಯಕವಾಗಿದೆ.,ಪದದ ಅರ್ಥ ತಿಳಿಸಿ.,ಅರ್ಥ,1,1,1.0,1,validation,mbert,0.7220897078514099
pair_0037,ಸಭೆ ಅರ್ಥ ಸೂಚಿಸಿದೆ.,ಅರ್ಥ ಪಾಲಿಸುವುದು ಅವಶ್ಯಕ.,ಅರ್ಥ,1,2,2.0,1,test,mbert,0.7634563446044922
pair_0038,ಯುವಕನ ಅರ್ಥ ಉನ್ನತಿಯಿತು.,ಈ ಪ್ರಯೋಗದ ಅರ್ಥ ತಪ್ಪಾದ ವಿಷಯ ಪಕ್ಷೀಕರಿಸುವುದು.,ಅರ್ಥ,1,3,3.0,1,test,mbert,0.7268579602241516
pair_0039,ಪಕ್ಷಿಯ ನೀಡ ವೃಕ್ಷದ ಮೇಲೆ ಇದೆ.,ಸೂಕನಲ್ಲಿ ನೀಡ ತಿರಿಯುತ್ತೆ.,ನೀಡ,1,1,1.0,1,test,mbert,0.8197231888771057
pair_0040,ಬೆಕೆಲೆಗಾಗಿ ಪರಿವಾರದ ನೀಡ ನಿರ್ಮಾಣ ಮಾಡಿದರು.,ಹೊಸ ನೀಡಕ್ಕೆ ಸ್ವಾಗತ.,ನೀಡ,1,2,2.0,1,test,mbert,0.788080632686615
pair_0041,ನನ್ನ ಮಾತು ಆಲಿಸಿ.,ಇದು ಗಮನಾರ್ಹ ಮಾತು.,ಮಾತು,0,1,2.0,0,validation,mbert,0.7840372323989868
pair_0042,ಆ ಮಾತು ನಿಜವಾಗಿದೆ.,ಪಟ್ಟಣದಲ್ಲಿ ಸಾಕಷ್ಟು ಮಾತು ಆಗಿದೆ.,ಮಾತು,0,1,3.0,0,test,mbert,0.6954208016395569
pair_0043,ಇದು ಗಮನಾರ್ಹ ಮಾತು.,ತಲೆಕೆಳಿತ ಮಾತು ನಂಬಬೇಡ.,ಮಾತು,0,2,3.0,0,test,mbert,0.8364793062210083
pair_0044,ಪಟ್ಟಣದಲ್ಲಿ ಸಾಕಷ್ಟು ಮಾತು ಆಗಿದೆ.,ಆ ಮಾತು ನಿಜವಾಗಿದೆ.,ಮಾತು,0,3,1.0,0,test,mbert,0.6954208016395569
pair_0045,ತನ್ನ ಹಸ್ತ ಮೆರೆದುಕೊಂಡರು.,ಆನೆಯ ಹಸ್ತ ಅತ್ಯಂತ ಶಕ್ತಿಶಾಳಿ.,ಹಸ್ತ,0,1,2.0,0,test,mbert,0.7626197338104248
pair_0046,ಹಸ್ತ ತೊಳೆಯಿರಿ.,ಅವನ ಹಸ್ತ ತುಂಬಾ ಸುಂದರವಾಗಿದೆ.,ಹಸ್ತ,0,1,3.0,0,validation,mbert,0.7171416282653809
pair_0047,ಆನೆಯ ಹಸ್ತ ಅತ್ಯಂತ ಶಕ್ತಿಶಾಳಿ.,ಸಭೆ ಅವನ ಹಸ್ತದಲ್ಲಿದೆ.,ಹಸ್ತ,0,2,4.0,0,test,mbert,0.7604442834854126
pair_0048,ಈ ಗ್ರಂಥ ಶೇಷಾದ್ರಿಯ ಹಸ್ತದಿಂದ ಬರೆದಿದೆ.,ತನ್ನ ಹಸ್ತ ಮೆರೆದುಕೊಂಡರು.,ಹಸ್ತ,0,3,1.0,0,test,mbert,0.6969594955444336
pair_0049,ಸಭೆ ಅವನ ಹಸ್ತದಲ್ಲಿದೆ.,ಹಸ್ತದಿಂದ ನೀರು ಕುಡಿಯುತ್ತವೆ.,ಹಸ್ತ,0,4,2.0,0,test,mbert,0.7640545964241028
pair_0050,ಪುಷ್ಪಬಾಗ ಅತ್ಯಂತ ಸುಂದರವಾಗಿದೆ.,ಸಂಪತ್ತಿನಿಂದ ಪ್ರತಿಯೊಬ್ಬರ ಬಾಗ ನಿರ್ಧರಿಸಿ.,ಬಾಗ,0,1,2.0,0,test,mbert,0.6708306670188904
pair_0051,ತರಕಾರಿ ಬಾಗದಲ್ಲಿ ಸೋಂಕು ಹಿಡಿದಿದೆ.,ಬೆಂಗಳೂರು ಉತ್ತರ ಬಾಗದಲ್ಲಿ ಸ್ಥಿತವಾಗಿದೆ.,ಬಾಗ,0,1,3.0,0,validation,mbert,0.6832993030548096
pair_0052,ನನ್ನ ಬಾಗ ನಿಗದಿತವಾಗಿ ಇದೆ.,ನಗರದ ಪಶ್ಚಿಮ ಬಾಗ ಸಾಕಷ್ಟು ಅಭಿವೃದ್ಧಿಯಾಗಿದೆ.,ಬಾಗ,0,2,3.0,0,test,mbert,0.7212356925010681
pair_0053,ಆ ಚಿತ್ರ ನೈಜತ್ವವನ್ನು ಪ್ರತಿಬಿಂಬಿಸುತ್ತದೆ.,ಸಮಾಜದಲ್ಲಿ ಅನೇಕ ಚಿತ್ರ ಜನತೆ ವಾಸ ಮಾಡುತ್ತಾರೆ.,ಚಿತ್ರ,0,1,2.0,0,test,mbert,0.7025439143180847
pair_0054,ಚಿತ್ರ ತೆಗೆಯಬೇಕೆ?,ಆ ಚಿತ್ರ ಘಟನೆ ಕೇಳಲು ಅದ್ಭುತವಾಗಿದೆ.,ಚಿತ್ರ,0,1,3.0,0,test,mbert,0.6970216035842896
pair_0055,ಈ ಕಾದಂಬರಿಯು ಚಿತ್ರವಾದ ಪ್ರಕರಣಗಳನ್ನು ಹೊಂದಿದೆ.,ರವಿಶಂಕರ ಸುಂದರ ಚಿತ್ರ ಸೃಷ್ಟಿಸುತ್ತಾರೆ.,ಚಿತ್ರ,0,2,4.0,0,test,mbert,0.6965346932411194
pair_0056,ಚಿತ್ರವಾದ ಸಂಗತಿ ಸಂಭವಿಸಿದೆ.,ಈ ಚಿತ್ರ ಶಿಲ್ಪ ಅಸಾಧಾರಣ ಕಾದಂಬರಿ.,ಚಿತ್ರ,0,3,4.0,0,validation,mbert,0.8082608580589294
pair_0057,ಕಾಲ ದ್ರುತವಾಗಿ ಹಾದುಹೋಗಿ.,ಅವನ ಎಡ ಕಾಲು ಮುರಿದಿದೆ.,ಕಾಲ,0,1,2.0,0,test,mbert,0.5366927981376648
pair_0058,ಮಹಾಭಾರತದ ಕಾಲದಲ್ಲಿ ಅನೇಕ ಯುದ್ಧ ನಡೆದವು.,ಕಾಲು ನೋವಾಗುತ್ತಿದೆ.,ಕಾಲ,0,1,2.0,0,test,mbert,0.3695004880428314
pair_0059,ಅವನ ಎಡ ಕಾಲು ಮುರಿದಿದೆ.,ಬೇಸಿಗೆ ಕಾಲ ತುಂಬಾ ಬಿಸಿಯಾಗಿರುತ್ತವೆ.,ಕಾಲ,0,2,5.0,0,test,mbert,0.551432728767395
pair_0060,ಕಾಲು ನೋವಾಗುತ್ತಿದೆ.,ಮುಂಗಾರು ಕಾಲ ಮೂವೆತ್ತೆ ಅಂದಾಗೆ ಬರುತ್ತದೆ.,ಕಾಲ,0,2,5.0,0,test,mbert,0.5702467560768127
pair_0061,ಧರಣಿ ಭ್ರಮಿಸುತ್ತಾ ಇರುತ್ತದೆ.,ಈ ಕೋಟೆಯ ಧರಣಿ ಕಲ್ಲಿನಿಂದ ಕೆತ್ತಿರುವುದು.,ಧರಣಿ,0,1,2.0,0,validation,mbert,0.5391871333122253
pair_0062,ಧರಣಿಯ ಮೇಲೆ ಮಿಲಿಯನ ಜನ ವಾಸ ಮಾಡುತ್ತಾರೆ.,ಮನೆಯ ಧರಣಿ ಬಲಾಗಿರುವುದು ಅಗತ್ಯ.,ಧರಣಿ,0,1,2.0,0,test,mbert,0.7933162450790405
pair_0063,ರಥದ ಚಕ್ರ ಭಾರೀ ಮರದಿಂದ ತಯಾರಾಗಿದೆ.,ಜೀವನದ ಚಕ್ರ ಮುಂದುವರಿದುಕೊಂಡಿದೆ.,ಚಕ್ರ,0,1,2.0,0,test,mbert,0.7989826202392578
pair_0064,ಮೊಟೊರಿನ ಚಕ್ರ ತಿರುಗುತ್ತಿದೆ.,ಯೋಗದಲ್ಲಿ ಆಚ್ಠ ಚಕ್ರಗಳು ಮುಖ್ಯ.,ಚಕ್ರ,0,1,3.0,0,test,mbert,0.8013529777526855
pair_0065,ಋತುಗಳ ಚಕ್ರ ಪುನರಾವೃತ್ತಿಯಾಗುತ್ತಿದೆ.,ಕೃಷ್ಣನ ಚಕ್ರ ವೈಷ್ಣವ ಅಸ್ತ್ರ.,ಚಕ್ರ,0,2,4.0,0,test,mbert,0.8278671503067017
pair_0066,ಹೃದಯ ಚಕ್ರ ಸಕ್ರಿಯಗೊಳಿಸುತ್ತಾರೆ.,ಸುದರ್ಶನ ಚಕ್ರ ಸಕಲವನ್ನು ನಾಶಮಾಡುತ್ತಿದೆ.,ಚಕ್ರ,0,3,4.0,0,validation,mbert,0.780268669128418
pair_0067,ಈ ಘಟನೆಯ ಕರಣ ಎಂದರೆ ನಿರ್ಲಕ್ಷ್ಯತೆ.,ಶಿಕ್ಷಣ ಜೀವನ ಸುಧಾರಣೆಯ ಕರಣ.,ಕರಣ,0,1,2.0,0,test,mbert,0.7982626557350159
pair_0068,ಸೋಮನಾಥ ತನ್ನ ಗುಲಾಮನ ಪ್ರಭು.,ಪ್ರಭುವೆ ನಮ್ಮನ್ನು ರಕ್ಷಿಸಿ.,ಪ್ರಭು,0,1,2.0,0,test,mbert,0.8052088618278503
pair_0069,ಪ್ರಭುವಿನ ಆದೇಶ ಪಾಲಿಸಲೇಬೇಕು.,ಪ್ರಭುವಿನ ಕೃಪೆ ಅಪರಿಸೀಮ.,ಪ್ರಭು,0,1,2.0,0,test,mbert,0.8531113266944885
pair_0070,ಕೃಷ್ಣನ ಭಕ್ತರು ಕೋವಿಲಿಗೆ ಸೆರೆದುಬಂದರು.,ಅರಸನ ಭಕ್ತರು ನಿರ್ದೇಶ ಪಾಲಿಸಿದರು.,ಭಕ್ತ,0,1,2.0,0,test,mbert,0.8720188140869141
pair_0071,ಆ ಗುರುವಿನ ಭಕ್ತ ತುಂಬಾ ಆಸ್ಥೆಗಳುದ್ದ.,ಭಕ್ತರನ್ನು ಸಮ್ಮಾನಿಸಿ.,ಭಕ್ತ,0,1,2.0,0,validation,mbert,0.753541111946106
pair_0072,ಆ ಅನ್ನದ ರಸ ಅತ್ಯಂತ ಸುಮಾರು.,ಕವಿತೆಯಲ್ಲಿ ಭಿನ್ನ ರಸಗಳು ಇವೆ.,ರಸ,0,1,3.0,0,test,mbert,0.7207116484642029
pair_0073,ಹಣ್ಣಿನ ರಸ ಮಿಠಾಗಿರುತ್ತದೆ.,ಶೃಂಗಾರ ರಸ ಸಂಗೀತದಲ್ಲಿ ಪ್ರಕಾಶಿತವಾಗುತ್ತದೆ.,ರಸ,0,2,3.0,0,test,mbert,0.6822465658187866
pair_0074,ಲೆಮೆನ್ ರಸ ಅಮ್ಲೀಯವಾಗಿರುತ್ತದೆ.,ದೇವತೆಗಳು ಅಮೃತ ರಸ ಕುಡಿದರು.,ರಸ,0,1,4.0,0,test,mbert,0.689357340335846
pair_0075,ಈ ಮಾತುಗಳ ಅರ್ಥ ತೃಪ್ತಿದಾಯಕವಾಗಿದೆ.,ಸಭೆ ಅರ್ಥ ಸೂಚಿಸಿದೆ.,ಅರ್ಥ,0,1,2.0,0,test,mbert,0.6885324716567993
pair_0076,ಪದದ ಅರ್ಥ ತಿಳಿಸಿ.,ಯುವಕನ ಅರ್ಥ ಉನ್ನತಿಯಿತು.,ಅರ್ಥ,0,1,3.0,0,validation,mbert,0.7614773511886597
pair_0077,ಪಕ್ಷಿಯ ನೀಡ ವೃಕ್ಷದ ಮೇಲೆ ಇದೆ.,ಹೊಸ ನೀಡಕ್ಕೆ ಸ್ವಾಗತ.,ನೀಡ,0,1,2.0,0,test,mbert,0.7518155574798584
pair_0078,ನನ್ನ ಹಸ್ತ ತೆಗೆ.,ಹಾಕುಮಾರಿಗೆ ನಕ್ಷತ್ರ ತೆಗೆದು ಕೊಟ್ಟರು.,ತೆಗೆ,1,1,1.0,1,test,mbert,0.7233712077140808
pair_0079,ಹೋಗಿ ಮೇಲಿನ ತಗರು ತೆಗೆದುಕೊ.,ಕಂಕುದಿಂದ ಮುಖ್ಯ ಕೆಲಸ ತೆಗೆದುಕೊ.,ತೆಗೆ,1,2,2.0,1,test,mbert,0.8243569731712341
pair_0080,ನೆಲದಿಂದ ಪಿಸು ತೆಗೆದುಕೊ.,ಹೊರಗಿನ ಸೂಪ ತೆಗೆದುಕೊಂಡೆ.,ತೆಗೆ,1,3,3.0,1,test,mbert,0.8594378232955933
pair_0081,ಗುರಿನೆ ಬಾರಣವನ್ನು ತೆಗೆದುಕೊಳ್ಳಿ.,ಪ್ರಾಣಿ ಪರೀಕ್ಷೆಯಲ್ಲಿ ತೆಗೆದುಕೊಂಡರು.,ತೆಗೆ,1,4,4.0,1,validation,mbert,0.6826175451278687
pair_0082,ಆನೆಗೆ ಒಣಹೂವು ಕೊಡಿ.,ನನಗೆ ನೀರು ಕೊಡಿ.,ಕೊಡು,1,1,1.0,1,test,mbert,0.871860921382904
pair_0083,ದೇವರಿಗೆ ಹೂವು ಕೊಡುವುದು ಸಂಪ್ರದಾಯ.,ಅತಿಥಿಗೆ ಆಸನ ಕೊಡಿ.,ಕೊಡು,1,2,2.0,1,test,mbert,0.12121918797492981
pair_0084,ಶತ್ರುವಿಗೆ ಭೀಷಣ ಪ್ರಹಾರ ಕೊಡುತ್ತೆ.,ತೊಡೆಯಿಂದ ಥಳಿ ಕೊಟ್ಟನಳೆ.,ಕೊಡು,1,3,3.0,1,test,mbert,0.1144123524427414
pair_0085,ಗಿರುಗಳ ಹಾಕುಮಾರಿ ಬೆಳ್ಳಳಿ ಕೊಡುತ್ತವೆ.,ಕ್ಷೇತ್ರ ಸಂಪೂರ್ಣ ಫಸಲಿ ಕೊಡುತ್ತಿದೆ.,ಕೊಡು,1,4,4.0,1,test,mbert,0.7953177690505981
pair_0086,ಆಕಾಶ ನೋಡಿ.,ಒಟ್ಟಿಗೆ ಏನು ನೋಡುತ್ತೀಯ?,ನೋಡು,1,1,1.0,1,validation,mbert,0.057438816875219345
pair_0087,ಸಿನೆಮಾ ನೋಡುವುದು ಆನಂದ.,ಕಡಿಮೆ ಮಾರುಕಟ್ಟೆ ನೋಡೊಳ್ಳಿ.,ನೋಡು,1,2,2.0,1,test,mbert,0.049102868884801865
pair_0088,ನನ್ನ ಸ್ನೇಹಿತ ನೀಡೆ ನೋಡುತ್ತೆ.,ರಾತ್ರಿ ನಿಮ್ಮನ್ನು ನೋಡುತ್ತೇನೆ.,ನೋಡು,1,3,3.0,1,test,mbert,0.887731671333313
pair_0089,ಸರಿಪೊತ್ತು ನೋಡಿ.,ಚಿಕಿತ್ಸಕ ರೋಗಿಯನ್ನು ನೋಡಿದರು.,ನೋಡು,1,4,4.0,1,test,mbert,0.8567384481430054
pair_0090,ಇಷ್ಟು ಸಾಕು.,ಹಣ ಸಾಕುದೆ?,ಸಾಕು,1,1,1.0,1,test,mbert,0.7866179347038269
pair_0091,ಹಸು ಸಾಕುವುದು ಅಸಾಧಾರಣ.,ಗುರುಗಳನ್ನು ಸಾಕಿದೆ.,ಸಾಕು,1,2,2.0,1,validation,mbert,0.050335872918367386
pair_0092,ಈ ನೋವು ಸಾಕಲಾರೆ.,ಹೆಚ್ಚು ಅವಮಾನ ಸಾಕಬಾರದು.,ಸಾಕು,1,3,3.0,1,test,mbert,0.9291499257087708
pair_0093,ಹೊಸ ಬಟ್ಟೆ ಧರಿಸಿ.,ಮುಖವಾಣಿ ಧರಿಸಿ.,ಧರಿಸು,1,1,1.0,1,test,mbert,0.9593914747238159
pair_0094,ಅಸ್ತ್ರ ಧರಿಸಿ ಯುದ್ಧಕ್ಕೆ ಬಂದರು.,ಮಾದರಿ ಧರಿಸಿ ಹೋಗುತ್ತೆ.,ಧರಿಸು,1,2,2.0,1,test,mbert,0.9418770670890808
pair_0095,ಭೂಮಿಯ ಸಾಕಷ್ಟು ಸೋಂಕುಗಳನ್ನು ಧರಿಸಿದೆ.,ಕುಟುಂಬದ ನೈತಿಕ ಧರಿಸುವುದು ಅವಶ್ಯಕ.,ಧರಿಸು,1,3,3.0,1,test,mbert,0.08237063884735107
pair_0096,ನಾಳೆ ನನ್ನ ಮನೆಗೆ ಬಾರು.,ಕಡಿಮೆ ಕರೆ ಸುಗಿಕೊ ಬರುತ್ತೆ.,ಬರು,1,1,1.0,1,validation,mbert,0.16591662168502808
pair_0097,ರೈಲು ಸಮಯಕ್ಕೆ ಬರುತ್ತಿದೆ.,ಮೇಲಿನ ಸಿಡಿ ಹಠಾತ್ತು ಬರುತ್ತೆ.,ಬರು,1,2,2.0,1,test,mbert,0.6721665263175964
pair_0098,ಇದೇ ಆಕಸ್ಮಾತ್ ಘಟನೆ ಕಾಲೇ ಕಾಲೇ ಬರುತ್ತದೆ.,ಶೀತ ಋತುವು ಬರುತ್ತಿದೆ.,ಬರು,1,3,3.0,1,test,mbert,0.5914869904518127
pair_0099,ಅವನು ಅರಸನಾಗಿ ಬರುತ್ತೀಯ.,ನೀ ಶಕ್ತಿಶಾಳಿಯಾಗಿ ಬರಿ.,ಬರು,1,4,4.0,1,test,mbert,0.16617359220981598
pair_0100,ಪರೀಕ್ಷೆಗೆ ಹೋಗಿ.,ನನ್ನ ಕಾರು ಹೋಗುತ್ತಿದೆ.,ಹೋಗು,1,1,1.0,1,test,mbert,0.12506015598773956
pair_0101,"ಮುಂದೆ ಹೋಗಿ, ಜಾರುವುದು ಹೋಗುತ್ತೆ.",ಕೋಣೆಯಿಂದ ಹೋಗಿ.,ಹೋಗು,1,2,2.0,1,validation,mbert,0.19808059930801392
pair_0102,ಅಲೋಕು ಹೋಗಿ.,ಸೂರ್ಯ ದಿಗಂತದ ಹೆಚ್ಚಿನ ಹೋಗಿ.,ಹೋಗು,1,3,3.0,1,test,mbert,0.9546188116073608
pair_0103,ದಿನ ಸರಿಸರಿ ಹೋಗುತ್ತಿದೆ.,ವರ್ಷ ಬೇಗ ಹೋದೆ.,ಹೋಗು,1,4,4.0,1,test,mbert,0.17695380747318268
pair_0104,ಚಿತ್ರ ಸೃಷ್ಟಿ ಮಾಡಿ.,ಕಟಣೆ ಮಾಡುತ್ತೇನೆ.,ಮಾಡು,1,1,1.0,1,test,mbert,0.0800381526350975
pair_0105,ಕೆಲಸ ಮಾಡಿ.,ಸಹಾಯ ಮಾಡಿ.,ಮಾಡು,1,2,2.0,1,test,mbert,0.9553660154342651
pair_0106,ಆಹಾರ ಮಾಡುತ್ತೇನೆ.,ಬಾರ ಮಾಡುವುದು ಪುರಸ್ಕಾರ.,ಮಾಡು,1,3,3.0,1,validation,mbert,0.5626116394996643
pair_0107,ಸಮಸ್ಯೆ ಮಾಡಿದೆ.,ಕೆಸರು ಮಾಡುವುದು ಸುಗಮ.,ಮಾಡು,1,4,4.0,1,test,mbert,0.10401009023189545
pair_0108,ಮೇಜಿನ ಮೇಲೆ ಹೊಡೆಯಿರಿ.,ದುರ್ಬಲ ಲೋಕದ ಬೇಡಿ ಹೊಡೆಯುವುದು.,ಹೊಡೆ,1,1,1.0,1,test,mbert,0.8269399404525757
pair_0109,ಸರೀ ಪದಾರ್ಥವು ತೋಟದಲ್ಲಿ ಹೊಡೆದನು.,ಗಂಡುಸಾಪು ಹೊಡೆಯಿರಿ.,ಹೊಡೆ,1,2,2.0,1,test,mbert,0.7350645661354065
pair_0110,ಬೆಲ್ ಹೊಡೆಯಿರಿ.,ಮಾಂತ್ರಿಕ ಘಂಟೆ ಹೊಡೆಯುತ್ತಾರೆ.,ಹೊಡೆ,1,3,3.0,1,test,mbert,0.6878721714019775
pair_0111,ಪರೋಪಕಾರಿ ಉದ್ದೇಶದಿಂದ ಕೂಲಿ ಮಾಡುತ್ತೆ.,ನೋವಿನಿಂದ ಕೂಲಿ ಮಾಡಿದಾಳು.,ಕೂಲಿ,1,1,1.0,1,validation,mbert,0.8968620896339417
pair_0112,ಮಗುವನ್ನು ಕೂಲಿ ಮಾಡಿ.,ನನ್ನನ್ನು ಕೂಲಿ ಮಾಡಿದಾಳು.,ಕೂಲಿ,1,2,2.0,1,test,mbert,0.8717788457870483
pair_0113,ಪಾರ್ಟಿಗೆ ಮಹತ್ತರ ಕೂಲಿ ಮಾಡಿದೆ.,ನಿನ್ನ ಸ್ನೇಹಿತರನ್ನು ಕೂಲಿ ಮಾಡೋ.,ಕೂಲಿ,1,3,3.0,1,test,mbert,0.7986112833023071
pair_0114,ಅನ್ನ ಕಾಲೆ ಮಾಡಬೇಡ.,ಅವಕಾಶ ಕಾಲೆ ಮಾಡಿದೆ.,ಕಾಲೆ,1,1,1.0,1,test,mbert,0.7939667701721191
pair_0115,ಹಣ ಕಾಲೆ ಮಾಡುವುದು ನೀತಿಹೀನ.,ಪ್ರತಿಭೆ ಕಾಲೆ ಮಾಡಬೇಡ.,ಕಾಲೆ,1,2,2.0,1,test,mbert,0.7989032864570618
pair_0116,ಅಧ್ಯಯನ ಕಾಲೆ ಮಾಡಿದೆ.,ಪರಿವಾರ ಕಾಲೆ ಮಾಡುವುದು ಅನುಚಿತ.,ಕಾಲೆ,1,3,3.0,1,validation,mbert,0.7510334253311157
pair_0117,ಸೋವೆಯನ್ನು ವಹಿಸುವುದು ಭಾರೀ.,ಹೊರೆ ವಹಿಸಿ ಹೋಗಿ.,ವಹಿಸು,1,1,1.0,1,test,mbert,0.16312098503112793
pair_0118,ರಾಷ್ಟ್ರದ ಜವಾಬ್ದಾರಿ ವಹಿಸುವುದು ಕಷ್ಟ.,ಪದ ವಹಿಸಿಕೊಂಡಿರುವ ಅಧಿಕಾರಿ.,ವಹಿಸು,1,2,2.0,1,test,mbert,0.16818100214004517
pair_0119,ಸಂಕಟ ವಹಿಸುವುದು ಧೈರ್ಯದ ಲಕ್ಷಣ.,ಹೊತ್ತುಕೊಂಡ ಮನೋವೇದನೆ ವಹಿಸಿ.,ವಹಿಸು,1,3,3.0,1,test,mbert,0.11292330920696259
pair_0120,ನೀರು ಲೇಯಿ.,ಆ ಸೂಪಿಗೆ ಈ ದ್ರವ್ಯ ಲೇಯಿ.,ಲೇ,1,1,1.0,1,test,mbert,0.8200467228889465
pair_0121,ಟೇಬಿಲ್ ಮೇಲೆ ನೀರು ಲೇದೆ.,ಹೊಡೆದಿದ್ದರಿಂದ ಹೆಣ್ಣಿನ ಲೋಹಿತ ಲೇದೆ.,ಲೇ,1,2,2.0,1,validation,mbert,0.8179295659065247
pair_0122,ಬೀಜ ಲೇಯಿ.,ಪ್ರಕಾಶ ಲೇದೆ.,ಲೇ,1,3,3.0,1,test,mbert,0.7403332591056824
pair_0123,ಮಗು ಬೆಳೆಯುತ್ತಿದೆ.,ಆತನ ಉತ್ತರ ದಾಯಿತ್ವ ಬೆಳೆಯುತ್ತಿದೆ.,ಬೆಳೆ,1,1,1.0,1,test,mbert,0.8001299500465393
pair_0124,ಅನ್ನ ಬೆಳೆಯುವುದು ರೈತಿಕೆಯ ಪ್ರಧಾನ ಕೆಲಸ.,ತರಕಾರಿ ಬೆಳೆಯಿರಿ.,ಬೆಳೆ,1,2,2.0,1,test,mbert,0.6734658479690552
pair_0125,ಮಗುವಿನ ಮನ ಬೆಳೆಯುವುದು ಮುಖ್ಯ.,ಶಕ್ತಿ ಬೆಳೆಸಿ.,ಬೆಳೆ,1,3,3.0,1,test,mbert,0.7050871253013611
pair_0126,ನನ್ನ ಹಸ್ತ ತೆಗೆ.,ಹೋಗಿ ಮೇಲಿನ ತಗರು ತೆಗೆದುಕೊ.,ತೆಗೆ,0,1,2.0,0,validation,mbert,0.7598863244056702
pair_0127,ನೆಲದಿಂದ ಪಿಸು ತೆಗೆದುಕೊ.,ಗುರಿನೆ ಬಾರಣವನ್ನು ತೆಗೆದುಕೊಳ್ಳಿ.,ತೆಗೆ,0,3,4.0,0,test,mbert,0.8394829034805298
pair_0128,ಆನೆಗೆ ಒಣಹೂವು ಕೊಡಿ.,ದೇವರಿಗೆ ಹೂವು ಕೊಡುವುದು ಸಂಪ್ರದಾಯ.,ಕೊಡು,0,1,2.0,0,test,mbert,0.15104936063289642
pair_0129,ಶತ್ರುವಿಗೆ ಭೀಷಣ ಪ್ರಹಾರ ಕೊಡುತ್ತೆ.,ಗಿರುಗಳ ಹಾಕುಮಾರಿ ಬೆಳ್ಳಳಿ ಕೊಡುತ್ತವೆ.,ಕೊಡು,0,3,4.0,0,test,mbert,0.7819893956184387
pair_0130,ಆಕಾಶ ನೋಡಿ.,ಸಿನೆಮಾ ನೋಡುವುದು ಆನಂದ.,ನೋಡು,0,1,2.0,0,test,mbert,0.0928645208477974
pair_0131,ನನ್ನ ಸ್ನೇಹಿತ ನೀಡೆ ನೋಡುತ್ತೆ.,ಸರಿಪೊತ್ತು ನೋಡಿ.,ನೋಡು,0,3,4.0,0,validation,mbert,0.10681566596031189
pair_0132,ಇಷ್ಟು ಸಾಕು.,ಹಸು ಸಾಕುವುದು ಅಸಾಧಾರಣ.,ಸಾಕು,0,1,2.0,0,test,mbert,0.7006992101669312
pair_0133,ಈ ನೋವು ಸಾಕಲಾರೆ.,ಗುರುಗಳನ್ನು ಸಾಕಿದೆ.,ಸಾಕು,0,3,2.0,0,test,mbert,0.9081781506538391
pair_0134,ಹೊಸ ಬಟ್ಟೆ ಧರಿಸಿ.,ಅಸ್ತ್ರ ಧರಿಸಿ ಯುದ್ಧಕ್ಕೆ ಬಂದರು.,ಧರಿಸು,0,1,2.0,0,test,mbert,0.9409430623054504
pair_0135,ಭೂಮಿಯ ಸಾಕಷ್ಟು ಸೋಂಕುಗಳನ್ನು ಧರಿಸಿದೆ.,ಮುಖವಾಣಿ ಧರಿಸಿ.,ಧರಿಸು,0,3,1.0,0,test,mbert,0.9403805136680603
pair_0136,ನಾಳೆ ನನ್ನ ಮನೆಗೆ ಬಾರು.,ರೈಲು ಸಮಯಕ್ಕೆ ಬರುತ್ತಿದೆ.,ಬರು,0,1,2.0,0,validation,mbert,0.16672582924365997
pair_0137,ಇದೇ ಆಕಸ್ಮಾತ್ ಘಟನೆ ಕಾಲೇ ಕಾಲೇ ಬರುತ್ತದೆ.,ಅವನು ಅರಸನಾಗಿ ಬರುತ್ತೀಯ.,ಬರು,0,3,4.0,0,test,mbert,0.5746352672576904
pair_0138,ಪರೀಕ್ಷೆಗೆ ಹೋಗಿ.,"ಮುಂದೆ ಹೋಗಿ, ಜಾರುವುದು ಹೋಗುತ್ತೆ.",ಹೋಗು,0,1,2.0,0,test,mbert,0.11602870374917984
pair_0139,ಅಲೋಕು ಹೋಗಿ.,ದಿನ ಸರಿಸರಿ ಹೋಗುತ್ತಿದೆ.,ಹೋಗು,0,3,4.0,0,test,mbert,0.17836929857730865
pair_0140,ಚಿತ್ರ ಸೃಷ್ಟಿ ಮಾಡಿ.,ಕೆಲಸ ಮಾಡಿ.,ಮಾಡು,0,1,2.0,0,test,mbert,0.934241771697998
pair_0141,ಆಹಾರ ಮಾಡುತ್ತೇನೆ.,ಸಮಸ್ಯೆ ಮಾಡಿದೆ.,ಮಾಡು,0,3,4.0,0,validation,mbert,0.09410946071147919
pair_0142,ಮೇಜಿನ ಮೇಲೆ ಹೊಡೆಯಿರಿ.,ಬೆಲ್ ಹೊಡೆಯಿರಿ.,ಹೊಡೆ,0,1,3.0,0,test,mbert,0.7283843159675598
pair_0143,ಪರೋಪಕಾರಿ ಉದ್ದೇಶದಿಂದ ಕೂಲಿ ಮಾಡುತ್ತೆ.,ಮಗುವನ್ನು ಕೂಲಿ ಮಾಡಿ.,ಕೂಲಿ,0,1,2.0,0,test,mbert,0.870330810546875
pair_0144,ಪಾರ್ಟಿಗೆ ಮಹತ್ತರ ಕೂಲಿ ಮಾಡಿದೆ.,ನೋವಿನಿಂದ ಕೂಲಿ ಮಾಡಿದಾಳು.,ಕೂಲಿ,0,3,1.0,0,test,mbert,0.8747966289520264
pair_0145,ಅನ್ನ ಕಾಲೆ ಮಾಡಬೇಡ.,ಹಣ ಕಾಲೆ ಮಾಡುವುದು ನೀತಿಹೀನ.,ಕಾಲೆ,0,1,2.0,0,test,mbert,0.7723830938339233
pair_0146,ಅಧ್ಯಯನ ಕಾಲೆ ಮಾಡಿದೆ.,ಅವಕಾಶ ಕಾಲೆ ಮಾಡಿದೆ.,ಕಾಲೆ,0,3,1.0,0,validation,mbert,0.8124206066131592
pair_0147,ಸೋವೆಯನ್ನು ವಹಿಸುವುದು ಭಾರೀ.,ರಾಷ್ಟ್ರದ ಜವಾಬ್ದಾರಿ ವಹಿಸುವುದು ಕಷ್ಟ.,ವಹಿಸು,0,1,2.0,0,test,mbert,0.8412168025970459
pair_0148,ಸಂಕಟ ವಹಿಸುವುದು ಧೈರ್ಯದ ಲಕ್ಷಣ.,ಹೊರೆ ವಹಿಸಿ ಹೋಗಿ.,ವಹಿಸು,0,3,1.0,0,test,mbert,0.09062913060188293
pair_0149,ನೀರು ಲೇಯಿ.,ಟೇಬಿಲ್ ಮೇಲೆ ನೀರು ಲೇದೆ.,ಲೇ,0,1,2.0,0,test,mbert,0.7495660185813904
pair_0150,ಬೀಜ ಲೇಯಿ.,ಹೊಡೆದಿದ್ದರಿಂದ ಹೆಣ್ಣಿನ ಲೋಹಿತ ಲೇದೆ.,ಲೇ,0,3,2.0,0,test,mbert,0.7438145279884338
pair_0151,ಮಗು ಬೆಳೆಯುತ್ತಿದೆ.,ಅನ್ನ ಬೆಳೆಯುವುದು ರೈತಿಕೆಯ ಪ್ರಧಾನ ಕೆಲಸ.,ಬೆಳೆ,0,1,2.0,0,validation,mbert,0.752399206161499
pair_0152,ಮಗುವಿನ ಮನ ಬೆಳೆಯುವುದು ಮುಖ್ಯ.,ತರಕಾರಿ ಬೆಳೆಯಿರಿ.,ಬೆಳೆ,0,3,2.0,0,test,mbert,0.7236598134040833
pair_0153,ಆ ನಕಲಿ ಚಿತ್ರ ಅಸಾಧಾರಣ ಸಿದ್ಧಿ.,ನಕಲಿ ಪಾಸ್‌ಪೋರ್ಟ್ ಜರಿಮಾನೆಗೆ ಸಾಧ್ಯ.,ನಕಲಿ,1,1,1.0,1,test,mbert,0.7757546305656433
pair_0154,ನಕಲಿ ಸಾಕ್ಷ್ಯ ನ್ಯಾಯಾಲಯದ ವಿರುದ್ಧ ರಿವಾಜು.,ನಕಲಿ ವಾದ್ಯತೆ ನಿಖಿಲ ಎಲೆ ಪ್ರತಿ.,ನಕಲಿ,1,2,2.0,1,test,mbert,0.8093480467796326
pair_0155,ಕೈದಿ ಮುಕ್ತನಾದನು.,ಮುಕ್ತ ಮನೋಭಾವ ಅಗತ್ಯ.,ಮುಕ್ತ,1,1,1.0,1,test,mbert,0.7668282985687256
pair_0156,ಬಂಧನೆಯಿಂದ ಮುಕ್ತನಾದನು.,ಇಲಿಯನ್ನು ಮುಕ್ತ ಮಾಡಿ.,ಮುಕ್ತ,1,2,2.0,1,validation,mbert,0.6784431338310242
pair_0157,ಗಟ್ಟ ಕಲ್ಲು ಚಾಪುತ್ತಾರೆ.,ಮಜ್ಜಿಗೆ ಗಟ್ಟ ಕಕ್ಷ.,ಗಟ್ಟ,1,1,1.0,1,test,mbert,0.7700643539428711
pair_0158,ಗುರುವು ಗಟ್ಟ ಆಜ್ಞೆಕಾರಿ.,ಗಟ್ಟ ನಿಯಮ ಪಾಲಿಸುತ್ತಾರೆ.,ಗಟ್ಟ,1,2,2.0,1,test,mbert,0.6600921750068665
pair_0159,ಗಟ್ಟ ಸಮಸ್ಯೆ ಎದುರಾಗಿದೆ.,ಗಟ್ಟ ಅನುಸಾರ ನೋವು.,ಗಟ್ಟ,1,3,3.0,1,test,mbert,0.832329511642456
pair_0160,ಕಬ್ಬಿ ಬಟ್ಟೆ ಹೊಗಳುವುದಲ್ಲ.,ಕಬ್ಬಿ ಚರ್ಮ ಶೇಕಡೆ.,ಕಬ್ಬಿ,1,1,1.0,1,test,mbert,0.8644443154335022
pair_0161,ಕಬ್ಬಿ ಮಾತು ಆಘಾತ ಬಿಡುತ್ತದೆ.,ಕಬ್ಬಿ ವ್ಯವಹಾರ ನಿಜನಾಗಿ ನೋವಾಗಿಸುತ್ತದೆ.,ಕಬ್ಬಿ,1,2,2.0,1,validation,mbert,0.9175809025764465
pair_0162,ನೀಲ ಆಕಾಶ ಮೋಹಕ.,ನೀಲ ವಸ್ತ್ರ ಸುಂದರವಾಗಿದೆ.,ನೀಲ,1,1,1.0,1,test,mbert,0.823430597782135
pair_0163,ನೀಲ ಸಂಜೆ ಬರುತ್ತಿದೆ.,ನೀಲ ಮೋಹೆ ಅಂಧಕಾರ.,ನೀಲ,1,2,2.0,1,test,mbert,0.837781548500061
pair_0164,ಸಾಧಾರಣ ಕುಟುಂಬ ಬದುಕುತ್ತೆ.,ಸಾಧಾರಣ ಮನುಷ್ಯ ಅಸಾಧಾರಣ ಕಾರ್ಯ ಮಾಡಿದನು.,ಸಾಧಾರಣ,1,1,1.0,1,test,mbert,0.812986433506012
pair_0165,ಸಾಧಾರಣ ಚಿಂತನೆ ಸಕಲ ಜನಕ್ಕು ಅನ್ವಯ.,ಸಾಧಾರಣ ಸತ್ಯ ಪರಿವರ್ತಿತವಾಗಿದೆ.,ಸಾಧಾರಣ,1,2,2.0,1,test,mbert,0.8608005046844482
pair_0166,ಲೋಭಿ ಮನುಷ್ಯ ಸದಾ ತೃಪ್ತ ರಹಿತ.,ಲೋಭಿ ಭಾವನೆ ನಾಶ ಮಾಡುತ್ತದೆ.,ಲೋಭಿ,1,1,1.0,1,validation,mbert,0.8054908514022827
pair_0167,ಶಿಕ್ಷೆಯ ಲೋಭಿ ವಿದ್ಯಾರ್ಥಿ.,ಸಫಲತೆ ಲೋಭಿ ಮನುಷ್ಯ.,ಲೋಭಿ,1,2,2.0,1,test,mbert,0.8371186852455139
pair_0168,ಹಿರಿಯ ವ್ಯಕ್ತಿಯನ್ನು ಸಮ್ಮಾನಿಸಿ.,ಹಿರಿಯ ಪತ್ನಿ ಶಾಂತಿಮತೆ.,ಹಿರಿಯ,1,1,1.0,1,test,mbert,0.8102535605430603
pair_0169,ಹಿರಿಯ ಅಧಿಕಾರಿ ನಿರ್ದೇಶನ ಮಾಡಿದರು.,ಹಿರಿಯ ಪದ ಪ್ರಾಪ್ತನಾಗಿ.,ಹಿರಿಯ,1,2,2.0,1,test,mbert,0.801797091960907
pair_0170,ಕಿರಿಯ ಸಮಸ್ಯೆ ಛಿದ್ರ ಪಟ್ಟು.,ಕಿರಿಯ ವಿವರಣೆ ಸ್ಪಷ್ಟ.,ಕಿರಿಯ,1,1,1.0,1,test,mbert,0.8936923742294312
pair_0171,ಕಿರಿಯ ಮಗು ನೆಲೆಯಲ್ಲಿ.,ಕಿರಿಯ ವಯಸ್ಸು ಅಮೂಲ್ಯ.,ಕಿರಿಯ,1,2,2.0,1,validation,mbert,0.8510046601295471
pair_0172,ಪ್ರೀತಿ ಭಾರ್ಯೆ ಮನೆಯ ಸಿಂದೂರ.,ಪ್ರೀತಿ ಭಿತಿಜ ಅವನ ಪ್ರಿಯೆ.,ಪ್ರೀತಿ,1,1,1.0,1,test,mbert,0.850623607635498
pair_0173,ಪ್ರೀತಿ ವಿಷಯ ಶಾಸ್ತ್ರ.,ಪ್ರೀತಿ ಔಷಧ ಇಂದ್ರಿಯ.,ಪ್ರೀತಿ,1,2,2.0,1,test,mbert,0.8888598680496216
pair_0174,ಬೋಳ ಕಾಲೆ ಅವನು ಕೆಟ್ಟ ಪರಿಣಾಮ ಮಾಡಿದನು.,ಬೋಳ ವಿಚಾರಣೆ ಅಸಮರ್ಥನನ್ನು ಸೂಚಿಸುತ್ತದೆ.,ಬೋಳ,1,1,1.0,1,test,mbert,0.8113852143287659
pair_0175,ಆ ನಕಲಿ ಚಿತ್ರ ಅಸಾಧಾರಣ ಸಿದ್ಧಿ.,ನಕಲಿ ಸಾಕ್ಷ್ಯ ನ್ಯಾಯಾಲಯದ ವಿರುದ್ಧ ರಿವಾಜು.,ನಕಲಿ,0,1,2.0,0,test,mbert,0.7992078065872192
pair_0176,ಕೈದಿ ಮುಕ್ತನಾದನು.,ಬಂಧನೆಯಿಂದ ಮುಕ್ತನಾದನು.,ಮುಕ್ತ,0,1,2.0,0,validation,mbert,0.9006983041763306
pair_0177,ಗಟ್ಟ ಕಲ್ಲು ಚಾಪುತ್ತಾರೆ.,ಗುರುವು ಗಟ್ಟ ಆಜ್ಞೆಕಾರಿ.,ಗಟ್ಟ,0,1,2.0,0,test,mbert,0.7305985689163208
pair_0178,ಗಟ್ಟ ಸಮಸ್ಯೆ ಎದುರಾಗಿದೆ.,ಮಜ್ಜಿಗೆ ಗಟ್ಟ ಕಕ್ಷ.,ಗಟ್ಟ,0,3,1.0,0,test,mbert,0.8084109425544739
pair_0179,ಕಬ್ಬಿ ಬಟ್ಟೆ ಹೊಗಳುವುದಲ್ಲ.,ಕಬ್ಬಿ ಮಾತು ಆಘಾತ ಬಿಡುತ್ತದೆ.,ಕಬ್ಬಿ,0,1,2.0,0,test,mbert,0.8705872297286987
pair_0180,ನೀಲ ಆಕಾಶ ಮೋಹಕ.,ನೀಲ ಸಂಜೆ ಬರುತ್ತಿದೆ.,ನೀಲ,0,1,2.0,0,test,mbert,0.7876863479614258
pair_0181,ಸಾಧಾರಣ ಕುಟುಂಬ ಬದುಕುತ್ತೆ.,ಸಾಧಾರಣ ಸತ್ಯ ಪರಿವರ್ತಿತವಾಗಿದೆ.,ಸಾಧಾರಣ,0,1,2.0,0,validation,mbert,0.8809354901313782
pair_0182,ಲೋಭಿ ಮನುಷ್ಯ ಸದಾ ತೃಪ್ತ ರಹಿತ.,ಶಿಕ್ಷೆಯ ಲೋಭಿ ವಿದ್ಯಾರ್ಥಿ.,ಲೋಭಿ,0,1,2.0,0,test,mbert,0.8076852560043335
pair_0183,ಹಿರಿಯ ವ್ಯಕ್ತಿಯನ್ನು ಸಮ್ಮಾನಿಸಿ.,ಹಿರಿಯ ಅಧಿಕಾರಿ ನಿರ್ದೇಶನ ಮಾಡಿದರು.,ಹಿರಿಯ,0,1,2.0,0,test,mbert,0.83269864320755
pair_0184,ಕಿರಿಯ ಸಮಸ್ಯೆ ಛಿದ್ರ ಪಟ್ಟು.,ಕಿರಿಯ ವಯಸ್ಸು ಅಮೂಲ್ಯ.,ಕಿರಿಯ,0,1,2.0,0,test,mbert,0.8820211887359619
pair_0185,ಪ್ರೀತಿ ಭಾರ್ಯೆ ಮನೆಯ ಸಿಂದೂರ.,ಪ್ರೀತಿ ವಿಷಯ ಶಾಸ್ತ್ರ.,ಪ್ರೀತಿ,0,1,2.0,0,test,mbert,0.8721441626548767
pair_0186,ಪದದ ಅರ್ಥ ತಿಳಿಸಿ.,ಈ ಮಾತುಗಳ ಅರ್ಥ ತೃಪ್ತಿದಾಯಕವಾಗಿದೆ.,ಅರ್ಥ,1,1,1.0,1,validation,mbert,0.7220897078514099
pair_0187,ಅರ್ಥ ಪಾಲಿಸುವುದು ಅವಶ್ಯಕ.,ಸಭೆ ಅರ್ಥ ಸೂಚಿಸಿದೆ.,ಅರ್ಥ,1,2,2.0,1,test,mbert,0.7634563446044922
pair_0188,ಈ ಪ್ರಯೋಗದ ಅರ್ಥ ತಪ್ಪಾದ ವಿಷಯ ಪಕ್ಷೀಕರಿಸುವುದು.,ಯುವಕನ ಅರ್ಥ ಉನ್ನತಿಯಿತು.,ಅರ್ಥ,1,3,3.0,1,test,mbert,0.7268579602241516
pair_0189,ಆ ರತ್ನದ ಅರ್ಥ ತುಂಬಾ ಹೆಚ್ಚು.,ಮಾನವ ಜೀವನದ ಅರ್ಥ ಅಮೂಲ್ಯ.,ಅರ್ಥ,1,4,4.0,1,test,mbert,0.7832260131835938
pair_0190,ಮಾನವ ಜೀವನದ ಅರ್ಥ ಅಮೂಲ್ಯ.,ಆ ರತ್ನದ ಅರ್ಥ ತುಂಬಾ ಹೆಚ್ಚು.,ಅರ್ಥ,1,4,4.0,1,test,mbert,0.7832260131835938
pair_0191,ಕಬ್ಬಿ ಚರ್ಮ ಶೇಕಡೆ.,ಕಬ್ಬಿ ಬಟ್ಟೆ ಹೊಗಳುವುದಲ್ಲ.,ಕಬ್ಬಿ,1,1,1.0,1,validation,mbert,0.8644443154335022
pair_0192,ಕಬ್ಬಿ ವ್ಯವಹಾರ ನಿಜನಾಗಿ ನೋವಾಗಿಸುತ್ತದೆ.,ಕಬ್ಬಿ ಮಾತು ಆಘಾತ ಬಿಡುತ್ತದೆ.,ಕಬ್ಬಿ,1,2,2.0,1,test,mbert,0.9175809025764465
pair_0193,ಕಬ್ಬಿ ಮನುಷ್ಯ ಕಷ್ಟ ಸಹಿಸುತ್ತಾನೆ.,ಕಬ್ಬಿ ನಿರ್ಮಾಣ ದೀರ್ಘಸ್ಥಿರ.,ಕಬ್ಬಿ,1,3,3.0,1,test,mbert,0.8232832551002502
pair_0194,ಕಬ್ಬಿ ನಿರ್ಮಾಣ ದೀರ್ಘಸ್ಥಿರ.,ಕಬ್ಬಿ ಮನುಷ್ಯ ಕಷ್ಟ ಸಹಿಸುತ್ತಾನೆ.,ಕಬ್ಬಿ,1,3,3.0,1,test,mbert,0.8232832551002502
pair_0195,ಅನಸ್ಥೆಯ ಕರಣ ಕಾರ್ಯಭಾರ ಹೆಚ್ಚು.,ಈ ಘಟನೆಯ ಕರಣ ಎಂದರೆ ನಿರ್ಲಕ್ಷ್ಯತೆ.,ಕರಣ,1,1,1.0,1,test,mbert,0.7428348660469055
pair_0196,ಶಿಕ್ಷಣ ಜೀವನ ಸುಧಾರಣೆಯ ಕರಣ.,ಕರ್ನಮ ಭರತಾವಿಯ ಕರಣಗಳು ಅದ್ಭುತವಾಗಿವೆ.,ಕರಣ,1,2,2.0,1,validation,mbert,0.7651112079620361
pair_0197,ಕರ್ನಮ ಭರತಾವಿಯ ಕರಣಗಳು ಅದ್ಭುತವಾಗಿವೆ.,ಶಿಕ್ಷಣ ಜೀವನ ಸುಧಾರಣೆಯ ಕರಣ.,ಕರಣ,1,2,2.0,1,test,mbert,0.7651112079620361
pair_0198,ಪದವಿನ ಕರಣ ವಿಷಯ ವಿಶ್ಲೇಷಿಸಬೇಕು.,ಅಪರ ಕರಣ ತೆರೆದುಕೊಂಡಿದೆ.,ಕರಣ,1,3,3.0,1,test,mbert,0.7673313617706299
pair_0199,ಅಪರ ಕರಣ ತೆರೆದುಕೊಂಡಿದೆ.,ಪದವಿನ ಕರಣ ವಿಷಯ ವಿಶ್ಲೇಷಿಸಬೇಕು.,ಕರಣ,1,3,3.0,1,test,mbert,0.7673313617706299
pair_0200,ಮಹಾಭಾರತದ ಕಾಲದಲ್ಲಿ ಅನೇಕ ಯುದ್ಧ ನಡೆದವು.,ಕಾಲ ದ್ರುತವಾಗಿ ಹಾದುಹೋಗಿ.,ಕಾಲ,1,1,1.0,1,test,mbert,0.45784640312194824
pair_0201,ಕಾಲು ನೋವಾಗುತ್ತಿದೆ.,ಅವನ ಎಡ ಕಾಲು ಮುರಿದಿದೆ.,ಕಾಲ,1,2,2.0,1,validation,mbert,0.8049842119216919
pair_0202,ಕಾಲ ನೋಡುತ್ತಿರುವುದೇ ಅದು.,ಕಾಲದ ಸಮಯ ನಿಗದಿತವಾಗಿದೆ.,ಕಾಲ,1,3,3.0,1,test,mbert,0.6994680762290955
pair_0203,ಕಾಲದ ಸಮಯ ನಿಗದಿತವಾಗಿದೆ.,ಕಾಲ ನೋಡುತ್ತಿರುವುದೇ ಅದು.,ಕಾಲ,1,3,3.0,1,test,mbert,0.6994680762290955
pair_0204,ಕಾಲ ಬಟ್ಟೆ ಧರಿಸಿ.,ಕಾಲ ಮೇಘ ಗಾಳಿ ಬೀಸುತ್ತಿದೆ.,ಕಾಲ,1,4,4.0,1,test,mbert,0.7783247828483582
pair_0205,ಕಾಲ ಮೇಘ ಗಾಳಿ ಬೀಸುತ್ತಿದೆ.,ಕಾಲ ಬಟ್ಟೆ ಧರಿಸಿ.,ಕಾಲ,1,4,4.0,1,test,mbert,0.7783247828483582
pair_0206,ಮುಂಗಾರು ಕಾಲ ಮೂವೆತ್ತೆ ಅಂದಾಗೆ ಬರುತ್ತದೆ.,ಬೇಸಿಗೆ ಕಾಲ ತುಂಬಾ ಬಿಸಿಯಾಗಿರುತ್ತವೆ.,ಕಾಲ,1,5,5.0,1,validation,mbert,0.7082417011260986
pair_0207,ಅವಕಾಶ ಕಾಲೆ ಮಾಡಿದೆ.,ಅನ್ನ ಕಾಲೆ ಮಾಡಬೇಡ.,ಕಾಲೆ,1,1,1.0,1,test,mbert,0.7939667701721191
pair_0208,ಪ್ರತಿಭೆ ಕಾಲೆ ಮಾಡಬೇಡ.,ಹಣ ಕಾಲೆ ಮಾಡುವುದು ನೀತಿಹೀನ.,ಕಾಲೆ,1,2,2.0,1,test,mbert,0.7989032864570618
pair_0209,ಪರಿವಾರ ಕಾಲೆ ಮಾಡುವುದು ಅನುಚಿತ.,ಅಧ್ಯಯನ ಕಾಲೆ ಮಾಡಿದೆ.,ಕಾಲೆ,1,3,3.0,1,test,mbert,0.7510334253311157
pair_0210,ಕಿರಿಯ ವಿವರಣೆ ಸ್ಪಷ್ಟ.,ಕಿರಿಯ ಸಮಸ್ಯೆ ಛಿದ್ರ ಪಟ್ಟು.,ಕಿರಿಯ,1,1,1.0,1,test,mbert,0.8936923742294312
pair_0211,ಕಿರಿಯ ವಯಸ್ಸು ಅಮೂಲ್ಯ.,ಕಿರಿಯ ಮಗು ನೆಲೆಯಲ್ಲಿ.,ಕಿರಿಯ,1,2,2.0,1,validation,mbert,0.8510046601295471
pair_0212,ಕಿರಿಯ ಸಹೋದರ ಸಹಾಯಕ.,ಕಿರಿಯ ಪದ ತೃಪ್ತ ವೈತನಿಕ.,ಕಿರಿಯ,1,3,3.0,1,test,mbert,0.7962911128997803
pair_0213,ಕಿರಿಯ ಪದ ತೃಪ್ತ ವೈತನಿಕ.,ಕಿರಿಯ ಸಹೋದರ ಸಹಾಯಕ.,ಕಿರಿಯ,1,3,3.0,1,test,mbert,0.7962911128997803
pair_0214,ನೋವಿನಿಂದ ಕೂಲಿ ಮಾಡಿದಾಳು.,ಪರೋಪಕಾರಿ ಉದ್ದೇಶದಿಂದ ಕೂಲಿ ಮಾಡುತ್ತೆ.,ಕೂಲಿ,1,1,1.0,1,test,mbert,0.8968620896339417
pair_0215,ನನ್ನನ್ನು ಕೂಲಿ ಮಾಡಿದಾಳು.,ಮಗುವನ್ನು ಕೂಲಿ ಮಾಡಿ.,ಕೂಲಿ,1,2,2.0,1,test,mbert,0.8717788457870483
pair_0216,ನಿನ್ನ ಸ್ನೇಹಿತರನ್ನು ಕೂಲಿ ಮಾಡೋ.,ಪಾರ್ಟಿಗೆ ಮಹತ್ತರ ಕೂಲಿ ಮಾಡಿದೆ.,ಕೂಲಿ,1,3,3.0,1,validation,mbert,0.7986112833023071
pair_0217,ನನಗೆ ನೀರು ಕೊಡಿ.,ಆನೆಗೆ ಒಣಹೂವು ಕೊಡಿ.,ಕೊಡು,1,1,1.0,1,test,mbert,0.871860921382904
pair_0218,ಅತಿಥಿಗೆ ಆಸನ ಕೊಡಿ.,ದೇವರಿಗೆ ಹೂವು ಕೊಡುವುದು ಸಂಪ್ರದಾಯ.,ಕೊಡು,1,2,2.0,1,test,mbert,0.12121918797492981
pair_0219,ತೊಡೆಯಿಂದ ಥಳಿ ಕೊಟ್ಟನಳೆ.,ಶತ್ರುವಿಗೆ ಭೀಷಣ ಪ್ರಹಾರ ಕೊಡುತ್ತೆ.,ಕೊಡು,1,3,3.0,1,test,mbert,0.1144123524427414
pair_0220,ಕ್ಷೇತ್ರ ಸಂಪೂರ್ಣ ಫಸಲಿ ಕೊಡುತ್ತಿದೆ.,ಗಿರುಗಳ ಹಾಕುಮಾರಿ ಬೆಳ್ಳಳಿ ಕೊಡುತ್ತವೆ.,ಕೊಡು,1,4,4.0,1,test,mbert,0.7953177690505981
pair_0221,ಮಜ್ಜಿಗೆ ಗಟ್ಟ ಕಕ್ಷ.,ಗಟ್ಟ ಕಲ್ಲು ಚಾಪುತ್ತಾರೆ.,ಗಟ್ಟ,1,1,1.0,1,validation,mbert,0.7700643539428711
pair_0222,ಗಟ್ಟ ನಿಯಮ ಪಾಲಿಸುತ್ತಾರೆ.,ಗುರುವು ಗಟ್ಟ ಆಜ್ಞೆಕಾರಿ.,ಗಟ್ಟ,1,2,2.0,1,test,mbert,0.6600921750068665
pair_0223,ಗಟ್ಟ ಅನುಸಾರ ನೋವು.,ಗಟ್ಟ ಸಮಸ್ಯೆ ಎದುರಾಗಿದೆ.,ಗಟ್ಟ,1,3,3.0,1,test,mbert,0.832329511642456
pair_0224,ಗುರುತ್ವ ಕಾಚು ಕೆಲಸ.,ಗುರುತ್ವ ಸಮಸ್ಯೆ ಪರಿಹಾರ.,ಗುರುತ್ವ,1,1,1.0,1,test,mbert,0.9125155806541443
pair_0225,ಗುರುತ್ವ ಸಮಸ್ಯೆ ಪರಿಹಾರ.,ಗುರುತ್ವ ಕಾಚು ಕೆಲಸ.,ಗುರುತ್ವ,1,1,1.0,1,test,mbert,0.9125155806541443
pair_0226,ಗುರುತ್ವ ನಿರ್ಧಾರ ಕೆಳಗಿಳಿಸಲಾಯಿತು.,ಗುರುತ್ವ ಕಾರ್ಯಭಾರ ತಿಳಿಸಲಾಯಿತು.,ಗುರುತ್ವ,1,2,2.0,1,validation,mbert,0.9558535218238831
pair_0227,ಗುರುತ್ವ ಕಾರ್ಯಭಾರ ತಿಳಿಸಲಾಯಿತು.,ಗುರುತ್ವ ನಿರ್ಧಾರ ಕೆಳಗಿಳಿಸಲಾಯಿತು.,ಗುರುತ್ವ,1,2,2.0,1,test,mbert,0.9558535218238831
pair_0228,ಗುರುತ್ವ ಸಂಜೆಯಲ್ಲಿ ಆರಾಧನೆ.,ಗುರುತ್ವ ನೀತಿ ಅನುಷ್ಠಾನ.,ಗುರುತ್ವ,1,3,3.0,1,test,mbert,0.8729826211929321
pair_0229,ಗುರುತ್ವ ನೀತಿ ಅನುಷ್ಠಾನ.,ಗುರುತ್ವ ಸಂಜೆಯಲ್ಲಿ ಆರಾಧನೆ.,ಗುರುತ್ವ,1,3,3.0,1,test,mbert,0.8729826211929321
pair_0230,ಮೊಟೊರಿನ ಚಕ್ರ ತಿರುಗುತ್ತಿದೆ.,ರಥದ ಚಕ್ರ ಭಾರೀ ಮರದಿಂದ ತಯಾರಾಗಿದೆ.,ಚಕ್ರ,1,1,1.0,1,test,mbert,0.8680344820022583
pair_0231,ಋತುಗಳ ಚಕ್ರ ಪುನರಾವೃತ್ತಿಯಾಗುತ್ತಿದೆ.,ಜೀವನದ ಚಕ್ರ ಮುಂದುವರಿದುಕೊಂಡಿದೆ.,ಚಕ್ರ,1,2,2.0,1,validation,mbert,0.8470554351806641
pair_0232,ಹೃದಯ ಚಕ್ರ ಸಕ್ರಿಯಗೊಳಿಸುತ್ತಾರೆ.,ಯೋಗದಲ್ಲಿ ಆಚ್ಠ ಚಕ್ರಗಳು ಮುಖ್ಯ.,ಚಕ್ರ,1,3,3.0,1,test,mbert,0.7714370489120483
pair_0233,ಸುದರ್ಶನ ಚಕ್ರ ಸಕಲವನ್ನು ನಾಶಮಾಡುತ್ತಿದೆ.,ಕೃಷ್ಣನ ಚಕ್ರ ವೈಷ್ಣವ ಅಸ್ತ್ರ.,ಚಕ್ರ,1,4,4.0,1,test,mbert,0.7531022429466248
pair_0234,ಚಿತ್ರ ತೆಗೆಯಬೇಕೆ?,ಆ ಚಿತ್ರ ನೈಜತ್ವವನ್ನು ಪ್ರತಿಬಿಂಬಿಸುತ್ತದೆ.,ಚಿತ್ರ,1,1,1.0,1,test,mbert,0.7256978154182434
pair_0235,ಈ ಕಾದಂಬರಿಯು ಚಿತ್ರವಾದ ಪ್ರಕರಣಗಳನ್ನು ಹೊಂದಿದೆ.,ಸಮಾಜದಲ್ಲಿ ಅನೇಕ ಚಿತ್ರ ಜನತೆ ವಾಸ ಮಾಡುತ್ತಾರೆ.,ಚಿತ್ರ,1,2,2.0,1,test,mbert,0.6960958242416382
pair_0236,ಚಿತ್ರವಾದ ಸಂಗತಿ ಸಂಭವಿಸಿದೆ.,ಆ ಚಿತ್ರ ಘಟನೆ ಕೇಳಲು ಅದ್ಭುತವಾಗಿದೆ.,ಚಿತ್ರ,1,3,3.0,1,validation,mbert,0.7701559662818909
pair_0237,ಈ ಚಿತ್ರ ಶಿಲ್ಪ ಅಸಾಧಾರಣ ಕಾದಂಬರಿ.,ರವಿಶಂಕರ ಸುಂದರ ಚಿತ್ರ ಸೃಷ್ಟಿಸುತ್ತಾರೆ.,ಚಿತ್ರ,1,4,4.0,1,test,mbert,0.7824422121047974
pair_0238,ನೀರಾಯ ಜಲ ಕುಡಿಯಿರಿ.,ಜಲ ಬೆಳಗಿನ ಬಿಸಿಯಲ್ಲಿ ಕುದಿಯುತ್ತಿದೆ.,ಜಲ,1,1,1.0,1,test,mbert,0.6761252284049988
pair_0239,ಜಲ ಬೆಳಗಿನ ಬಿಸಿಯಲ್ಲಿ ಕುದಿಯುತ್ತಿದೆ.,ನೀರಾಯ ಜಲ ಕುಡಿಯಿರಿ.,ಜಲ,1,1,1.0,1,test,mbert,0.6761252284049988
pair_0240,ತೈಲಜಲ ಸಲ್ಯ ಹೀಲಿಂಗಿಗೆ ಉಪಯುಕ್ತ.,ಕಷಾಯ ಜಲ ಔಷಧ.,ಜಲ,1,2,2.0,1,test,mbert,0.7117642760276794
pair_0241,ಕಷಾಯ ಜಲ ಔಷಧ.,ತೈಲಜಲ ಸಲ್ಯ ಹೀಲಿಂಗಿಗೆ ಉಪಯುಕ್ತ.,ಜಲ,1,2,2.0,1,validation,mbert,0.7117642760276794
pair_0242,ಜಲದಲ್ಲಿ ಬೆನ್ನು ಬದ್ಧವಾಗುತ್ತಿದೆ.,ಜಲ ತೂರುವ ಹೀನಾಭಿಮಾನ ನಿವಾರಿಸುವುದು ಕಷ್ಟ.,ಜಲ,1,3,3.0,1,test,mbert,0.8325172662734985
pair_0243,ಜಲ ತೂರುವ ಹೀನಾಭಿಮಾನ ನಿವಾರಿಸುವುದು ಕಷ್ಟ.,ಜಲದಲ್ಲಿ ಬೆನ್ನು ಬದ್ಧವಾಗುತ್ತಿದೆ.,ಜಲ,1,3,3.0,1,test,mbert,0.8325172662734985
pair_0244,ಹಾಕುಮಾರಿಗೆ ನಕ್ಷತ್ರ ತೆಗೆದು ಕೊಟ್ಟರು.,ನನ್ನ ಹಸ್ತ ತೆಗೆ.,ತೆಗೆ,1,1,1.0,1,test,mbert,0.7233712077140808
pair_0245,ಕಂಕುದಿಂದ ಮುಖ್ಯ ಕೆಲಸ ತೆಗೆದುಕೊ.,ಹೋಗಿ ಮೇಲಿನ ತಗರು ತೆಗೆದುಕೊ.,ತೆಗೆ,1,2,2.0,1,test,mbert,0.8243569731712341
pair_0246,ಹೊರಗಿನ ಸೂಪ ತೆಗೆದುಕೊಂಡೆ.,ನೆಲದಿಂದ ಪಿಸು ತೆಗೆದುಕೊ.,ತೆಗೆ,1,3,3.0,1,validation,mbert,0.8594378232955933
pair_0247,ಪ್ರಾಣಿ ಪರೀಕ್ಷೆಯಲ್ಲಿ ತೆಗೆದುಕೊಂಡರು.,ಗುರಿನೆ ಬಾರಣವನ್ನು ತೆಗೆದುಕೊಳ್ಳಿ.,ತೆಗೆ,1,4,4.0,1,test,mbert,0.6826175451278687
pair_0248,ಧರಣಿಯ ಮೇಲೆ ಮಿಲಿಯನ ಜನ ವಾಸ ಮಾಡುತ್ತಾರೆ.,ಧರಣಿ ಭ್ರಮಿಸುತ್ತಾ ಇರುತ್ತದೆ.,ಧರಣಿ,1,1,1.0,1,test,mbert,0.6061433553695679
pair_0249,ಮನೆಯ ಧರಣಿ ಬಲಾಗಿರುವುದು ಅಗತ್ಯ.,ಈ ಕೋಟೆಯ ಧರಣಿ ಕಲ್ಲಿನಿಂದ ಕೆತ್ತಿರುವುದು.,ಧರಣಿ,1,2,2.0,1,test,mbert,0.8338039517402649
pair_0250,ಪುಷ್ಪಗಳ ಧರಣಿ ಸುವಾಸಿತವಾಗಿರುತ್ತವೆ.,ಧರಣಿ ಇಳಿಪಡಿಸುವ ಪದಾರ್ಥ.,ಧರಣಿ,1,3,3.0,1,test,mbert,0.6701198816299438
pair_0251,ಧರಣಿ ಇಳಿಪಡಿಸುವ ಪದಾರ್ಥ.,ಪುಷ್ಪಗಳ ಧರಣಿ ಸುವಾಸಿತವಾಗಿರುತ್ತವೆ.,ಧರಣಿ,1,3,3.0,1,validation,mbert,0.6701198816299438
pair_0252,ಮುಖವಾಣಿ ಧರಿಸಿ.,ಹೊಸ ಬಟ್ಟೆ ಧರಿಸಿ.,ಧರಿಸು,1,1,1.0,1,test,mbert,0.9593914747238159
pair_0253,ಮಾದರಿ ಧರಿಸಿ ಹೋಗುತ್ತೆ.,ಅಸ್ತ್ರ ಧರಿಸಿ ಯುದ್ಧಕ್ಕೆ ಬಂದರು.,ಧರಿಸು,1,2,2.0,1,test,mbert,0.9418770670890808
pair_0254,ಕುಟುಂಬದ ನೈತಿಕ ಧರಿಸುವುದು ಅವಶ್ಯಕ.,ಭೂಮಿಯ ಸಾಕಷ್ಟು ಸೋಂಕುಗಳನ್ನು ಧರಿಸಿದೆ.,ಧರಿಸು,1,3,3.0,1,test,mbert,0.08237063884735107
pair_0255,ನಕಲಿ ಪಾಸ್‌ಪೋರ್ಟ್ ಜರಿಮಾನೆಗೆ ಸಾಧ್ಯ.,ಆ ನಕಲಿ ಚಿತ್ರ ಅಸಾಧಾರಣ ಸಿದ್ಧಿ.,ನಕಲಿ,1,1,1.0,1,test,mbert,0.7757546305656433
pair_0256,ನಕಲಿ ವಾದ್ಯತೆ ನಿಖಿಲ ಎಲೆ ಪ್ರತಿ.,ನಕಲಿ ಸಾಕ್ಷ್ಯ ನ್ಯಾಯಾಲಯದ ವಿರುದ್ಧ ರಿವಾಜು.,ನಕಲಿ,1,2,2.0,1,validation,mbert,0.8093480467796326
pair_0257,ನಕಲಿ ನಾಣ್ಯ ಸಾಕಷ್ಟು ಪರಿಚಿತವಾಗಿದೆ.,ನಕಲಿ ವಸ್ತುವನ್ನು ವಿಕ್ರಯ ಮಾಡುವುದು ಅಪರಾಧ.,ನಕಲಿ,1,3,3.0,1,test,mbert,0.8819088935852051
pair_0258,ನಕಲಿ ವಸ್ತುವನ್ನು ವಿಕ್ರಯ ಮಾಡುವುದು ಅಪರಾಧ.,ನಕಲಿ ನಾಣ್ಯ ಸಾಕಷ್ಟು ಪರಿಚಿತವಾಗಿದೆ.,ನಕಲಿ,1,3,3.0,1,test,mbert,0.8819088935852051
pair_0259,ಸೂಕನಲ್ಲಿ ನೀಡ ತಿರಿಯುತ್ತೆ.,ಪಕ್ಷಿಯ ನೀಡ ವೃಕ್ಷದ ಮೇಲೆ ಇದೆ.,ನೀಡ,1,1,1.0,1,test,mbert,0.8197231888771057
pair_0260,ಹೊಸ ನೀಡಕ್ಕೆ ಸ್ವಾಗತ.,ಬೆಕೆಲೆಗಾಗಿ ಪರಿವಾರದ ನೀಡ ನಿರ್ಮಾಣ ಮಾಡಿದರು.,ನೀಡ,1,2,2.0,1,test,mbert,0.788080632686615
pair_0261,ಪ್ರಭುನ ನೀಡ ನೀತಿಸೋಪಾನದಲ್ಲಿ.,ಆತ್ಮನ ಚಿರಂತನ ನೀಡ ಅತೀಂದ್ರಿಯ.,ನೀಡ,1,3,3.0,1,validation,mbert,0.9102641940116882
pair_0262,ಆತ್ಮನ ಚಿರಂತನ ನೀಡ ಅತೀಂದ್ರಿಯ.,ಪ್ರಭುನ ನೀಡ ನೀತಿಸೋಪಾನದಲ್ಲಿ.,ನೀಡ,1,3,3.0,1,test,mbert,0.9102641940116882
pair_0263,ನೀಲ ವಸ್ತ್ರ ಸುಂದರವಾಗಿದೆ.,ನೀಲ ಆಕಾಶ ಮೋಹಕ.,ನೀಲ,1,1,1.0,1,test,mbert,0.823430597782135
pair_0264,ನೀಲ ಮೋಹೆ ಅಂಧಕಾರ.,ನೀಲ ಸಂಜೆ ಬರುತ್ತಿದೆ.,ನೀಲ,1,2,2.0,1,test,mbert,0.837781548500061
pair_0265,ನೀಲ ಗಿಳಿ ಮಂಡಿರದ ಸ್ಕಂಧ.,ನೀಲ ರಂಗು ಧೌತ ಸಂಭೋಗ.,ನೀಲ,1,3,3.0,1,test,mbert,0.8715750575065613
pair_0266,ನೀಲ ರಂಗು ಧೌತ ಸಂಭೋಗ.,ನೀಲ ಗಿಳಿ ಮಂಡಿರದ ಸ್ಕಂಧ.,ನೀಲ,1,3,3.0,1,validation,mbert,0.8715750575065613
pair_0267,ಪಾರ್ಥ ಸೈನ್ಯವನ್ನು ನೇತೃತ್ವ ಮಾಡಿದರು.,ಈ ಪ್ರಯೋಗದಲ್ಲಿ ನಾನು ನೇತೃತ್ವ ಮಾಡುತ್ತೇನೆ.,ನೇತೃತ್ವ,1,1,1.0,1,test,mbert,0.7687565684318542
pair_0268,ಈ ಪ್ರಯೋಗದಲ್ಲಿ ನಾನು ನೇತೃತ್ವ ಮಾಡುತ್ತೇನೆ.,ಪಾರ್ಥ ಸೈನ್ಯವನ್ನು ನೇತೃತ್ವ ಮಾಡಿದರು.,ನೇತೃತ್ವ,1,1,1.0,1,test,mbert,0.7687565684318542
pair_0269,ಶಿಲ್ಪಿ ಸಂಗೀತವನ್ನು ನೇತೃತ್ವ ಮಾಡಿದರು.,ಆರ್ಕೆಸ್ಟ್ರಾ ನೇತೃತ್ವ ಮಾಡುವುದು ಕಾಂಡಕ್ಟರ್‌ನ ಕೆಲಸ.,ನೇತೃತ್ವ,1,2,2.0,1,test,mbert,0.7832842469215393
pair_0270,ಆರ್ಕೆಸ್ಟ್ರಾ ನೇತೃತ್ವ ಮಾಡುವುದು ಕಾಂಡಕ್ಟರ್‌ನ ಕೆಲಸ.,ಶಿಲ್ಪಿ ಸಂಗೀತವನ್ನು ನೇತೃತ್ವ ಮಾಡಿದರು.,ನೇತೃತ್ವ,1,2,2.0,1,test,mbert,0.7832842469215393
pair_0271,ಸಂಸ್ಥೆಯನ್ನು ನೇತೃತ್ವ ಮಾಡುವ ಜವಾಬ್ದಾರಿ.,ಯುವಕನು ಕಂಪನಿ ನೇತೃತ್ವ ಮಾಡಿದನು.,ನೇತೃತ್ವ,1,3,3.0,1,validation,mbert,0.8370571136474609
pair_0272,ಯುವಕನು ಕಂಪನಿ ನೇತೃತ್ವ ಮಾಡಿದನು.,ಸಂಸ್ಥೆಯನ್ನು ನೇತೃತ್ವ ಮಾಡುವ ಜವಾಬ್ದಾರಿ.,ನೇತೃತ್ವ,1,3,3.0,1,test,mbert,0.8370571136474609
pair_0273,ಒಟ್ಟಿಗೆ ಏನು ನೋಡುತ್ತೀಯ?,ಆಕಾಶ ನೋಡಿ.,ನೋಡು,1,1,1.0,1,test,mbert,0.057438816875219345
pair_0274,ಕಡಿಮೆ ಮಾರುಕಟ್ಟೆ ನೋಡೊಳ್ಳಿ.,ಸಿನೆಮಾ ನೋಡುವುದು ಆನಂದ.,ನೋಡು,1,2,2.0,1,test,mbert,0.049102868884801865
pair_0275,ರಾತ್ರಿ ನಿಮ್ಮನ್ನು ನೋಡುತ್ತೇನೆ.,ನನ್ನ ಸ್ನೇಹಿತ ನೀಡೆ ನೋಡುತ್ತೆ.,ನೋಡು,1,3,3.0,1,test,mbert,0.887731671333313
pair_0276,ಚಿಕಿತ್ಸಕ ರೋಗಿಯನ್ನು ನೋಡಿದರು.,ಸರಿಪೊತ್ತು ನೋಡಿ.,ನೋಡು,1,4,4.0,1,validation,mbert,0.8567384481430054
pair_0277,ನದಿಯ ಮೇಲೆ ಹೊಸ ಪುಲ ನಿರ್ಮಾಣವಾಗುತ್ತಿದೆ.,ಪುಲ ದಾಟಿ ಹೋಗಿ.,ಪುಲ,1,1,1.0,1,test,mbert,0.6484774947166443
pair_0278,ಪುಲ ದಾಟಿ ಹೋಗಿ.,ನದಿಯ ಮೇಲೆ ಹೊಸ ಪುಲ ನಿರ್ಮಾಣವಾಗುತ್ತಿದೆ.,ಪುಲ,1,1,1.0,1,test,mbert,0.6484774947166443
pair_0279,ಬೆಸೆಯ ಪುಲ ಚೆಂದ ಸುವಾಸಿತವಾಗಿರುತ್ತವೆ.,ಹೂವಿನ ಪುಲ ನೋಡು.,ಪುಲ,1,2,2.0,1,test,mbert,0.6583945751190186
pair_0280,ಹೂವಿನ ಪುಲ ನೋಡು.,ಬೆಸೆಯ ಪುಲ ಚೆಂದ ಸುವಾಸಿತವಾಗಿರುತ್ತವೆ.,ಪುಲ,1,2,2.0,1,test,mbert,0.6583945751190186
pair_0281,ನವೆಂಬರ್ ಅವರಿಗೆ ಪುಲದ ತೂಟು ಕೊಟ್ಟರು.,ಮದುವೆಯ ಸಮಯದಲ್ಲಿ ಸುಂದರ ಪುಲದ ತೂಟು ನೋಡಲಾಯಿತು.,ಪುಲ,1,3,3.0,1,validation,mbert,0.8257313370704651
pair_0282,ಮದುವೆಯ ಸಮಯದಲ್ಲಿ ಸುಂದರ ಪುಲದ ತೂಟು ನೋಡಲಾಯಿತು.,ನವೆಂಬರ್ ಅವರಿಗೆ ಪುಲದ ತೂಟು ಕೊಟ್ಟರು.,ಪುಲ,1,3,3.0,1,test,mbert,0.8257313370704651
pair_0283,ಸೂರ್ಯನ ಪೆರೆಲೆ ಬೀಸುತ್ತಿದೆ.,ಮರದ ಪೆರೆಲೆಯಲ್ಲಿ ಕುಳಿತುಕೊಂಡೆ.,ಪೆರೆಲೆ,1,1,1.0,1,test,mbert,0.8604384660720825
pair_0284,ಮರದ ಪೆರೆಲೆಯಲ್ಲಿ ಕುಳಿತುಕೊಂಡೆ.,ಸೂರ್ಯನ ಪೆರೆಲೆ ಬೀಸುತ್ತಿದೆ.,ಪೆರೆಲೆ,1,1,1.0,1,test,mbert,0.8604384660720825
pair_0285,ನೀರಿನಲ್ಲಿ ಮುಖದ ಪೆರೆಲೆ ಕಾಣುತ್ತಿದೆ.,ಕನ್ನಡ ಸಂಸ್ಕೃತಿಯ ಪೆರೆಲೆ ಲೋಕವೆಲ್ಲಾ ಪಡೆದೆ.,ಪೆರೆಲೆ,1,2,2.0,1,test,mbert,0.7729356288909912
pair_0286,ಕನ್ನಡ ಸಂಸ್ಕೃತಿಯ ಪೆರೆಲೆ ಲೋಕವೆಲ್ಲಾ ಪಡೆದೆ.,ನೀರಿನಲ್ಲಿ ಮುಖದ ಪೆರೆಲೆ ಕಾಣುತ್ತಿದೆ.,ಪೆರೆಲೆ,1,2,2.0,1,validation,mbert,0.7729356288909912
pair_0287,ಆತನ ಮೇಲೆ ನಿರ್ದೋಷತೆಯ ಪೆರೆಲೆಯೂ ಇಲ್ಲ.,ಪೆರೆಲೆ ಪರಿಚಯ ನಾಶ ಮಾಡುತ್ತದೆ.,ಪೆರೆಲೆ,1,3,3.0,1,test,mbert,0.8322272896766663
pair_0288,ಪೆರೆಲೆ ಪರಿಚಯ ನಾಶ ಮಾಡುತ್ತದೆ.,ಆತನ ಮೇಲೆ ನಿರ್ದೋಷತೆಯ ಪೆರೆಲೆಯೂ ಇಲ್ಲ.,ಪೆರೆಲೆ,1,3,3.0,1,test,mbert,0.8322272896766663
pair_0289,ಪ್ರಭುವಿನ ಆದೇಶ ಪಾಲಿಸಲೇಬೇಕು.,ಸೋಮನಾಥ ತನ್ನ ಗುಲಾಮನ ಪ್ರಭು.,ಪ್ರಭು,1,1,1.0,1,test,mbert,0.788533091545105
pair_0290,ಪ್ರಭುವಿನ ಕೃಪೆ ಅಪರಿಸೀಮ.,ಪ್ರಭುವೆ ನಮ್ಮನ್ನು ರಕ್ಷಿಸಿ.,ಪ್ರಭು,1,2,2.0,1,test,mbert,0.7639732360839844
pair_0291,ರವಿ ಪ್ರಭುಗಳು ಮುಖ್ಯ ಅಧಿಕಾರಿ.,ಪ್ರಭುಗಳ ನಿರ್ದೇಶನ ನೋಡಿ ಕೆಲಸ ಮಾಡಿ.,ಪ್ರಭು,1,3,3.0,1,validation,mbert,0.7279637455940247
pair_0292,ಪ್ರಭುಗಳ ನಿರ್ದೇಶನ ನೋಡಿ ಕೆಲಸ ಮಾಡಿ.,ರವಿ ಪ್ರಭುಗಳು ಮುಖ್ಯ ಅಧಿಕಾರಿ.,ಪ್ರಭು,1,3,3.0,1,test,mbert,0.7279637455940247
pair_0293,ಪ್ರೀತಿ ಭಿತಿಜ ಅವನ ಪ್ರಿಯೆ.,ಪ್ರೀತಿ ಭಾರ್ಯೆ ಮನೆಯ ಸಿಂದೂರ.,ಪ್ರೀತಿ,1,1,1.0,1,test,mbert,0.850623607635498
pair_0294,ಪ್ರೀತಿ ಔಷಧ ಇಂದ್ರಿಯ.,ಪ್ರೀತಿ ವಿಷಯ ಶಾಸ್ತ್ರ.,ಪ್ರೀತಿ,1,2,2.0,1,test,mbert,0.8888598680496216
pair_0295,ಪ್ರೀತಿ ಸುಗಂಧ ಹೃದಯ.,ಪ್ರೀತಿ ಸಂವಾದ ಆನಂದ.,ಪ್ರೀತಿ,1,3,3.0,1,test,mbert,0.9282162189483643
pair_0296,ಪ್ರೀತಿ ಸಂವಾದ ಆನಂದ.,ಪ್ರೀತಿ ಸುಗಂಧ ಹೃದಯ.,ಪ್ರೀತಿ,1,3,3.0,1,validation,mbert,0.9282162189483643
pair_0297,ಕಡಿಮೆ ಕರೆ ಸುಗಿಕೊ ಬರುತ್ತೆ.,ನಾಳೆ ನನ್ನ ಮನೆಗೆ ಬಾರು.,ಬರು,1,1,1.0,1,test,mbert,0.16591662168502808
pair_0298,ಮೇಲಿನ ಸಿಡಿ ಹಠಾತ್ತು ಬರುತ್ತೆ.,ರೈಲು ಸಮಯಕ್ಕೆ ಬರುತ್ತಿದೆ.,ಬರು,1,2,2.0,1,test,mbert,0.6721665263175964
pair_0299,ಶೀತ ಋತುವು ಬರುತ್ತಿದೆ.,ಇದೇ ಆಕಸ್ಮಾತ್ ಘಟನೆ ಕಾಲೇ ಕಾಲೇ ಬರುತ್ತದೆ.,ಬರು,1,3,3.0,1,test,mbert,0.5914869904518127
pair_0300,ನೀ ಶಕ್ತಿಶಾಳಿಯಾಗಿ ಬರಿ.,ಅವನು ಅರಸನಾಗಿ ಬರುತ್ತೀಯ.,ಬರು,1,4,4.0,1,test,mbert,0.16617359220981598
pair_0301,ತರಕಾರಿ ಬಾಗದಲ್ಲಿ ಸೋಂಕು ಹಿಡಿದಿದೆ.,ಪುಷ್ಪಬಾಗ ಅತ್ಯಂತ ಸುಂದರವಾಗಿದೆ.,ಬಾಗ,1,1,1.0,1,validation,mbert,0.5159078240394592
pair_0302,ನನ್ನ ಬಾಗ ನಿಗದಿತವಾಗಿ ಇದೆ.,ಸಂಪತ್ತಿನಿಂದ ಪ್ರತಿಯೊಬ್ಬರ ಬಾಗ ನಿರ್ಧರಿಸಿ.,ಬಾಗ,1,2,2.0,1,test,mbert,0.7798249125480652
pair_0303,ನಗರದ ಪಶ್ಚಿಮ ಬಾಗ ಸಾಕಷ್ಟು ಅಭಿವೃದ್ಧಿಯಾಗಿದೆ.,ಬೆಂಗಳೂರು ಉತ್ತರ ಬಾಗದಲ್ಲಿ ಸ್ಥಿತವಾಗಿದೆ.,ಬಾಗ,1,3,3.0,1,test,mbert,0.7237119078636169
pair_0304,ತರಕಾರಿಯ ಬೀಜ ಲೋಳೆ.,ಬೀಜ ಬಿತ್ತಬೇಕು ವರ್ಷ ಸುಮಾರು.,ಬೀಜ,1,1,1.0,1,test,mbert,0.7219092845916748
pair_0305,ಬೀಜ ಬಿತ್ತಬೇಕು ವರ್ಷ ಸುಮಾರು.,ತರಕಾರಿಯ ಬೀಜ ಲೋಳೆ.,ಬೀಜ,1,1,1.0,1,test,mbert,0.7219092845916748
pair_0306,ಆ ಕಲುಷತೆಯ ಬೀಜ ಕುರೂರತೆ.,ಚಿಂತೆ ಎಲ್ಲ ಸಮಸ್ಯೆಯ ಬೀಜ.,ಬೀಜ,1,2,2.0,1,validation,mbert,0.8610853552818298
pair_0307,ಚಿಂತೆ ಎಲ್ಲ ಸಮಸ್ಯೆಯ ಬೀಜ.,ಆ ಕಲುಷತೆಯ ಬೀಜ ಕುರೂರತೆ.,ಬೀಜ,1,2,2.0,1,test,mbert,0.8610853552818298
pair_0308,ಗುರುವು ಗುಪ್ತ ಬೀಜ ಪ್ರದಾನ ಮಾಡಿದರು.,ಈ ಯಂತ್ರದ ಬೀಜ ತಿಳಿದರೆ ಸಾಧನೆ ಮಾಡಬಹುದು.,ಬೀಜ,1,3,3.0,1,test,mbert,0.7877974510192871
pair_0309,ಈ ಯಂತ್ರದ ಬೀಜ ತಿಳಿದರೆ ಸಾಧನೆ ಮಾಡಬಹುದು.,ಗುರುವು ಗುಪ್ತ ಬೀಜ ಪ್ರದಾನ ಮಾಡಿದರು.,ಬೀಜ,1,3,3.0,1,test,mbert,0.7877974510192871
pair_0310,ಆತನ ಉತ್ತರ ದಾಯಿತ್ವ ಬೆಳೆಯುತ್ತಿದೆ.,ಮಗು ಬೆಳೆಯುತ್ತಿದೆ.,ಬೆಳೆ,1,1,1.0,1,test,mbert,0.8001299500465393
pair_0311,ತರಕಾರಿ ಬೆಳೆಯಿರಿ.,ಅನ್ನ ಬೆಳೆಯುವುದು ರೈತಿಕೆಯ ಪ್ರಧಾನ ಕೆಲಸ.,ಬೆಳೆ,1,2,2.0,1,validation,mbert,0.6734658479690552
pair_0312,ಶಕ್ತಿ ಬೆಳೆಸಿ.,ಮಗುವಿನ ಮನ ಬೆಳೆಯುವುದು ಮುಖ್ಯ.,ಬೆಳೆ,1,3,3.0,1,test,mbert,0.7050871253013611
pair_0313,ಬೋಳ ವಿಚಾರಣೆ ಅಸಮರ್ಥನನ್ನು ಸೂಚಿಸುತ್ತದೆ.,ಬೋಳ ಕಾಲೆ ಅವನು ಕೆಟ್ಟ ಪರಿಣಾಮ ಮಾಡಿದನು.,ಬೋಳ,1,1,1.0,1,test,mbert,0.8113852143287659
pair_0314,ಬೋಳ ಮಸ್ತಿಷ್ಕ ಶಿಕ್ಷೆ ಪಡೆಯಲು ಸಾಧ್ಯ.,ಬೋಳ ಸಮಝಿಸುವ ಶಕ್ತಿ ಕ್ಷೀಣ.,ಬೋಳ,1,2,2.0,1,test,mbert,0.8788543343544006
pair_0315,ಬೋಳ ಸಮಝಿಸುವ ಶಕ್ತಿ ಕ್ಷೀಣ.,ಬೋಳ ಮಸ್ತಿಷ್ಕ ಶಿಕ್ಷೆ ಪಡೆಯಲು ಸಾಧ್ಯ.,ಬೋಳ,1,2,2.0,1,test,mbert,0.8788543343544006
pair_0316,ಈ ಬೋಳ ಬಟ್ಟೆ ಹಾಕುವೆ ಅದೇ.,ಆ ಬೋಳ ಕುರುಡೆ ಹಾಗೆ ಕೆಲಸ ಮಾಡುತ್ತಾನೆ.,ಬೋಳ,1,3,3.0,1,validation,mbert,0.8026267290115356
pair_0317,ಆ ಬೋಳ ಕುರುಡೆ ಹಾಗೆ ಕೆಲಸ ಮಾಡುತ್ತಾನೆ.,ಈ ಬೋಳ ಬಟ್ಟೆ ಹಾಕುವೆ ಅದೇ.,ಬೋಳ,1,3,3.0,1,test,mbert,0.8026267290115356
pair_0318,ಈ ಬೋಳ ಬಟ್ಟೆ ಹಾಕುವೆ ಅದೇ.,Diverse contexts for each sense,ಬೋಳ,1,3,3.0,1,test,mbert,0.03766369819641113
pair_0319,Diverse contexts for each sense,ಈ ಬೋಳ ಬಟ್ಟೆ ಹಾಕುವೆ ಅದೇ.,ಬೋಳ,1,3,3.0,1,test,mbert,0.03766369819641113
pair_0320,ಈ ಬೋಳ ಬಟ್ಟೆ ಹಾಕುವೆ ಅದೇ.,"Mix of everyday, literary, and formal usage",ಬೋಳ,1,3,3.0,1,test,mbert,0.050528157502412796
pair_0321,"Mix of everyday, literary, and formal usage",ಈ ಬೋಳ ಬಟ್ಟೆ ಹಾಕುವೆ ಅದೇ.,ಬೋಳ,1,3,3.0,1,validation,mbert,0.050528157502412796
pair_0322,ಈ ಬೋಳ ಬಟ್ಟೆ ಹಾಕುವೆ ಅದೇ.,Real-world applicability,ಬೋಳ,1,3,3.0,1,test,mbert,0.08318198472261429
pair_0323,Real-world applicability,ಈ ಬೋಳ ಬಟ್ಟೆ ಹಾಕುವೆ ಅದೇ.,ಬೋಳ,1,3,3.0,1,test,mbert,0.08318198472261429
pair_0324,ಆ ಬೋಳ ಕುರುಡೆ ಹಾಗೆ ಕೆಲಸ ಮಾಡುತ್ತಾನೆ.,Diverse contexts for each sense,ಬೋಳ,1,3,3.0,1,test,mbert,0.04850137233734131
pair_0325,Diverse contexts for each sense,ಆ ಬೋಳ ಕುರುಡೆ ಹಾಗೆ ಕೆಲಸ ಮಾಡುತ್ತಾನೆ.,ಬೋಳ,1,3,3.0,1,test,mbert,0.04850137233734131
pair_0326,ಆ ಬೋಳ ಕುರುಡೆ ಹಾಗೆ ಕೆಲಸ ಮಾಡುತ್ತಾನೆ.,"Mix of everyday, literary, and formal usage",ಬೋಳ,1,3,3.0,1,validation,mbert,0.019181834533810616
pair_0327,"Mix of everyday, literary, and formal usage",ಆ ಬೋಳ ಕುರುಡೆ ಹಾಗೆ ಕೆಲಸ ಮಾಡುತ್ತಾನೆ.,ಬೋಳ,1,3,3.0,1,test,mbert,0.019181834533810616
pair_0328,ಆ ಬೋಳ ಕುರುಡೆ ಹಾಗೆ ಕೆಲಸ ಮಾಡುತ್ತಾನೆ.,Real-world applicability,ಬೋಳ,1,3,3.0,1,test,mbert,0.07179251313209534
pair_0329,Real-world applicability,ಆ ಬೋಳ ಕುರುಡೆ ಹಾಗೆ ಕೆಲಸ ಮಾಡುತ್ತಾನೆ.,ಬೋಳ,1,3,3.0,1,test,mbert,0.07179251313209534
pair_0330,Diverse contexts for each sense,"Mix of everyday, literary, and formal usage",ಬೋಳ,1,3,3.0,1,test,mbert,0.819022536277771
pair_0331,"Mix of everyday, literary, and formal usage",Diverse contexts for each sense,ಬೋಳ,1,3,3.0,1,validation,mbert,0.819022536277771
pair_0332,Diverse contexts for each sense,Real-world applicability,ಬೋಳ,1,3,3.0,1,test,mbert,0.8364424705505371
pair_0333,Real-world applicability,Diverse contexts for each sense,ಬೋಳ,1,3,3.0,1,test,mbert,0.8364424705505371
pair_0334,"Mix of everyday, literary, and formal usage",Real-world applicability,ಬೋಳ,1,3,3.0,1,test,mbert,0.7505205869674683
pair_0335,Real-world applicability,"Mix of everyday, literary, and formal usage",ಬೋಳ,1,3,3.0,1,test,mbert,0.7505205869674683
pair_0336,ಆ ಗುರುವಿನ ಭಕ್ತ ತುಂಬಾ ಆಸ್ಥೆಗಳುದ್ದ.,ಕೃಷ್ಣನ ಭಕ್ತರು ಕೋವಿಲಿಗೆ ಸೆರೆದುಬಂದರು.,ಭಕ್ತ,1,1,1.0,1,validation,mbert,0.7812740802764893
pair_0337,ಭಕ್ತರನ್ನು ಸಮ್ಮಾನಿಸಿ.,ಅರಸನ ಭಕ್ತರು ನಿರ್ದೇಶ ಪಾಲಿಸಿದರು.,ಭಕ್ತ,1,2,2.0,1,test,mbert,0.7998014688491821
pair_0338,ಪ್ರಭುದ ಭಕ್ತರು ಧರ್ಮವನ್ನು ಪೋಷಿಸಿದರು.,ನಿಜನಾದ ಭಕ್ತರು ಸತ್ತರನ್ನು ಒಂದೆಡೆ ಮಾಡುತ್ತಾರೆ.,ಭಕ್ತ,1,3,3.0,1,test,mbert,0.9212148189544678
pair_0339,ನಿಜನಾದ ಭಕ್ತರು ಸತ್ತರನ್ನು ಒಂದೆಡೆ ಮಾಡುತ್ತಾರೆ.,ಪ್ರಭುದ ಭಕ್ತರು ಧರ್ಮವನ್ನು ಪೋಷಿಸಿದರು.,ಭಕ್ತ,1,3,3.0,1,test,mbert,0.9212148189544678
pair_0340,ಕಟಣೆ ಮಾಡುತ್ತೇನೆ.,ಚಿತ್ರ ಸೃಷ್ಟಿ ಮಾಡಿ.,ಮಾಡು,1,1,1.0,1,test,mbert,0.0800381526350975
pair_0341,ಸಹಾಯ ಮಾಡಿ.,ಕೆಲಸ ಮಾಡಿ.,ಮಾಡು,1,2,2.0,1,validation,mbert,0.9553660154342651
pair_0342,ಬಾರ ಮಾಡುವುದು ಪುರಸ್ಕಾರ.,ಆಹಾರ ಮಾಡುತ್ತೇನೆ.,ಮಾಡು,1,3,3.0,1,test,mbert,0.5626116394996643
pair_0343,ಕೆಸರು ಮಾಡುವುದು ಸುಗಮ.,ಸಮಸ್ಯೆ ಮಾಡಿದೆ.,ಮಾಡು,1,4,4.0,1,test,mbert,0.10401009023189545
pair_0344,ರೋಗಿಯನ್ನು ಸರಿಯಾಗಿ ಮಾಡಿ.,ಸಮಸ್ಯೆಯನ್ನು ಸರಿಯಾಗಿ ಮಾಡಬೇಕು.,ಮಾಡು,1,5,5.0,1,test,mbert,0.9280887842178345
pair_0345,ಸಮಸ್ಯೆಯನ್ನು ಸರಿಯಾಗಿ ಮಾಡಬೇಕು.,ರೋಗಿಯನ್ನು ಸರಿಯಾಗಿ ಮಾಡಿ.,ಮಾಡು,1,5,5.0,1,test,mbert,0.9280887842178345
pair_0346,ಆ ಮಾತು ನಿಜವಾಗಿದೆ.,ನನ್ನ ಮಾತು ಆಲಿಸಿ.,ಮಾತು,1,1,1.0,1,validation,mbert,0.82579106092453
pair_0347,ನನ್ನ ಮಾತು ಆಲಿಸಿ.,"ಮಾತುಗಳ ಅರ್ಥ ಅಲ್ಲ, ಭಾವ ಪ್ರಮುಖ.",ಮಾತು,1,1,1.0,1,test,mbert,0.7295116782188416
pair_0348,"ಮಾತುಗಳ ಅರ್ಥ ಅಲ್ಲ, ಭಾವ ಪ್ರಮುಖ.",ನನ್ನ ಮಾತು ಆಲಿಸಿ.,ಮಾತು,1,1,1.0,1,test,mbert,0.7295116782188416
pair_0349,ಆ ಮಾತು ನಿಜವಾಗಿದೆ.,"ಮಾತುಗಳ ಅರ್ಥ ಅಲ್ಲ, ಭಾವ ಪ್ರಮುಖ.",ಮಾತು,1,1,1.0,1,test,mbert,0.7639276385307312
pair_0350,"ಮಾತುಗಳ ಅರ್ಥ ಅಲ್ಲ, ಭಾವ ಪ್ರಮುಖ.",ಆ ಮಾತು ನಿಜವಾಗಿದೆ.,ಮಾತು,1,1,1.0,1,test,mbert,0.7639276385307312
pair_0351,ಆ ಮಾತಿನ ಬಗ್ಗೆ ಮಾತನಾಡಬೇಡ.,ಇದು ಗಮನಾರ್ಹ ಮಾತು.,ಮಾತು,1,2,2.0,1,validation,mbert,0.16962730884552002
pair_0352,ಇದು ಗಮನಾರ್ಹ ಮಾತು.,ಕ್ರೀಡಾ ಮಾತು ಈತನಿಗೆ ಆಸಕ್ತಿ.,ಮಾತು,1,2,2.0,1,test,mbert,0.7740312814712524
pair_0353,ಕ್ರೀಡಾ ಮಾತು ಈತನಿಗೆ ಆಸಕ್ತಿ.,ಇದು ಗಮನಾರ್ಹ ಮಾತು.,ಮಾತು,1,2,2.0,1,test,mbert,0.7740312814712524
pair_0354,ಆ ಮಾತಿನ ಬಗ್ಗೆ ಮಾತನಾಡಬೇಡ.,ಕ್ರೀಡಾ ಮಾತು ಈತನಿಗೆ ಆಸಕ್ತಿ.,ಮಾತು,1,2,2.0,1,test,mbert,0.13634862005710602
pair_0355,ಕ್ರೀಡಾ ಮಾತು ಈತನಿಗೆ ಆಸಕ್ತಿ.,ಆ ಮಾತಿನ ಬಗ್ಗೆ ಮಾತನಾಡಬೇಡ.,ಮಾತು,1,2,2.0,1,test,mbert,0.13634862005710602
pair_0356,ತಲೆಕೆಳಿತ ಮಾತು ನಂಬಬೇಡ.,ಪಟ್ಟಣದಲ್ಲಿ ಸಾಕಷ್ಟು ಮಾತು ಆಗಿದೆ.,ಮಾತು,1,3,3.0,1,validation,mbert,0.7496299147605896
pair_0357,ಮುಕ್ತ ಮನೋಭಾವ ಅಗತ್ಯ.,ಕೈದಿ ಮುಕ್ತನಾದನು.,ಮುಕ್ತ,1,1,1.0,1,test,mbert,0.7668282985687256
pair_0358,ಇಲಿಯನ್ನು ಮುಕ್ತ ಮಾಡಿ.,ಬಂಧನೆಯಿಂದ ಮುಕ್ತನಾದನು.,ಮುಕ್ತ,1,2,2.0,1,test,mbert,0.6784431338310242
pair_0359,ಪ್ರಾಣಿ ಮೋಕ್ಷದಿಂದ ಮುಕ್ತನಾದನು.,ಶರೀರದ ಬಂಧನೆಯಿಂದ ಮುಕ್ತ ಪುರುಷ.,ಮುಕ್ತ,1,3,3.0,1,test,mbert,0.8212924003601074
pair_0360,ಶರೀರದ ಬಂಧನೆಯಿಂದ ಮುಕ್ತ ಪುರುಷ.,ಪ್ರಾಣಿ ಮೋಕ್ಷದಿಂದ ಮುಕ್ತನಾದನು.,ಮುಕ್ತ,1,3,3.0,1,test,mbert,0.8212924003601074
pair_0361,ಲೆಮೆನ್ ರಸ ಅಮ್ಲೀಯವಾಗಿರುತ್ತದೆ.,ಆ ಅನ್ನದ ರಸ ಅತ್ಯಂತ ಸುಮಾರು.,ರಸ,1,1,1.0,1,validation,mbert,0.7190488576889038
pair_0362,ಗೆಜ್ಜಿನ ರಸ ಸೋಯಿ ರಸ ಹೊಂದಿಕೆ.,ಹಣ್ಣಿನ ರಸ ಮಿಠಾಗಿರುತ್ತದೆ.,ರಸ,1,2,2.0,1,test,mbert,0.7203748822212219
pair_0363,ಶೃಂಗಾರ ರಸ ಸಂಗೀತದಲ್ಲಿ ಪ್ರಕಾಶಿತವಾಗುತ್ತದೆ.,ಕವಿತೆಯಲ್ಲಿ ಭಿನ್ನ ರಸಗಳು ಇವೆ.,ರಸ,1,3,3.0,1,test,mbert,0.7284983396530151
pair_0364,ದೇವತೆಗಳು ಅಮೃತ ರಸ ಕುಡಿದರು.,ರೇಸ ರಸದ ಎಳೆ ಮಧುರ.,ರಸ,1,4,4.0,1,test,mbert,0.7495957612991333
pair_0365,ರೇಸ ರಸದ ಎಳೆ ಮಧುರ.,ದೇವತೆಗಳು ಅಮೃತ ರಸ ಕುಡಿದರು.,ರಸ,1,4,4.0,1,test,mbert,0.7495957612991333
pair_0366,ನಟನ ಅಭಿನಯ ರಸವನ್ನು ಹೃದಯಕ್ಕೆ ಸೇರಿಸುತ್ತದೆ.,ಕ್ಷಿತಿಜರ ನೃತ್ಯ ಏಕ ರಸದಿಂದ ತುಂಬಿತ್ತು.,ರಸ,1,5,5.0,1,validation,mbert,0.8320000767707825
pair_0367,ಕ್ಷಿತಿಜರ ನೃತ್ಯ ಏಕ ರಸದಿಂದ ತುಂಬಿತ್ತು.,ನಟನ ಅಭಿನಯ ರಸವನ್ನು ಹೃದಯಕ್ಕೆ ಸೇರಿಸುತ್ತದೆ.,ರಸ,1,5,5.0,1,test,mbert,0.8320000767707825
pair_0368,ಆ ಸೂಪಿಗೆ ಈ ದ್ರವ್ಯ ಲೇಯಿ.,ನೀರು ಲೇಯಿ.,ಲೇ,1,1,1.0,1,test,mbert,0.8200467228889465
pair_0369,ಹೊಡೆದಿದ್ದರಿಂದ ಹೆಣ್ಣಿನ ಲೋಹಿತ ಲೇದೆ.,ಟೇಬಿಲ್ ಮೇಲೆ ನೀರು ಲೇದೆ.,ಲೇ,1,2,2.0,1,test,mbert,0.8179295659065247
pair_0370,ಪ್ರಕಾಶ ಲೇದೆ.,ಬೀಜ ಲೇಯಿ.,ಲೇ,1,3,3.0,1,test,mbert,0.7403332591056824
pair_0371,ಲೋಭಿ ಭಾವನೆ ನಾಶ ಮಾಡುತ್ತದೆ.,ಲೋಭಿ ಮನುಷ್ಯ ಸದಾ ತೃಪ್ತ ರಹಿತ.,ಲೋಭಿ,1,1,1.0,1,validation,mbert,0.8054908514022827
pair_0372,ಸಭೆ ಅರ್ಥ ಸೂಚಿಸಿದೆ.,ಈ ಮಾತುಗಳ ಅರ್ಥ ತೃಪ್ತಿದಾಯಕವಾಗಿದೆ.,ಅರ್ಥ,0,2,1.0,0,test,mbert,0.6885324716567993
pair_0373,ಈ ಮಾತುಗಳ ಅರ್ಥ ತೃಪ್ತಿದಾಯಕವಾಗಿದೆ.,ಅರ್ಥ ಪಾಲಿಸುವುದು ಅವಶ್ಯಕ.,ಅರ್ಥ,0,1,2.0,0,test,mbert,0.7310642004013062
pair_0374,ಅರ್ಥ ಪಾಲಿಸುವುದು ಅವಶ್ಯಕ.,ಈ ಮಾತುಗಳ ಅರ್ಥ ತೃಪ್ತಿದಾಯಕವಾಗಿದೆ.,ಅರ್ಥ,0,2,1.0,0,test,mbert,0.7310642004013062
pair_0375,ಪದದ ಅರ್ಥ ತಿಳಿಸಿ.,ಸಭೆ ಅರ್ಥ ಸೂಚಿಸಿದೆ.,ಅರ್ಥ,0,1,2.0,0,test,mbert,0.7788859605789185
pair_0376,ಸಭೆ ಅರ್ಥ ಸೂಚಿಸಿದೆ.,ಪದದ ಅರ್ಥ ತಿಳಿಸಿ.,ಅರ್ಥ,0,2,1.0,0,validation,mbert,0.7788859605789185
pair_0377,ಪದದ ಅರ್ಥ ತಿಳಿಸಿ.,ಅರ್ಥ ಪಾಲಿಸುವುದು ಅವಶ್ಯಕ.,ಅರ್ಥ,0,1,2.0,0,test,mbert,0.7903649210929871
pair_0378,ಅರ್ಥ ಪಾಲಿಸುವುದು ಅವಶ್ಯಕ.,ಪದದ ಅರ್ಥ ತಿಳಿಸಿ.,ಅರ್ಥ,0,2,1.0,0,test,mbert,0.7903649210929871
pair_0379,ಈ ಮಾತುಗಳ ಅರ್ಥ ತೃಪ್ತಿದಾಯಕವಾಗಿದೆ.,ಯುವಕನ ಅರ್ಥ ಉನ್ನತಿಯಿತು.,ಅರ್ಥ,0,1,3.0,0,test,mbert,0.7547335624694824
pair_0380,ಯುವಕನ ಅರ್ಥ ಉನ್ನತಿಯಿತು.,ಈ ಮಾತುಗಳ ಅರ್ಥ ತೃಪ್ತಿದಾಯಕವಾಗಿದೆ.,ಅರ್ಥ,0,3,1.0,0,test,mbert,0.7547335624694824
pair_0381,ಈ ಮಾತುಗಳ ಅರ್ಥ ತೃಪ್ತಿದಾಯಕವಾಗಿದೆ.,ಈ ಪ್ರಯೋಗದ ಅರ್ಥ ತಪ್ಪಾದ ವಿಷಯ ಪಕ್ಷೀಕರಿಸುವುದು.,ಅರ್ಥ,0,1,3.0,0,validation,mbert,0.7641087770462036
pair_0382,ಈ ಪ್ರಯೋಗದ ಅರ್ಥ ತಪ್ಪಾದ ವಿಷಯ ಪಕ್ಷೀಕರಿಸುವುದು.,ಈ ಮಾತುಗಳ ಅರ್ಥ ತೃಪ್ತಿದಾಯಕವಾಗಿದೆ.,ಅರ್ಥ,0,3,1.0,0,test,mbert,0.7641087770462036
pair_0383,ಯುವಕನ ಅರ್ಥ ಉನ್ನತಿಯಿತು.,ಪದದ ಅರ್ಥ ತಿಳಿಸಿ.,ಅರ್ಥ,0,3,1.0,0,test,mbert,0.7614773511886597
pair_0384,ಪದದ ಅರ್ಥ ತಿಳಿಸಿ.,ಈ ಪ್ರಯೋಗದ ಅರ್ಥ ತಪ್ಪಾದ ವಿಷಯ ಪಕ್ಷೀಕರಿಸುವುದು.,ಅರ್ಥ,0,1,3.0,0,test,mbert,0.7274941205978394
pair_0385,ಈ ಪ್ರಯೋಗದ ಅರ್ಥ ತಪ್ಪಾದ ವಿಷಯ ಪಕ್ಷೀಕರಿಸುವುದು.,ಪದದ ಅರ್ಥ ತಿಳಿಸಿ.,ಅರ್ಥ,0,3,1.0,0,test,mbert,0.7274941205978394
pair_0386,ಈ ಮಾತುಗಳ ಅರ್ಥ ತೃಪ್ತಿದಾಯಕವಾಗಿದೆ.,ಆ ರತ್ನದ ಅರ್ಥ ತುಂಬಾ ಹೆಚ್ಚು.,ಅರ್ಥ,0,1,4.0,0,validation,mbert,0.8029487133026123
pair_0387,ಆ ರತ್ನದ ಅರ್ಥ ತುಂಬಾ ಹೆಚ್ಚು.,ಈ ಮಾತುಗಳ ಅರ್ಥ ತೃಪ್ತಿದಾಯಕವಾಗಿದೆ.,ಅರ್ಥ,0,4,1.0,0,test,mbert,0.8029487133026123
pair_0388,ಈ ಮಾತುಗಳ ಅರ್ಥ ತೃಪ್ತಿದಾಯಕವಾಗಿದೆ.,ಮಾನವ ಜೀವನದ ಅರ್ಥ ಅಮೂಲ್ಯ.,ಅರ್ಥ,0,1,4.0,0,test,mbert,0.7545989751815796
pair_0389,ಮಾನವ ಜೀವನದ ಅರ್ಥ ಅಮೂಲ್ಯ.,ಈ ಮಾತುಗಳ ಅರ್ಥ ತೃಪ್ತಿದಾಯಕವಾಗಿದೆ.,ಅರ್ಥ,0,4,1.0,0,test,mbert,0.7545989751815796
pair_0390,ಪದದ ಅರ್ಥ ತಿಳಿಸಿ.,ಆ ರತ್ನದ ಅರ್ಥ ತುಂಬಾ ಹೆಚ್ಚು.,ಅರ್ಥ,0,1,4.0,0,test,mbert,0.7531295418739319
pair_0391,ಆ ರತ್ನದ ಅರ್ಥ ತುಂಬಾ ಹೆಚ್ಚು.,ಪದದ ಅರ್ಥ ತಿಳಿಸಿ.,ಅರ್ಥ,0,4,1.0,0,validation,mbert,0.7531295418739319
pair_0392,ಪದದ ಅರ್ಥ ತಿಳಿಸಿ.,ಮಾನವ ಜೀವನದ ಅರ್ಥ ಅಮೂಲ್ಯ.,ಅರ್ಥ,0,1,4.0,0,test,mbert,0.7687588930130005
pair_0393,ಮಾನವ ಜೀವನದ ಅರ್ಥ ಅಮೂಲ್ಯ.,ಪದದ ಅರ್ಥ ತಿಳಿಸಿ.,ಅರ್ಥ,0,4,1.0,0,test,mbert,0.7687588930130005
pair_0394,ಸಭೆ ಅರ್ಥ ಸೂಚಿಸಿದೆ.,ಯುವಕನ ಅರ್ಥ ಉನ್ನತಿಯಿತು.,ಅರ್ಥ,0,2,3.0,0,test,mbert,0.7754259705543518
pair_0395,ಯುವಕನ ಅರ್ಥ ಉನ್ನತಿಯಿತು.,ಸಭೆ ಅರ್ಥ ಸೂಚಿಸಿದೆ.,ಅರ್ಥ,0,3,2.0,0,test,mbert,0.7754259705543518
pair_0396,ಸಭೆ ಅರ್ಥ ಸೂಚಿಸಿದೆ.,ಈ ಪ್ರಯೋಗದ ಅರ್ಥ ತಪ್ಪಾದ ವಿಷಯ ಪಕ್ಷೀಕರಿಸುವುದು.,ಅರ್ಥ,0,2,3.0,0,validation,mbert,0.674611508846283
pair_0397,ಈ ಪ್ರಯೋಗದ ಅರ್ಥ ತಪ್ಪಾದ ವಿಷಯ ಪಕ್ಷೀಕರಿಸುವುದು.,ಸಭೆ ಅರ್ಥ ಸೂಚಿಸಿದೆ.,ಅರ್ಥ,0,3,2.0,0,test,mbert,0.674611508846283
pair_0398,ಅರ್ಥ ಪಾಲಿಸುವುದು ಅವಶ್ಯಕ.,ಯುವಕನ ಅರ್ಥ ಉನ್ನತಿಯಿತು.,ಅರ್ಥ,0,2,3.0,0,test,mbert,0.7393017411231995
pair_0399,ಯುವಕನ ಅರ್ಥ ಉನ್ನತಿಯಿತು.,ಅರ್ಥ ಪಾಲಿಸುವುದು ಅವಶ್ಯಕ.,ಅರ್ಥ,0,3,2.0,0,test,mbert,0.7393017411231995
pair_0400,ಅರ್ಥ ಪಾಲಿಸುವುದು ಅವಶ್ಯಕ.,ಈ ಪ್ರಯೋಗದ ಅರ್ಥ ತಪ್ಪಾದ ವಿಷಯ ಪಕ್ಷೀಕರಿಸುವುದು.,ಅರ್ಥ,0,2,3.0,0,test,mbert,0.6586723327636719
pair_0401,ಈ ಪ್ರಯೋಗದ ಅರ್ಥ ತಪ್ಪಾದ ವಿಷಯ ಪಕ್ಷೀಕರಿಸುವುದು.,ಅರ್ಥ ಪಾಲಿಸುವುದು ಅವಶ್ಯಕ.,ಅರ್ಥ,0,3,2.0,0,validation,mbert,0.6586723327636719
pair_0402,ಸಭೆ ಅರ್ಥ ಸೂಚಿಸಿದೆ.,ಆ ರತ್ನದ ಅರ್ಥ ತುಂಬಾ ಹೆಚ್ಚು.,ಅರ್ಥ,0,2,4.0,0,test,mbert,0.7595531940460205
pair_0403,ಆ ರತ್ನದ ಅರ್ಥ ತುಂಬಾ ಹೆಚ್ಚು.,ಸಭೆ ಅರ್ಥ ಸೂಚಿಸಿದೆ.,ಅರ್ಥ,0,4,2.0,0,test,mbert,0.7595531940460205
pair_0404,ಸಭೆ ಅರ್ಥ ಸೂಚಿಸಿದೆ.,ಮಾನವ ಜೀವನದ ಅರ್ಥ ಅಮೂಲ್ಯ.,ಅರ್ಥ,0,2,4.0,0,test,mbert,0.7248189449310303
pair_0405,ಮಾನವ ಜೀವನದ ಅರ್ಥ ಅಮೂಲ್ಯ.,ಸಭೆ ಅರ್ಥ ಸೂಚಿಸಿದೆ.,ಅರ್ಥ,0,4,2.0,0,test,mbert,0.7248189449310303
pair_0406,ಅರ್ಥ ಪಾಲಿಸುವುದು ಅವಶ್ಯಕ.,ಆ ರತ್ನದ ಅರ್ಥ ತುಂಬಾ ಹೆಚ್ಚು.,ಅರ್ಥ,0,2,4.0,0,validation,mbert,0.7336918115615845
pair_0407,ಆ ರತ್ನದ ಅರ್ಥ ತುಂಬಾ ಹೆಚ್ಚು.,ಅರ್ಥ ಪಾಲಿಸುವುದು ಅವಶ್ಯಕ.,ಅರ್ಥ,0,4,2.0,0,test,mbert,0.7336918115615845
pair_0408,ಅರ್ಥ ಪಾಲಿಸುವುದು ಅವಶ್ಯಕ.,ಮಾನವ ಜೀವನದ ಅರ್ಥ ಅಮೂಲ್ಯ.,ಅರ್ಥ,0,2,4.0,0,test,mbert,0.7331677675247192
pair_0409,ಮಾನವ ಜೀವನದ ಅರ್ಥ ಅಮೂಲ್ಯ.,ಅರ್ಥ ಪಾಲಿಸುವುದು ಅವಶ್ಯಕ.,ಅರ್ಥ,0,4,2.0,0,test,mbert,0.7331677675247192
pair_0410,ಯುವಕನ ಅರ್ಥ ಉನ್ನತಿಯಿತು.,ಆ ರತ್ನದ ಅರ್ಥ ತುಂಬಾ ಹೆಚ್ಚು.,ಅರ್ಥ,0,3,4.0,0,test,mbert,0.8154963254928589
pair_0411,ಆ ರತ್ನದ ಅರ್ಥ ತುಂಬಾ ಹೆಚ್ಚು.,ಯುವಕನ ಅರ್ಥ ಉನ್ನತಿಯಿತು.,ಅರ್ಥ,0,4,3.0,0,validation,mbert,0.8154963254928589
pair_0412,ಯುವಕನ ಅರ್ಥ ಉನ್ನತಿಯಿತು.,ಮಾನವ ಜೀವನದ ಅರ್ಥ ಅಮೂಲ್ಯ.,ಅರ್ಥ,0,3,4.0,0,test,mbert,0.8102214932441711
pair_0413,ಮಾನವ ಜೀವನದ ಅರ್ಥ ಅಮೂಲ್ಯ.,ಯುವಕನ ಅರ್ಥ ಉನ್ನತಿಯಿತು.,ಅರ್ಥ,0,4,3.0,0,test,mbert,0.8102214932441711
pair_0414,ಈ ಪ್ರಯೋಗದ ಅರ್ಥ ತಪ್ಪಾದ ವಿಷಯ ಪಕ್ಷೀಕರಿಸುವುದು.,ಆ ರತ್ನದ ಅರ್ಥ ತುಂಬಾ ಹೆಚ್ಚು.,ಅರ್ಥ,0,3,4.0,0,test,mbert,0.7704183459281921
pair_0415,ಆ ರತ್ನದ ಅರ್ಥ ತುಂಬಾ ಹೆಚ್ಚು.,ಈ ಪ್ರಯೋಗದ ಅರ್ಥ ತಪ್ಪಾದ ವಿಷಯ ಪಕ್ಷೀಕರಿಸುವುದು.,ಅರ್ಥ,0,4,3.0,0,test,mbert,0.7704183459281921
pair_0416,ಈ ಪ್ರಯೋಗದ ಅರ್ಥ ತಪ್ಪಾದ ವಿಷಯ ಪಕ್ಷೀಕರಿಸುವುದು.,ಮಾನವ ಜೀವನದ ಅರ್ಥ ಅಮೂಲ್ಯ.,ಅರ್ಥ,0,3,4.0,0,validation,mbert,0.8083487749099731
pair_0417,ಮಾನವ ಜೀವನದ ಅರ್ಥ ಅಮೂಲ್ಯ.,ಈ ಪ್ರಯೋಗದ ಅರ್ಥ ತಪ್ಪಾದ ವಿಷಯ ಪಕ್ಷೀಕರಿಸುವುದು.,ಅರ್ಥ,0,4,3.0,0,test,mbert,0.8083487749099731
pair_0418,ಕಬ್ಬಿ ಮಾತು ಆಘಾತ ಬಿಡುತ್ತದೆ.,ಕಬ್ಬಿ ಬಟ್ಟೆ ಹೊಗಳುವುದಲ್ಲ.,ಕಬ್ಬಿ,0,2,1.0,0,test,mbert,0.8705872297286987
pair_0419,ಕಬ್ಬಿ ಬಟ್ಟೆ ಹೊಗಳುವುದಲ್ಲ.,ಕಬ್ಬಿ ವ್ಯವಹಾರ ನಿಜನಾಗಿ ನೋವಾಗಿಸುತ್ತದೆ.,ಕಬ್ಬಿ,0,1,2.0,0,test,mbert,0.8729816675186157
pair_0420,ಕಬ್ಬಿ ವ್ಯವಹಾರ ನಿಜನಾಗಿ ನೋವಾಗಿಸುತ್ತದೆ.,ಕಬ್ಬಿ ಬಟ್ಟೆ ಹೊಗಳುವುದಲ್ಲ.,ಕಬ್ಬಿ,0,2,1.0,0,test,mbert,0.8729816675186157
pair_0421,ಕಬ್ಬಿ ಚರ್ಮ ಶೇಕಡೆ.,ಕಬ್ಬಿ ಮಾತು ಆಘಾತ ಬಿಡುತ್ತದೆ.,ಕಬ್ಬಿ,0,1,2.0,0,validation,mbert,0.8940823078155518
pair_0422,ಕಬ್ಬಿ ಮಾತು ಆಘಾತ ಬಿಡುತ್ತದೆ.,ಕಬ್ಬಿ ಚರ್ಮ ಶೇಕಡೆ.,ಕಬ್ಬಿ,0,2,1.0,0,test,mbert,0.8940823078155518
pair_0423,ಕಬ್ಬಿ ಚರ್ಮ ಶೇಕಡೆ.,ಕಬ್ಬಿ ವ್ಯವಹಾರ ನಿಜನಾಗಿ ನೋವಾಗಿಸುತ್ತದೆ.,ಕಬ್ಬಿ,0,1,2.0,0,test,mbert,0.8926156163215637
pair_0424,ಕಬ್ಬಿ ವ್ಯವಹಾರ ನಿಜನಾಗಿ ನೋವಾಗಿಸುತ್ತದೆ.,ಕಬ್ಬಿ ಚರ್ಮ ಶೇಕಡೆ.,ಕಬ್ಬಿ,0,2,1.0,0,test,mbert,0.8926156163215637
pair_0425,ಕಬ್ಬಿ ಬಟ್ಟೆ ಹೊಗಳುವುದಲ್ಲ.,ಕಬ್ಬಿ ಮನುಷ್ಯ ಕಷ್ಟ ಸಹಿಸುತ್ತಾನೆ.,ಕಬ್ಬಿ,0,1,3.0,0,test,mbert,0.8416653871536255
pair_0426,ಕಬ್ಬಿ ಮನುಷ್ಯ ಕಷ್ಟ ಸಹಿಸುತ್ತಾನೆ.,ಕಬ್ಬಿ ಬಟ್ಟೆ ಹೊಗಳುವುದಲ್ಲ.,ಕಬ್ಬಿ,0,3,1.0,0,validation,mbert,0.8416653871536255
pair_0427,ಕಬ್ಬಿ ಬಟ್ಟೆ ಹೊಗಳುವುದಲ್ಲ.,ಕಬ್ಬಿ ನಿರ್ಮಾಣ ದೀರ್ಘಸ್ಥಿರ.,ಕಬ್ಬಿ,0,1,3.0,0,test,mbert,0.870080828666687
pair_0428,ಕಬ್ಬಿ ನಿರ್ಮಾಣ ದೀರ್ಘಸ್ಥಿರ.,ಕಬ್ಬಿ ಬಟ್ಟೆ ಹೊಗಳುವುದಲ್ಲ.,ಕಬ್ಬಿ,0,3,1.0,0,test,mbert,0.870080828666687
pair_0429,ಕಬ್ಬಿ ಚರ್ಮ ಶೇಕಡೆ.,ಕಬ್ಬಿ ಮನುಷ್ಯ ಕಷ್ಟ ಸಹಿಸುತ್ತಾನೆ.,ಕಬ್ಬಿ,0,1,3.0,0,test,mbert,0.8901139497756958
pair_0430,ಕಬ್ಬಿ ಮನುಷ್ಯ ಕಷ್ಟ ಸಹಿಸುತ್ತಾನೆ.,ಕಬ್ಬಿ ಚರ್ಮ ಶೇಕಡೆ.,ಕಬ್ಬಿ,0,3,1.0,0,test,mbert,0.8901139497756958
pair_0431,ಕಬ್ಬಿ ಚರ್ಮ ಶೇಕಡೆ.,ಕಬ್ಬಿ ನಿರ್ಮಾಣ ದೀರ್ಘಸ್ಥಿರ.,ಕಬ್ಬಿ,0,1,3.0,0,validation,mbert,0.8624237179756165
pair_0432,ಕಬ್ಬಿ ನಿರ್ಮಾಣ ದೀರ್ಘಸ್ಥಿರ.,ಕಬ್ಬಿ ಚರ್ಮ ಶೇಕಡೆ.,ಕಬ್ಬಿ,0,3,1.0,0,test,mbert,0.8624237179756165
pair_0433,ಕಬ್ಬಿ ಮಾತು ಆಘಾತ ಬಿಡುತ್ತದೆ.,ಕಬ್ಬಿ ಮನುಷ್ಯ ಕಷ್ಟ ಸಹಿಸುತ್ತಾನೆ.,ಕಬ್ಬಿ,0,2,3.0,0,test,mbert,0.9044017195701599
pair_0434,ಕಬ್ಬಿ ಮನುಷ್ಯ ಕಷ್ಟ ಸಹಿಸುತ್ತಾನೆ.,ಕಬ್ಬಿ ಮಾತು ಆಘಾತ ಬಿಡುತ್ತದೆ.,ಕಬ್ಬಿ,0,3,2.0,0,test,mbert,0.9044017195701599
pair_0435,ಕಬ್ಬಿ ಮಾತು ಆಘಾತ ಬಿಡುತ್ತದೆ.,ಕಬ್ಬಿ ನಿರ್ಮಾಣ ದೀರ್ಘಸ್ಥಿರ.,ಕಬ್ಬಿ,0,2,3.0,0,test,mbert,0.8466213345527649
pair_0436,ಕಬ್ಬಿ ನಿರ್ಮಾಣ ದೀರ್ಘಸ್ಥಿರ.,ಕಬ್ಬಿ ಮಾತು ಆಘಾತ ಬಿಡುತ್ತದೆ.,ಕಬ್ಬಿ,0,3,2.0,0,validation,mbert,0.8466213345527649
pair_0437,ಕಬ್ಬಿ ವ್ಯವಹಾರ ನಿಜನಾಗಿ ನೋವಾಗಿಸುತ್ತದೆ.,ಕಬ್ಬಿ ಮನುಷ್ಯ ಕಷ್ಟ ಸಹಿಸುತ್ತಾನೆ.,ಕಬ್ಬಿ,0,2,3.0,0,test,mbert,0.9073538780212402
pair_0438,ಕಬ್ಬಿ ಮನುಷ್ಯ ಕಷ್ಟ ಸಹಿಸುತ್ತಾನೆ.,ಕಬ್ಬಿ ವ್ಯವಹಾರ ನಿಜನಾಗಿ ನೋವಾಗಿಸುತ್ತದೆ.,ಕಬ್ಬಿ,0,3,2.0,0,test,mbert,0.9073538780212402
pair_0439,ಕಬ್ಬಿ ವ್ಯವಹಾರ ನಿಜನಾಗಿ ನೋವಾಗಿಸುತ್ತದೆ.,ಕಬ್ಬಿ ನಿರ್ಮಾಣ ದೀರ್ಘಸ್ಥಿರ.,ಕಬ್ಬಿ,0,2,3.0,0,test,mbert,0.8793320655822754
pair_0440,ಕಬ್ಬಿ ನಿರ್ಮಾಣ ದೀರ್ಘಸ್ಥಿರ.,ಕಬ್ಬಿ ವ್ಯವಹಾರ ನಿಜನಾಗಿ ನೋವಾಗಿಸುತ್ತದೆ.,ಕಬ್ಬಿ,0,3,2.0,0,test,mbert,0.8793320655822754
pair_0441,ಶಿಕ್ಷಣ ಜೀವನ ಸುಧಾರಣೆಯ ಕರಣ.,ಈ ಘಟನೆಯ ಕರಣ ಎಂದರೆ ನಿರ್ಲಕ್ಷ್ಯತೆ.,ಕರಣ,0,2,1.0,0,validation,mbert,0.7982626557350159
pair_0442,ಈ ಘಟನೆಯ ಕರಣ ಎಂದರೆ ನಿರ್ಲಕ್ಷ್ಯತೆ.,ಕರ್ನಮ ಭರತಾವಿಯ ಕರಣಗಳು ಅದ್ಭುತವಾಗಿವೆ.,ಕರಣ,0,1,2.0,0,test,mbert,0.717487096786499
pair_0443,ಕರ್ನಮ ಭರತಾವಿಯ ಕರಣಗಳು ಅದ್ಭುತವಾಗಿವೆ.,ಈ ಘಟನೆಯ ಕರಣ ಎಂದರೆ ನಿರ್ಲಕ್ಷ್ಯತೆ.,ಕರಣ,0,2,1.0,0,test,mbert,0.717487096786499
pair_0444,ಅನಸ್ಥೆಯ ಕರಣ ಕಾರ್ಯಭಾರ ಹೆಚ್ಚು.,ಶಿಕ್ಷಣ ಜೀವನ ಸುಧಾರಣೆಯ ಕರಣ.,ಕರಣ,0,1,2.0,0,test,mbert,0.7939649224281311
pair_0445,ಶಿಕ್ಷಣ ಜೀವನ ಸುಧಾರಣೆಯ ಕರಣ.,ಅನಸ್ಥೆಯ ಕರಣ ಕಾರ್ಯಭಾರ ಹೆಚ್ಚು.,ಕರಣ,0,2,1.0,0,test,mbert,0.7939649224281311
pair_0446,ಅನಸ್ಥೆಯ ಕರಣ ಕಾರ್ಯಭಾರ ಹೆಚ್ಚು.,ಕರ್ನಮ ಭರತಾವಿಯ ಕರಣಗಳು ಅದ್ಭುತವಾಗಿವೆ.,ಕರಣ,0,1,2.0,0,validation,mbert,0.8377642631530762
pair_0447,ಕರ್ನಮ ಭರತಾವಿಯ ಕರಣಗಳು ಅದ್ಭುತವಾಗಿವೆ.,ಅನಸ್ಥೆಯ ಕರಣ ಕಾರ್ಯಭಾರ ಹೆಚ್ಚು.,ಕರಣ,0,2,1.0,0,test,mbert,0.8377642631530762
pair_0448,ಈ ಘಟನೆಯ ಕರಣ ಎಂದರೆ ನಿರ್ಲಕ್ಷ್ಯತೆ.,ಪದವಿನ ಕರಣ ವಿಷಯ ವಿಶ್ಲೇಷಿಸಬೇಕು.,ಕರಣ,0,1,3.0,0,test,mbert,0.7476059198379517
pair_0449,ಪದವಿನ ಕರಣ ವಿಷಯ ವಿಶ್ಲೇಷಿಸಬೇಕು.,ಈ ಘಟನೆಯ ಕರಣ ಎಂದರೆ ನಿರ್ಲಕ್ಷ್ಯತೆ.,ಕರಣ,0,3,1.0,0,test,mbert,0.7476059198379517
pair_0450,ಈ ಘಟನೆಯ ಕರಣ ಎಂದರೆ ನಿರ್ಲಕ್ಷ್ಯತೆ.,ಅಪರ ಕರಣ ತೆರೆದುಕೊಂಡಿದೆ.,ಕರಣ,0,1,3.0,0,test,mbert,0.6523929834365845
pair_0451,ಅಪರ ಕರಣ ತೆರೆದುಕೊಂಡಿದೆ.,ಈ ಘಟನೆಯ ಕರಣ ಎಂದರೆ ನಿರ್ಲಕ್ಷ್ಯತೆ.,ಕರಣ,0,3,1.0,0,validation,mbert,0.6523929834365845
pair_0452,ಅನಸ್ಥೆಯ ಕರಣ ಕಾರ್ಯಭಾರ ಹೆಚ್ಚು.,ಪದವಿನ ಕರಣ ವಿಷಯ ವಿಶ್ಲೇಷಿಸಬೇಕು.,ಕರಣ,0,1,3.0,0,test,mbert,0.8460961580276489
pair_0453,ಪದವಿನ ಕರಣ ವಿಷಯ ವಿಶ್ಲೇಷಿಸಬೇಕು.,ಅನಸ್ಥೆಯ ಕರಣ ಕಾರ್ಯಭಾರ ಹೆಚ್ಚು.,ಕರಣ,0,3,1.0,0,test,mbert,0.8460961580276489
pair_0454,ಅನಸ್ಥೆಯ ಕರಣ ಕಾರ್ಯಭಾರ ಹೆಚ್ಚು.,ಅಪರ ಕರಣ ತೆರೆದುಕೊಂಡಿದೆ.,ಕರಣ,0,1,3.0,0,test,mbert,0.8094739317893982
pair_0455,ಅಪರ ಕರಣ ತೆರೆದುಕೊಂಡಿದೆ.,ಅನಸ್ಥೆಯ ಕರಣ ಕಾರ್ಯಭಾರ ಹೆಚ್ಚು.,ಕರಣ,0,3,1.0,0,test,mbert,0.8094739317893982
pair_0456,ಶಿಕ್ಷಣ ಜೀವನ ಸುಧಾರಣೆಯ ಕರಣ.,ಪದವಿನ ಕರಣ ವಿಷಯ ವಿಶ್ಲೇಷಿಸಬೇಕು.,ಕರಣ,0,2,3.0,0,validation,mbert,0.7648658752441406
pair_0457,ಪದವಿನ ಕರಣ ವಿಷಯ ವಿಶ್ಲೇಷಿಸಬೇಕು.,ಶಿಕ್ಷಣ ಜೀವನ ಸುಧಾರಣೆಯ ಕರಣ.,ಕರಣ,0,3,2.0,0,test,mbert,0.7648658752441406
pair_0458,ಶಿಕ್ಷಣ ಜೀವನ ಸುಧಾರಣೆಯ ಕರಣ.,ಅಪರ ಕರಣ ತೆರೆದುಕೊಂಡಿದೆ.,ಕರಣ,0,2,3.0,0,test,mbert,0.7284708023071289
pair_0459,ಅಪರ ಕರಣ ತೆರೆದುಕೊಂಡಿದೆ.,ಶಿಕ್ಷಣ ಜೀವನ ಸುಧಾರಣೆಯ ಕರಣ.,ಕರಣ,0,3,2.0,0,test,mbert,0.7284708023071289
pair_0460,ಕರ್ನಮ ಭರತಾವಿಯ ಕರಣಗಳು ಅದ್ಭುತವಾಗಿವೆ.,ಪದವಿನ ಕರಣ ವಿಷಯ ವಿಶ್ಲೇಷಿಸಬೇಕು.,ಕರಣ,0,2,3.0,0,test,mbert,0.7672575116157532
pair_0461,ಪದವಿನ ಕರಣ ವಿಷಯ ವಿಶ್ಲೇಷಿಸಬೇಕು.,ಕರ್ನಮ ಭರತಾವಿಯ ಕರಣಗಳು ಅದ್ಭುತವಾಗಿವೆ.,ಕರಣ,0,3,2.0,0,validation,mbert,0.7672575116157532
pair_0462,ಕರ್ನಮ ಭರತಾವಿಯ ಕರಣಗಳು ಅದ್ಭುತವಾಗಿವೆ.,ಅಪರ ಕರಣ ತೆರೆದುಕೊಂಡಿದೆ.,ಕರಣ,0,2,3.0,0,test,mbert,0.8072094321250916
pair_0463,ಅಪರ ಕರಣ ತೆರೆದುಕೊಂಡಿದೆ.,ಕರ್ನಮ ಭರತಾವಿಯ ಕರಣಗಳು ಅದ್ಭುತವಾಗಿವೆ.,ಕರಣ,0,3,2.0,0,test,mbert,0.8072094321250916
pair_0464,ಅವನ ಎಡ ಕಾಲು ಮುರಿದಿದೆ.,ಕಾಲ ದ್ರುತವಾಗಿ ಹಾದುಹೋಗಿ.,ಕಾಲ,0,2,1.0,0,test,mbert,0.5366927981376648
pair_0465,ಕಾಲ ದ್ರುತವಾಗಿ ಹಾದುಹೋಗಿ.,ಕಾಲು ನೋವಾಗುತ್ತಿದೆ.,ಕಾಲ,0,1,2.0,0,test,mbert,0.6794891953468323
pair_0466,ಕಾಲು ನೋವಾಗುತ್ತಿದೆ.,ಕಾಲ ದ್ರುತವಾಗಿ ಹಾದುಹೋಗಿ.,ಕಾಲ,0,2,1.0,0,validation,mbert,0.6794891953468323
pair_0467,ಮಹಾಭಾರತದ ಕಾಲದಲ್ಲಿ ಅನೇಕ ಯುದ್ಧ ನಡೆದವು.,ಅವನ ಎಡ ಕಾಲು ಮುರಿದಿದೆ.,ಕಾಲ,0,1,2.0,0,test,mbert,0.36952289938926697
pair_0468,ಅವನ ಎಡ ಕಾಲು ಮುರಿದಿದೆ.,ಮಹಾಭಾರತದ ಕಾಲದಲ್ಲಿ ಅನೇಕ ಯುದ್ಧ ನಡೆದವು.,ಕಾಲ,0,2,1.0,0,test,mbert,0.36952289938926697
pair_0469,ಕಾಲು ನೋವಾಗುತ್ತಿದೆ.,ಮಹಾಭಾರತದ ಕಾಲದಲ್ಲಿ ಅನೇಕ ಯುದ್ಧ ನಡೆದವು.,ಕಾಲ,0,2,1.0,0,test,mbert,0.3695004880428314
pair_0470,ಕಾಲ ದ್ರುತವಾಗಿ ಹಾದುಹೋಗಿ.,ಕಾಲ ನೋಡುತ್ತಿರುವುದೇ ಅದು.,ಕಾಲ,0,1,3.0,0,test,mbert,0.7551182508468628
pair_0471,ಕಾಲ ನೋಡುತ್ತಿರುವುದೇ ಅದು.,ಕಾಲ ದ್ರುತವಾಗಿ ಹಾದುಹೋಗಿ.,ಕಾಲ,0,3,1.0,0,validation,mbert,0.7551182508468628
pair_0472,ಕಾಲ ದ್ರುತವಾಗಿ ಹಾದುಹೋಗಿ.,ಕಾಲದ ಸಮಯ ನಿಗದಿತವಾಗಿದೆ.,ಕಾಲ,0,1,3.0,0,test,mbert,0.6940190196037292
pair_0473,ಕಾಲದ ಸಮಯ ನಿಗದಿತವಾಗಿದೆ.,ಕಾಲ ದ್ರುತವಾಗಿ ಹಾದುಹೋಗಿ.,ಕಾಲ,0,3,1.0,0,test,mbert,0.6940190196037292
pair_0474,ಮಹಾಭಾರತದ ಕಾಲದಲ್ಲಿ ಅನೇಕ ಯುದ್ಧ ನಡೆದವು.,ಕಾಲ ನೋಡುತ್ತಿರುವುದೇ ಅದು.,ಕಾಲ,0,1,3.0,0,test,mbert,0.4195733666419983
pair_0475,ಕಾಲ ನೋಡುತ್ತಿರುವುದೇ ಅದು.,ಮಹಾಭಾರತದ ಕಾಲದಲ್ಲಿ ಅನೇಕ ಯುದ್ಧ ನಡೆದವು.,ಕಾಲ,0,3,1.0,0,test,mbert,0.4195733666419983
pair_0476,ಮಹಾಭಾರತದ ಕಾಲದಲ್ಲಿ ಅನೇಕ ಯುದ್ಧ ನಡೆದವು.,ಕಾಲದ ಸಮಯ ನಿಗದಿತವಾಗಿದೆ.,ಕಾಲ,0,1,3.0,0,validation,mbert,0.4855577349662781
pair_0477,ಕಾಲದ ಸಮಯ ನಿಗದಿತವಾಗಿದೆ.,ಮಹಾಭಾರತದ ಕಾಲದಲ್ಲಿ ಅನೇಕ ಯುದ್ಧ ನಡೆದವು.,ಕಾಲ,0,3,1.0,0,test,mbert,0.4855577349662781
pair_0478,ಕಾಲ ದ್ರುತವಾಗಿ ಹಾದುಹೋಗಿ.,ಕಾಲ ಬಟ್ಟೆ ಧರಿಸಿ.,ಕಾಲ,0,1,4.0,0,test,mbert,0.7562994360923767
pair_0479,ಕಾಲ ಬಟ್ಟೆ ಧರಿಸಿ.,ಕಾಲ ದ್ರುತವಾಗಿ ಹಾದುಹೋಗಿ.,ಕಾಲ,0,4,1.0,0,test,mbert,0.7562994360923767
pair_0480,ಕಾಲ ದ್ರುತವಾಗಿ ಹಾದುಹೋಗಿ.,ಕಾಲ ಮೇಘ ಗಾಳಿ ಬೀಸುತ್ತಿದೆ.,ಕಾಲ,0,1,4.0,0,test,mbert,0.8260905742645264
pair_0481,ಕಾಲ ಮೇಘ ಗಾಳಿ ಬೀಸುತ್ತಿದೆ.,ಕಾಲ ದ್ರುತವಾಗಿ ಹಾದುಹೋಗಿ.,ಕಾಲ,0,4,1.0,0,validation,mbert,0.8260905742645264
pair_0482,ಮಹಾಭಾರತದ ಕಾಲದಲ್ಲಿ ಅನೇಕ ಯುದ್ಧ ನಡೆದವು.,ಕಾಲ ಬಟ್ಟೆ ಧರಿಸಿ.,ಕಾಲ,0,1,4.0,0,test,mbert,0.4239388108253479
pair_0483,ಕಾಲ ಬಟ್ಟೆ ಧರಿಸಿ.,ಮಹಾಭಾರತದ ಕಾಲದಲ್ಲಿ ಅನೇಕ ಯುದ್ಧ ನಡೆದವು.,ಕಾಲ,0,4,1.0,0,test,mbert,0.4239388108253479
pair_0484,ಮಹಾಭಾರತದ ಕಾಲದಲ್ಲಿ ಅನೇಕ ಯುದ್ಧ ನಡೆದವು.,ಕಾಲ ಮೇಘ ಗಾಳಿ ಬೀಸುತ್ತಿದೆ.,ಕಾಲ,0,1,4.0,0,test,mbert,0.47787177562713623
pair_0485,ಕಾಲ ಮೇಘ ಗಾಳಿ ಬೀಸುತ್ತಿದೆ.,ಮಹಾಭಾರತದ ಕಾಲದಲ್ಲಿ ಅನೇಕ ಯುದ್ಧ ನಡೆದವು.,ಕಾಲ,0,4,1.0,0,test,mbert,0.47787177562713623
pair_0486,ಕಾಲ ದ್ರುತವಾಗಿ ಹಾದುಹೋಗಿ.,ಬೇಸಿಗೆ ಕಾಲ ತುಂಬಾ ಬಿಸಿಯಾಗಿರುತ್ತವೆ.,ಕಾಲ,0,1,5.0,0,validation,mbert,0.6473245620727539
pair_0487,ಬೇಸಿಗೆ ಕಾಲ ತುಂಬಾ ಬಿಸಿಯಾಗಿರುತ್ತವೆ.,ಕಾಲ ದ್ರುತವಾಗಿ ಹಾದುಹೋಗಿ.,ಕಾಲ,0,5,1.0,0,test,mbert,0.6473245620727539
pair_0488,ಕಾಲ ದ್ರುತವಾಗಿ ಹಾದುಹೋಗಿ.,ಮುಂಗಾರು ಕಾಲ ಮೂವೆತ್ತೆ ಅಂದಾಗೆ ಬರುತ್ತದೆ.,ಕಾಲ,0,1,5.0,0,test,mbert,0.7230693101882935
pair_0489,ಮುಂಗಾರು ಕಾಲ ಮೂವೆತ್ತೆ ಅಂದಾಗೆ ಬರುತ್ತದೆ.,ಕಾಲ ದ್ರುತವಾಗಿ ಹಾದುಹೋಗಿ.,ಕಾಲ,0,5,1.0,0,test,mbert,0.7230693101882935
pair_0490,ಮಹಾಭಾರತದ ಕಾಲದಲ್ಲಿ ಅನೇಕ ಯುದ್ಧ ನಡೆದವು.,ಬೇಸಿಗೆ ಕಾಲ ತುಂಬಾ ಬಿಸಿಯಾಗಿರುತ್ತವೆ.,ಕಾಲ,0,1,5.0,0,test,mbert,0.4283212423324585
pair_0491,ಬೇಸಿಗೆ ಕಾಲ ತುಂಬಾ ಬಿಸಿಯಾಗಿರುತ್ತವೆ.,ಮಹಾಭಾರತದ ಕಾಲದಲ್ಲಿ ಅನೇಕ ಯುದ್ಧ ನಡೆದವು.,ಕಾಲ,0,5,1.0,0,validation,mbert,0.4283212423324585
pair_0492,ಮಹಾಭಾರತದ ಕಾಲದಲ್ಲಿ ಅನೇಕ ಯುದ್ಧ ನಡೆದವು.,ಮುಂಗಾರು ಕಾಲ ಮೂವೆತ್ತೆ ಅಂದಾಗೆ ಬರುತ್ತದೆ.,ಕಾಲ,0,1,5.0,0,test,mbert,0.5463972687721252
pair_0493,ಮುಂಗಾರು ಕಾಲ ಮೂವೆತ್ತೆ ಅಂದಾಗೆ ಬರುತ್ತದೆ.,ಮಹಾಭಾರತದ ಕಾಲದಲ್ಲಿ ಅನೇಕ ಯುದ್ಧ ನಡೆದವು.,ಕಾಲ,0,5,1.0,0,test,mbert,0.5463972687721252
pair_0494,ಅವನ ಎಡ ಕಾಲು ಮುರಿದಿದೆ.,ಕಾಲ ನೋಡುತ್ತಿರುವುದೇ ಅದು.,ಕಾಲ,0,2,3.0,0,test,mbert,0.46722641587257385
pair_0495,ಕಾಲ ನೋಡುತ್ತಿರುವುದೇ ಅದು.,ಅವನ ಎಡ ಕಾಲು ಮುರಿದಿದೆ.,ಕಾಲ,0,3,2.0,0,test,mbert,0.46722641587257385
pair_0496,ಅವನ ಎಡ ಕಾಲು ಮುರಿದಿದೆ.,ಕಾಲದ ಸಮಯ ನಿಗದಿತವಾಗಿದೆ.,ಕಾಲ,0,2,3.0,0,validation,mbert,0.5844199657440186
pair_0497,ಕಾಲದ ಸಮಯ ನಿಗದಿತವಾಗಿದೆ.,ಅವನ ಎಡ ಕಾಲು ಮುರಿದಿದೆ.,ಕಾಲ,0,3,2.0,0,test,mbert,0.5844199657440186
pair_0498,ಕಾಲು ನೋವಾಗುತ್ತಿದೆ.,ಕಾಲ ನೋಡುತ್ತಿರುವುದೇ ಅದು.,ಕಾಲ,0,2,3.0,0,test,mbert,0.5452286601066589
pair_0499,ಕಾಲ ನೋಡುತ್ತಿರುವುದೇ ಅದು.,ಕಾಲು ನೋವಾಗುತ್ತಿದೆ.,ಕಾಲ,0,3,2.0,0,test,mbert,0.5452286601066589
pair_0500,ಕಾಲು ನೋವಾಗುತ್ತಿದೆ.,ಕಾಲದ ಸಮಯ ನಿಗದಿತವಾಗಿದೆ.,ಕಾಲ,0,2,3.0,0,test,mbert,0.6097443103790283
pair_0501,ಕಾಲದ ಸಮಯ ನಿಗದಿತವಾಗಿದೆ.,ಕಾಲು ನೋವಾಗುತ್ತಿದೆ.,ಕಾಲ,0,3,2.0,0,validation,mbert,0.6097443103790283
pair_0502,ಅವನ ಎಡ ಕಾಲು ಮುರಿದಿದೆ.,ಕಾಲ ಬಟ್ಟೆ ಧರಿಸಿ.,ಕಾಲ,0,2,4.0,0,test,mbert,0.530171275138855
pair_0503,ಕಾಲ ಬಟ್ಟೆ ಧರಿಸಿ.,ಅವನ ಎಡ ಕಾಲು ಮುರಿದಿದೆ.,ಕಾಲ,0,4,2.0,0,test,mbert,0.530171275138855
pair_0504,ಅವನ ಎಡ ಕಾಲು ಮುರಿದಿದೆ.,ಕಾಲ ಮೇಘ ಗಾಳಿ ಬೀಸುತ್ತಿದೆ.,ಕಾಲ,0,2,4.0,0,test,mbert,0.5618890523910522
pair_0505,ಕಾಲ ಮೇಘ ಗಾಳಿ ಬೀಸುತ್ತಿದೆ.,ಅವನ ಎಡ ಕಾಲು ಮುರಿದಿದೆ.,ಕಾಲ,0,4,2.0,0,test,mbert,0.5618890523910522
pair_0506,ಕಾಲು ನೋವಾಗುತ್ತಿದೆ.,ಕಾಲ ಬಟ್ಟೆ ಧರಿಸಿ.,ಕಾಲ,0,2,4.0,0,validation,mbert,0.5939857959747314
pair_0507,ಕಾಲ ಬಟ್ಟೆ ಧರಿಸಿ.,ಕಾಲು ನೋವಾಗುತ್ತಿದೆ.,ಕಾಲ,0,4,2.0,0,test,mbert,0.5939857959747314
pair_0508,ಕಾಲು ನೋವಾಗುತ್ತಿದೆ.,ಕಾಲ ಮೇಘ ಗಾಳಿ ಬೀಸುತ್ತಿದೆ.,ಕಾಲ,0,2,4.0,0,test,mbert,0.6704460978507996
pair_0509,ಕಾಲ ಮೇಘ ಗಾಳಿ ಬೀಸುತ್ತಿದೆ.,ಕಾಲು ನೋವಾಗುತ್ತಿದೆ.,ಕಾಲ,0,4,2.0,0,test,mbert,0.6704460978507996
pair_0510,ಬೇಸಿಗೆ ಕಾಲ ತುಂಬಾ ಬಿಸಿಯಾಗಿರುತ್ತವೆ.,ಅವನ ಎಡ ಕಾಲು ಮುರಿದಿದೆ.,ಕಾಲ,0,5,2.0,0,test,mbert,0.551432728767395
pair_0511,ಅವನ ಎಡ ಕಾಲು ಮುರಿದಿದೆ.,ಮುಂಗಾರು ಕಾಲ ಮೂವೆತ್ತೆ ಅಂದಾಗೆ ಬರುತ್ತದೆ.,ಕಾಲ,0,2,5.0,0,validation,mbert,0.5526403784751892
pair_0512,ಮುಂಗಾರು ಕಾಲ ಮೂವೆತ್ತೆ ಅಂದಾಗೆ ಬರುತ್ತದೆ.,ಅವನ ಎಡ ಕಾಲು ಮುರಿದಿದೆ.,ಕಾಲ,0,5,2.0,0,test,mbert,0.5526403784751892
pair_0513,ಕಾಲು ನೋವಾಗುತ್ತಿದೆ.,ಬೇಸಿಗೆ ಕಾಲ ತುಂಬಾ ಬಿಸಿಯಾಗಿರುತ್ತವೆ.,ಕಾಲ,0,2,5.0,0,test,mbert,0.5450147986412048
pair_0514,ಬೇಸಿಗೆ ಕಾಲ ತುಂಬಾ ಬಿಸಿಯಾಗಿರುತ್ತವೆ.,ಕಾಲು ನೋವಾಗುತ್ತಿದೆ.,ಕಾಲ,0,5,2.0,0,test,mbert,0.5450147986412048
pair_0515,ಮುಂಗಾರು ಕಾಲ ಮೂವೆತ್ತೆ ಅಂದಾಗೆ ಬರುತ್ತದೆ.,ಕಾಲು ನೋವಾಗುತ್ತಿದೆ.,ಕಾಲ,0,5,2.0,0,test,mbert,0.5702467560768127
pair_0516,ಕಾಲ ನೋಡುತ್ತಿರುವುದೇ ಅದು.,ಕಾಲ ಬಟ್ಟೆ ಧರಿಸಿ.,ಕಾಲ,0,3,4.0,0,validation,mbert,0.6811137795448303
pair_0517,ಕಾಲ ಬಟ್ಟೆ ಧರಿಸಿ.,ಕಾಲ ನೋಡುತ್ತಿರುವುದೇ ಅದು.,ಕಾಲ,0,4,3.0,0,test,mbert,0.6811137795448303
pair_0518,ಕಾಲ ನೋಡುತ್ತಿರುವುದೇ ಅದು.,ಕಾಲ ಮೇಘ ಗಾಳಿ ಬೀಸುತ್ತಿದೆ.,ಕಾಲ,0,3,4.0,0,test,mbert,0.7138677835464478
pair_0519,ಕಾಲ ಮೇಘ ಗಾಳಿ ಬೀಸುತ್ತಿದೆ.,ಕಾಲ ನೋಡುತ್ತಿರುವುದೇ ಅದು.,ಕಾಲ,0,4,3.0,0,test,mbert,0.7138677835464478
pair_0520,ಕಾಲದ ಸಮಯ ನಿಗದಿತವಾಗಿದೆ.,ಕಾಲ ಬಟ್ಟೆ ಧರಿಸಿ.,ಕಾಲ,0,3,4.0,0,test,mbert,0.630077064037323
pair_0521,ಕಾಲ ಬಟ್ಟೆ ಧರಿಸಿ.,ಕಾಲದ ಸಮಯ ನಿಗದಿತವಾಗಿದೆ.,ಕಾಲ,0,4,3.0,0,validation,mbert,0.630077064037323
pair_0522,ಕಾಲದ ಸಮಯ ನಿಗದಿತವಾಗಿದೆ.,ಕಾಲ ಮೇಘ ಗಾಳಿ ಬೀಸುತ್ತಿದೆ.,ಕಾಲ,0,3,4.0,0,test,mbert,0.7275800108909607
pair_0523,ಕಾಲ ಮೇಘ ಗಾಳಿ ಬೀಸುತ್ತಿದೆ.,ಕಾಲದ ಸಮಯ ನಿಗದಿತವಾಗಿದೆ.,ಕಾಲ,0,4,3.0,0,test,mbert,0.7275800108909607
pair_0524,ಕಾಲ ನೋಡುತ್ತಿರುವುದೇ ಅದು.,ಬೇಸಿಗೆ ಕಾಲ ತುಂಬಾ ಬಿಸಿಯಾಗಿರುತ್ತವೆ.,ಕಾಲ,0,3,5.0,0,test,mbert,0.4648205041885376
pair_0525,ಬೇಸಿಗೆ ಕಾಲ ತುಂಬಾ ಬಿಸಿಯಾಗಿರುತ್ತವೆ.,ಕಾಲ ನೋಡುತ್ತಿರುವುದೇ ಅದು.,ಕಾಲ,0,5,3.0,0,test,mbert,0.4648205041885376
pair_0526,ಕಾಲ ನೋಡುತ್ತಿರುವುದೇ ಅದು.,ಮುಂಗಾರು ಕಾಲ ಮೂವೆತ್ತೆ ಅಂದಾಗೆ ಬರುತ್ತದೆ.,ಕಾಲ,0,3,5.0,0,validation,mbert,0.6088352799415588
pair_0527,ಮುಂಗಾರು ಕಾಲ ಮೂವೆತ್ತೆ ಅಂದಾಗೆ ಬರುತ್ತದೆ.,ಕಾಲ ನೋಡುತ್ತಿರುವುದೇ ಅದು.,ಕಾಲ,0,5,3.0,0,test,mbert,0.6088352799415588
pair_0528,ಕಾಲದ ಸಮಯ ನಿಗದಿತವಾಗಿದೆ.,ಬೇಸಿಗೆ ಕಾಲ ತುಂಬಾ ಬಿಸಿಯಾಗಿರುತ್ತವೆ.,ಕಾಲ,0,3,5.0,0,test,mbert,0.5194980502128601
pair_0529,ಬೇಸಿಗೆ ಕಾಲ ತುಂಬಾ ಬಿಸಿಯಾಗಿರುತ್ತವೆ.,ಕಾಲದ ಸಮಯ ನಿಗದಿತವಾಗಿದೆ.,ಕಾಲ,0,5,3.0,0,test,mbert,0.5194980502128601
pair_0530,ಕಾಲದ ಸಮಯ ನಿಗದಿತವಾಗಿದೆ.,ಮುಂಗಾರು ಕಾಲ ಮೂವೆತ್ತೆ ಅಂದಾಗೆ ಬರುತ್ತದೆ.,ಕಾಲ,0,3,5.0,0,test,mbert,0.6241496801376343
pair_0531,ಮುಂಗಾರು ಕಾಲ ಮೂವೆತ್ತೆ ಅಂದಾಗೆ ಬರುತ್ತದೆ.,ಕಾಲದ ಸಮಯ ನಿಗದಿತವಾಗಿದೆ.,ಕಾಲ,0,5,3.0,0,validation,mbert,0.6241496801376343
pair_0532,ಕಾಲ ಬಟ್ಟೆ ಧರಿಸಿ.,ಬೇಸಿಗೆ ಕಾಲ ತುಂಬಾ ಬಿಸಿಯಾಗಿರುತ್ತವೆ.,ಕಾಲ,0,4,5.0,0,test,mbert,0.5847811102867126
pair_0533,ಬೇಸಿಗೆ ಕಾಲ ತುಂಬಾ ಬಿಸಿಯಾಗಿರುತ್ತವೆ.,ಕಾಲ ಬಟ್ಟೆ ಧರಿಸಿ.,ಕಾಲ,0,5,4.0,0,test,mbert,0.5847811102867126
pair_0534,ಕಾಲ ಬಟ್ಟೆ ಧರಿಸಿ.,ಮುಂಗಾರು ಕಾಲ ಮೂವೆತ್ತೆ ಅಂದಾಗೆ ಬರುತ್ತದೆ.,ಕಾಲ,0,4,5.0,0,test,mbert,0.6862467527389526
pair_0535,ಮುಂಗಾರು ಕಾಲ ಮೂವೆತ್ತೆ ಅಂದಾಗೆ ಬರುತ್ತದೆ.,ಕಾಲ ಬಟ್ಟೆ ಧರಿಸಿ.,ಕಾಲ,0,5,4.0,0,test,mbert,0.6862467527389526
pair_0536,ಕಾಲ ಮೇಘ ಗಾಳಿ ಬೀಸುತ್ತಿದೆ.,ಬೇಸಿಗೆ ಕಾಲ ತುಂಬಾ ಬಿಸಿಯಾಗಿರುತ್ತವೆ.,ಕಾಲ,0,4,5.0,0,validation,mbert,0.6683394312858582
pair_0537,ಬೇಸಿಗೆ ಕಾಲ ತುಂಬಾ ಬಿಸಿಯಾಗಿರುತ್ತವೆ.,ಕಾಲ ಮೇಘ ಗಾಳಿ ಬೀಸುತ್ತಿದೆ.,ಕಾಲ,0,5,4.0,0,test,mbert,0.6683394312858582
pair_0538,ಕಾಲ ಮೇಘ ಗಾಳಿ ಬೀಸುತ್ತಿದೆ.,ಮುಂಗಾರು ಕಾಲ ಮೂವೆತ್ತೆ ಅಂದಾಗೆ ಬರುತ್ತದೆ.,ಕಾಲ,0,4,5.0,0,test,mbert,0.7532539367675781
pair_0539,ಮುಂಗಾರು ಕಾಲ ಮೂವೆತ್ತೆ ಅಂದಾಗೆ ಬರುತ್ತದೆ.,ಕಾಲ ಮೇಘ ಗಾಳಿ ಬೀಸುತ್ತಿದೆ.,ಕಾಲ,0,5,4.0,0,test,mbert,0.7532539367675781
pair_0540,ಹಣ ಕಾಲೆ ಮಾಡುವುದು ನೀತಿಹೀನ.,ಅನ್ನ ಕಾಲೆ ಮಾಡಬೇಡ.,ಕಾಲೆ,0,2,1.0,0,test,mbert,0.7723830938339233
pair_0541,ಅನ್ನ ಕಾಲೆ ಮಾಡಬೇಡ.,ಪ್ರತಿಭೆ ಕಾಲೆ ಮಾಡಬೇಡ.,ಕಾಲೆ,0,1,2.0,0,validation,mbert,0.8374190330505371
pair_0542,ಪ್ರತಿಭೆ ಕಾಲೆ ಮಾಡಬೇಡ.,ಅನ್ನ ಕಾಲೆ ಮಾಡಬೇಡ.,ಕಾಲೆ,0,2,1.0,0,test,mbert,0.8374190330505371
pair_0543,ಅವಕಾಶ ಕಾಲೆ ಮಾಡಿದೆ.,ಹಣ ಕಾಲೆ ಮಾಡುವುದು ನೀತಿಹೀನ.,ಕಾಲೆ,0,1,2.0,0,test,mbert,0.818448543548584
pair_0544,ಹಣ ಕಾಲೆ ಮಾಡುವುದು ನೀತಿಹೀನ.,ಅವಕಾಶ ಕಾಲೆ ಮಾಡಿದೆ.,ಕಾಲೆ,0,2,1.0,0,test,mbert,0.818448543548584
pair_0545,ಅವಕಾಶ ಕಾಲೆ ಮಾಡಿದೆ.,ಪ್ರತಿಭೆ ಕಾಲೆ ಮಾಡಬೇಡ.,ಕಾಲೆ,0,1,2.0,0,test,mbert,0.8175978660583496
pair_0546,ಪ್ರತಿಭೆ ಕಾಲೆ ಮಾಡಬೇಡ.,ಅವಕಾಶ ಕಾಲೆ ಮಾಡಿದೆ.,ಕಾಲೆ,0,2,1.0,0,validation,mbert,0.8175978660583496
pair_0547,ಅನ್ನ ಕಾಲೆ ಮಾಡಬೇಡ.,ಅಧ್ಯಯನ ಕಾಲೆ ಮಾಡಿದೆ.,ಕಾಲೆ,0,1,3.0,0,test,mbert,0.6783550977706909
pair_0548,ಅಧ್ಯಯನ ಕಾಲೆ ಮಾಡಿದೆ.,ಅನ್ನ ಕಾಲೆ ಮಾಡಬೇಡ.,ಕಾಲೆ,0,3,1.0,0,test,mbert,0.6783550977706909
pair_0549,ಅನ್ನ ಕಾಲೆ ಮಾಡಬೇಡ.,ಪರಿವಾರ ಕಾಲೆ ಮಾಡುವುದು ಅನುಚಿತ.,ಕಾಲೆ,0,1,3.0,0,test,mbert,0.774985671043396
pair_0550,ಪರಿವಾರ ಕಾಲೆ ಮಾಡುವುದು ಅನುಚಿತ.,ಅನ್ನ ಕಾಲೆ ಮಾಡಬೇಡ.,ಕಾಲೆ,0,3,1.0,0,test,mbert,0.774985671043396
pair_0551,ಅವಕಾಶ ಕಾಲೆ ಮಾಡಿದೆ.,ಅಧ್ಯಯನ ಕಾಲೆ ಮಾಡಿದೆ.,ಕಾಲೆ,0,1,3.0,0,validation,mbert,0.8124206066131592
pair_0552,ಅವಕಾಶ ಕಾಲೆ ಮಾಡಿದೆ.,ಪರಿವಾರ ಕಾಲೆ ಮಾಡುವುದು ಅನುಚಿತ.,ಕಾಲೆ,0,1,3.0,0,test,mbert,0.8641488552093506
pair_0553,ಪರಿವಾರ ಕಾಲೆ ಮಾಡುವುದು ಅನುಚಿತ.,ಅವಕಾಶ ಕಾಲೆ ಮಾಡಿದೆ.,ಕಾಲೆ,0,3,1.0,0,test,mbert,0.8641488552093506
pair_0554,ಹಣ ಕಾಲೆ ಮಾಡುವುದು ನೀತಿಹೀನ.,ಅಧ್ಯಯನ ಕಾಲೆ ಮಾಡಿದೆ.,ಕಾಲೆ,0,2,3.0,0,test,mbert,0.7263163328170776
pair_0555,ಅಧ್ಯಯನ ಕಾಲೆ ಮಾಡಿದೆ.,ಹಣ ಕಾಲೆ ಮಾಡುವುದು ನೀತಿಹೀನ.,ಕಾಲೆ,0,3,2.0,0,test,mbert,0.7263163328170776
pair_0556,ಹಣ ಕಾಲೆ ಮಾಡುವುದು ನೀತಿಹೀನ.,ಪರಿವಾರ ಕಾಲೆ ಮಾಡುವುದು ಅನುಚಿತ.,ಕಾಲೆ,0,2,3.0,0,validation,mbert,0.8922995328903198
pair_0557,ಪರಿವಾರ ಕಾಲೆ ಮಾಡುವುದು ಅನುಚಿತ.,ಹಣ ಕಾಲೆ ಮಾಡುವುದು ನೀತಿಹೀನ.,ಕಾಲೆ,0,3,2.0,0,test,mbert,0.8922995328903198
pair_0558,ಪ್ರತಿಭೆ ಕಾಲೆ ಮಾಡಬೇಡ.,ಅಧ್ಯಯನ ಕಾಲೆ ಮಾಡಿದೆ.,ಕಾಲೆ,0,2,3.0,0,test,mbert,0.7502068877220154
pair_0559,ಅಧ್ಯಯನ ಕಾಲೆ ಮಾಡಿದೆ.,ಪ್ರತಿಭೆ ಕಾಲೆ ಮಾಡಬೇಡ.,ಕಾಲೆ,0,3,2.0,0,test,mbert,0.7502068877220154
pair_0560,ಪ್ರತಿಭೆ ಕಾಲೆ ಮಾಡಬೇಡ.,ಪರಿವಾರ ಕಾಲೆ ಮಾಡುವುದು ಅನುಚಿತ.,ಕಾಲೆ,0,2,3.0,0,test,mbert,0.8316779732704163
pair_0561,ಪರಿವಾರ ಕಾಲೆ ಮಾಡುವುದು ಅನುಚಿತ.,ಪ್ರತಿಭೆ ಕಾಲೆ ಮಾಡಬೇಡ.,ಕಾಲೆ,0,3,2.0,0,validation,mbert,0.8316779732704163
pair_0562,ಕಿರಿಯ ಸಮಸ್ಯೆ ಛಿದ್ರ ಪಟ್ಟು.,ಕಿರಿಯ ಮಗು ನೆಲೆಯಲ್ಲಿ.,ಕಿರಿಯ,0,1,2.0,0,test,mbert,0.8689092993736267
pair_0563,ಕಿರಿಯ ಮಗು ನೆಲೆಯಲ್ಲಿ.,ಕಿರಿಯ ಸಮಸ್ಯೆ ಛಿದ್ರ ಪಟ್ಟು.,ಕಿರಿಯ,0,2,1.0,0,test,mbert,0.8689092993736267
pair_0564,ಕಿರಿಯ ವಯಸ್ಸು ಅಮೂಲ್ಯ.,ಕಿರಿಯ ಸಮಸ್ಯೆ ಛಿದ್ರ ಪಟ್ಟು.,ಕಿರಿಯ,0,2,1.0,0,test,mbert,0.8820211887359619
pair_0565,ಕಿರಿಯ ವಿವರಣೆ ಸ್ಪಷ್ಟ.,ಕಿರಿಯ ಮಗು ನೆಲೆಯಲ್ಲಿ.,ಕಿರಿಯ,0,1,2.0,0,test,mbert,0.8457520604133606
pair_0566,ಕಿರಿಯ ಮಗು ನೆಲೆಯಲ್ಲಿ.,ಕಿರಿಯ ವಿವರಣೆ ಸ್ಪಷ್ಟ.,ಕಿರಿಯ,0,2,1.0,0,validation,mbert,0.8457520604133606
pair_0567,ಕಿರಿಯ ವಿವರಣೆ ಸ್ಪಷ್ಟ.,ಕಿರಿಯ ವಯಸ್ಸು ಅಮೂಲ್ಯ.,ಕಿರಿಯ,0,1,2.0,0,test,mbert,0.85451740026474
pair_0568,ಕಿರಿಯ ವಯಸ್ಸು ಅಮೂಲ್ಯ.,ಕಿರಿಯ ವಿವರಣೆ ಸ್ಪಷ್ಟ.,ಕಿರಿಯ,0,2,1.0,0,test,mbert,0.85451740026474
pair_0569,ಕಿರಿಯ ಸಮಸ್ಯೆ ಛಿದ್ರ ಪಟ್ಟು.,ಕಿರಿಯ ಸಹೋದರ ಸಹಾಯಕ.,ಕಿರಿಯ,0,1,3.0,0,test,mbert,0.8373569250106812
pair_0570,ಕಿರಿಯ ಸಹೋದರ ಸಹಾಯಕ.,ಕಿರಿಯ ಸಮಸ್ಯೆ ಛಿದ್ರ ಪಟ್ಟು.,ಕಿರಿಯ,0,3,1.0,0,test,mbert,0.8373569250106812
pair_0571,ಕಿರಿಯ ಸಮಸ್ಯೆ ಛಿದ್ರ ಪಟ್ಟು.,ಕಿರಿಯ ಪದ ತೃಪ್ತ ವೈತನಿಕ.,ಕಿರಿಯ,0,1,3.0,0,validation,mbert,0.84445720911026
pair_0572,ಕಿರಿಯ ಪದ ತೃಪ್ತ ವೈತನಿಕ.,ಕಿರಿಯ ಸಮಸ್ಯೆ ಛಿದ್ರ ಪಟ್ಟು.,ಕಿರಿಯ,0,3,1.0,0,test,mbert,0.84445720911026
pair_0573,ಕಿರಿಯ ವಿವರಣೆ ಸ್ಪಷ್ಟ.,ಕಿರಿಯ ಸಹೋದರ ಸಹಾಯಕ.,ಕಿರಿಯ,0,1,3.0,0,test,mbert,0.835516095161438
pair_0574,ಕಿರಿಯ ಸಹೋದರ ಸಹಾಯಕ.,ಕಿರಿಯ ವಿವರಣೆ ಸ್ಪಷ್ಟ.,ಕಿರಿಯ,0,3,1.0,0,test,mbert,0.835516095161438
pair_0575,ಕಿರಿಯ ವಿವರಣೆ ಸ್ಪಷ್ಟ.,ಕಿರಿಯ ಪದ ತೃಪ್ತ ವೈತನಿಕ.,ಕಿರಿಯ,0,1,3.0,0,test,mbert,0.8541663885116577
pair_0576,ಕಿರಿಯ ಪದ ತೃಪ್ತ ವೈತನಿಕ.,ಕಿರಿಯ ವಿವರಣೆ ಸ್ಪಷ್ಟ.,ಕಿರಿಯ,0,3,1.0,0,validation,mbert,0.8541663885116577
pair_0577,ಕಿರಿಯ ಮಗು ನೆಲೆಯಲ್ಲಿ.,ಕಿರಿಯ ಸಹೋದರ ಸಹಾಯಕ.,ಕಿರಿಯ,0,2,3.0,0,test,mbert,0.8516216278076172
pair_0578,ಕಿರಿಯ ಸಹೋದರ ಸಹಾಯಕ.,ಕಿರಿಯ ಮಗು ನೆಲೆಯಲ್ಲಿ.,ಕಿರಿಯ,0,3,2.0,0,test,mbert,0.8516216278076172
pair_0579,ಕಿರಿಯ ಮಗು ನೆಲೆಯಲ್ಲಿ.,ಕಿರಿಯ ಪದ ತೃಪ್ತ ವೈತನಿಕ.,ಕಿರಿಯ,0,2,3.0,0,test,mbert,0.8151112794876099
pair_0580,ಕಿರಿಯ ಪದ ತೃಪ್ತ ವೈತನಿಕ.,ಕಿರಿಯ ಮಗು ನೆಲೆಯಲ್ಲಿ.,ಕಿರಿಯ,0,3,2.0,0,test,mbert,0.8151112794876099
pair_0581,ಕಿರಿಯ ವಯಸ್ಸು ಅಮೂಲ್ಯ.,ಕಿರಿಯ ಸಹೋದರ ಸಹಾಯಕ.,ಕಿರಿಯ,0,2,3.0,0,validation,mbert,0.8142575025558472
pair_0582,ಕಿರಿಯ ಸಹೋದರ ಸಹಾಯಕ.,ಕಿರಿಯ ವಯಸ್ಸು ಅಮೂಲ್ಯ.,ಕಿರಿಯ,0,3,2.0,0,test,mbert,0.8142575025558472
pair_0583,ಕಿರಿಯ ವಯಸ್ಸು ಅಮೂಲ್ಯ.,ಕಿರಿಯ ಪದ ತೃಪ್ತ ವೈತನಿಕ.,ಕಿರಿಯ,0,2,3.0,0,test,mbert,0.7856895923614502
pair_0584,ಕಿರಿಯ ಪದ ತೃಪ್ತ ವೈತನಿಕ.,ಕಿರಿಯ ವಯಸ್ಸು ಅಮೂಲ್ಯ.,ಕಿರಿಯ,0,3,2.0,0,test,mbert,0.7856895923614502
pair_0585,ಮಗುವನ್ನು ಕೂಲಿ ಮಾಡಿ.,ಪರೋಪಕಾರಿ ಉದ್ದೇಶದಿಂದ ಕೂಲಿ ಮಾಡುತ್ತೆ.,ಕೂಲಿ,0,2,1.0,0,test,mbert,0.870330810546875
pair_0586,ಪರೋಪಕಾರಿ ಉದ್ದೇಶದಿಂದ ಕೂಲಿ ಮಾಡುತ್ತೆ.,ನನ್ನನ್ನು ಕೂಲಿ ಮಾಡಿದಾಳು.,ಕೂಲಿ,0,1,2.0,0,validation,mbert,0.8420087099075317
pair_0587,ನನ್ನನ್ನು ಕೂಲಿ ಮಾಡಿದಾಳು.,ಪರೋಪಕಾರಿ ಉದ್ದೇಶದಿಂದ ಕೂಲಿ ಮಾಡುತ್ತೆ.,ಕೂಲಿ,0,2,1.0,0,test,mbert,0.8420087099075317
pair_0588,ನೋವಿನಿಂದ ಕೂಲಿ ಮಾಡಿದಾಳು.,ಮಗುವನ್ನು ಕೂಲಿ ಮಾಡಿ.,ಕೂಲಿ,0,1,2.0,0,test,mbert,0.8858357071876526
pair_0589,ಮಗುವನ್ನು ಕೂಲಿ ಮಾಡಿ.,ನೋವಿನಿಂದ ಕೂಲಿ ಮಾಡಿದಾಳು.,ಕೂಲಿ,0,2,1.0,0,test,mbert,0.8858357071876526
pair_0590,ನೋವಿನಿಂದ ಕೂಲಿ ಮಾಡಿದಾಳು.,ನನ್ನನ್ನು ಕೂಲಿ ಮಾಡಿದಾಳು.,ಕೂಲಿ,0,1,2.0,0,test,mbert,0.9172139167785645
pair_0591,ನನ್ನನ್ನು ಕೂಲಿ ಮಾಡಿದಾಳು.,ನೋವಿನಿಂದ ಕೂಲಿ ಮಾಡಿದಾಳು.,ಕೂಲಿ,0,2,1.0,0,validation,mbert,0.9172139167785645
pair_0592,ಪರೋಪಕಾರಿ ಉದ್ದೇಶದಿಂದ ಕೂಲಿ ಮಾಡುತ್ತೆ.,ಪಾರ್ಟಿಗೆ ಮಹತ್ತರ ಕೂಲಿ ಮಾಡಿದೆ.,ಕೂಲಿ,0,1,3.0,0,test,mbert,0.8672453761100769
pair_0593,ಪಾರ್ಟಿಗೆ ಮಹತ್ತರ ಕೂಲಿ ಮಾಡಿದೆ.,ಪರೋಪಕಾರಿ ಉದ್ದೇಶದಿಂದ ಕೂಲಿ ಮಾಡುತ್ತೆ.,ಕೂಲಿ,0,3,1.0,0,test,mbert,0.8672453761100769
pair_0594,ಪರೋಪಕಾರಿ ಉದ್ದೇಶದಿಂದ ಕೂಲಿ ಮಾಡುತ್ತೆ.,ನಿನ್ನ ಸ್ನೇಹಿತರನ್ನು ಕೂಲಿ ಮಾಡೋ.,ಕೂಲಿ,0,1,3.0,0,test,mbert,0.8241131901741028
pair_0595,ನಿನ್ನ ಸ್ನೇಹಿತರನ್ನು ಕೂಲಿ ಮಾಡೋ.,ಪರೋಪಕಾರಿ ಉದ್ದೇಶದಿಂದ ಕೂಲಿ ಮಾಡುತ್ತೆ.,ಕೂಲಿ,0,3,1.0,0,test,mbert,0.8241131901741028
pair_0596,ನೋವಿನಿಂದ ಕೂಲಿ ಮಾಡಿದಾಳು.,ಪಾರ್ಟಿಗೆ ಮಹತ್ತರ ಕೂಲಿ ಮಾಡಿದೆ.,ಕೂಲಿ,0,1,3.0,0,validation,mbert,0.8747966289520264
pair_0597,ನೋವಿನಿಂದ ಕೂಲಿ ಮಾಡಿದಾಳು.,ನಿನ್ನ ಸ್ನೇಹಿತರನ್ನು ಕೂಲಿ ಮಾಡೋ.,ಕೂಲಿ,0,1,3.0,0,test,mbert,0.825736403465271
pair_0598,ನಿನ್ನ ಸ್ನೇಹಿತರನ್ನು ಕೂಲಿ ಮಾಡೋ.,ನೋವಿನಿಂದ ಕೂಲಿ ಮಾಡಿದಾಳು.,ಕೂಲಿ,0,3,1.0,0,test,mbert,0.825736403465271
pair_0599,ಮಗುವನ್ನು ಕೂಲಿ ಮಾಡಿ.,ಪಾರ್ಟಿಗೆ ಮಹತ್ತರ ಕೂಲಿ ಮಾಡಿದೆ.,ಕೂಲಿ,0,2,3.0,0,test,mbert,0.8366069197654724
pair_0600,ಪಾರ್ಟಿಗೆ ಮಹತ್ತರ ಕೂಲಿ ಮಾಡಿದೆ.,ಮಗುವನ್ನು ಕೂಲಿ ಮಾಡಿ.,ಕೂಲಿ,0,3,2.0,0,test,mbert,0.8366069197654724
pair_0601,ಮಗುವನ್ನು ಕೂಲಿ ಮಾಡಿ.,ನಿನ್ನ ಸ್ನೇಹಿತರನ್ನು ಕೂಲಿ ಮಾಡೋ.,ಕೂಲಿ,0,2,3.0,0,validation,mbert,0.8119509816169739
pair_0602,ನಿನ್ನ ಸ್ನೇಹಿತರನ್ನು ಕೂಲಿ ಮಾಡೋ.,ಮಗುವನ್ನು ಕೂಲಿ ಮಾಡಿ.,ಕೂಲಿ,0,3,2.0,0,test,mbert,0.8119509816169739
pair_0603,ನನ್ನನ್ನು ಕೂಲಿ ಮಾಡಿದಾಳು.,ಪಾರ್ಟಿಗೆ ಮಹತ್ತರ ಕೂಲಿ ಮಾಡಿದೆ.,ಕೂಲಿ,0,2,3.0,0,test,mbert,0.8066850900650024
pair_0604,ಪಾರ್ಟಿಗೆ ಮಹತ್ತರ ಕೂಲಿ ಮಾಡಿದೆ.,ನನ್ನನ್ನು ಕೂಲಿ ಮಾಡಿದಾಳು.,ಕೂಲಿ,0,3,2.0,0,test,mbert,0.8066850900650024
pair_0605,ನನ್ನನ್ನು ಕೂಲಿ ಮಾಡಿದಾಳು.,ನಿನ್ನ ಸ್ನೇಹಿತರನ್ನು ಕೂಲಿ ಮಾಡೋ.,ಕೂಲಿ,0,2,3.0,0,test,mbert,0.8762029409408569
pair_0606,ನಿನ್ನ ಸ್ನೇಹಿತರನ್ನು ಕೂಲಿ ಮಾಡೋ.,ನನ್ನನ್ನು ಕೂಲಿ ಮಾಡಿದಾಳು.,ಕೂಲಿ,0,3,2.0,0,validation,mbert,0.8762029409408569
pair_0607,ದೇವರಿಗೆ ಹೂವು ಕೊಡುವುದು ಸಂಪ್ರದಾಯ.,ಆನೆಗೆ ಒಣಹೂವು ಕೊಡಿ.,ಕೊಡು,0,2,1.0,0,test,mbert,0.15104936063289642
pair_0608,ಆನೆಗೆ ಒಣಹೂವು ಕೊಡಿ.,ಅತಿಥಿಗೆ ಆಸನ ಕೊಡಿ.,ಕೊಡು,0,1,2.0,0,test,mbert,0.966611385345459
pair_0609,ಅತಿಥಿಗೆ ಆಸನ ಕೊಡಿ.,ಆನೆಗೆ ಒಣಹೂವು ಕೊಡಿ.,ಕೊಡು,0,2,1.0,0,test,mbert,0.966611385345459
pair_0610,ನನಗೆ ನೀರು ಕೊಡಿ.,ದೇವರಿಗೆ ಹೂವು ಕೊಡುವುದು ಸಂಪ್ರದಾಯ.,ಕೊಡು,0,1,2.0,0,test,mbert,0.26186415553092957
pair_0611,ದೇವರಿಗೆ ಹೂವು ಕೊಡುವುದು ಸಂಪ್ರದಾಯ.,ನನಗೆ ನೀರು ಕೊಡಿ.,ಕೊಡು,0,2,1.0,0,validation,mbert,0.26186415553092957
pair_0612,ನನಗೆ ನೀರು ಕೊಡಿ.,ಅತಿಥಿಗೆ ಆಸನ ಕೊಡಿ.,ಕೊಡು,0,1,2.0,0,test,mbert,0.8386441469192505
pair_0613,ಅತಿಥಿಗೆ ಆಸನ ಕೊಡಿ.,ನನಗೆ ನೀರು ಕೊಡಿ.,ಕೊಡು,0,2,1.0,0,test,mbert,0.8386441469192505
pair_0614,ಆನೆಗೆ ಒಣಹೂವು ಕೊಡಿ.,ಶತ್ರುವಿಗೆ ಭೀಷಣ ಪ್ರಹಾರ ಕೊಡುತ್ತೆ.,ಕೊಡು,0,1,3.0,0,test,mbert,0.12836432456970215
pair_0615,ಶತ್ರುವಿಗೆ ಭೀಷಣ ಪ್ರಹಾರ ಕೊಡುತ್ತೆ.,ಆನೆಗೆ ಒಣಹೂವು ಕೊಡಿ.,ಕೊಡು,0,3,1.0,0,test,mbert,0.12836432456970215
pair_0616,ಆನೆಗೆ ಒಣಹೂವು ಕೊಡಿ.,ತೊಡೆಯಿಂದ ಥಳಿ ಕೊಟ್ಟನಳೆ.,ಕೊಡು,0,1,3.0,0,validation,mbert,0.9472513794898987
pair_0617,ತೊಡೆಯಿಂದ ಥಳಿ ಕೊಟ್ಟನಳೆ.,ಆನೆಗೆ ಒಣಹೂವು ಕೊಡಿ.,ಕೊಡು,0,3,1.0,0,test,mbert,0.9472513794898987
pair_0618,ನನಗೆ ನೀರು ಕೊಡಿ.,ಶತ್ರುವಿಗೆ ಭೀಷಣ ಪ್ರಹಾರ ಕೊಡುತ್ತೆ.,ಕೊಡು,0,1,3.0,0,test,mbert,0.25020214915275574
pair_0619,ಶತ್ರುವಿಗೆ ಭೀಷಣ ಪ್ರಹಾರ ಕೊಡುತ್ತೆ.,ನನಗೆ ನೀರು ಕೊಡಿ.,ಕೊಡು,0,3,1.0,0,test,mbert,0.25020214915275574
pair_0620,ನನಗೆ ನೀರು ಕೊಡಿ.,ತೊಡೆಯಿಂದ ಥಳಿ ಕೊಟ್ಟನಳೆ.,ಕೊಡು,0,1,3.0,0,test,mbert,0.818433403968811
pair_0621,ತೊಡೆಯಿಂದ ಥಳಿ ಕೊಟ್ಟನಳೆ.,ನನಗೆ ನೀರು ಕೊಡಿ.,ಕೊಡು,0,3,1.0,0,validation,mbert,0.818433403968811
pair_0622,ಆನೆಗೆ ಒಣಹೂವು ಕೊಡಿ.,ಗಿರುಗಳ ಹಾಕುಮಾರಿ ಬೆಳ್ಳಳಿ ಕೊಡುತ್ತವೆ.,ಕೊಡು,0,1,4.0,0,test,mbert,0.14968329668045044
pair_0623,ಗಿರುಗಳ ಹಾಕುಮಾರಿ ಬೆಳ್ಳಳಿ ಕೊಡುತ್ತವೆ.,ಆನೆಗೆ ಒಣಹೂವು ಕೊಡಿ.,ಕೊಡು,0,4,1.0,0,test,mbert,0.14968329668045044
pair_0624,ಆನೆಗೆ ಒಣಹೂವು ಕೊಡಿ.,ಕ್ಷೇತ್ರ ಸಂಪೂರ್ಣ ಫಸಲಿ ಕೊಡುತ್ತಿದೆ.,ಕೊಡು,0,1,4.0,0,test,mbert,0.12884318828582764
pair_0625,ಕ್ಷೇತ್ರ ಸಂಪೂರ್ಣ ಫಸಲಿ ಕೊಡುತ್ತಿದೆ.,ಆನೆಗೆ ಒಣಹೂವು ಕೊಡಿ.,ಕೊಡು,0,4,1.0,0,test,mbert,0.12884318828582764
pair_0626,ನನಗೆ ನೀರು ಕೊಡಿ.,ಗಿರುಗಳ ಹಾಕುಮಾರಿ ಬೆಳ್ಳಳಿ ಕೊಡುತ್ತವೆ.,ಕೊಡು,0,1,4.0,0,validation,mbert,0.2788674533367157
pair_0627,ಗಿರುಗಳ ಹಾಕುಮಾರಿ ಬೆಳ್ಳಳಿ ಕೊಡುತ್ತವೆ.,ನನಗೆ ನೀರು ಕೊಡಿ.,ಕೊಡು,0,4,1.0,0,test,mbert,0.2788674533367157
