pair_id,target_word,pos,sentence1,sentence2,synset_1,synset_2,label,split,kannada_ratio_1,kannada_ratio_2,quality_flag
v2_00571,ದಂಡ,noun,ಗ್ರಂಥಾಲಯದಲ್ಲಿ ಹದಿನೈದು ದಿನದೊಳಗೆ ಪುಸ್ತಕವನ್ನು ಹಿಂದಿರುಗಿಸದಿದ್ದರೆ ಪ್ರತಿ ದಿನ ಒಂದು ರೂಪಾಯಿ ದಂಡ ಕಟ್ಟಬೇಕಾಗುತ್ತದೆ.,"ಈ ವಾಕ್ಯದಲ್ಲಿ ದಂಡ ಎಂಬ ಪದದ ಅರ್ಥ ಯಾವುದೇ ಪ್ರಕಾರದ ತಪ್ಪು, ಮೋಸ ಅಥವಾ ಮರೆವಿನ ಕಾರಣದಿಂದಾಗಿ ಅಧಿಕಾರಿಗಳು ವಿಧಿಸಲಾಗುವಂತಹ ಅರ್ಥದಂಡ",35809,35809,1,test,0.8932038834951457,0.8571428571428571,ok
v2_00266,ಹೇಳು,verb,ನನ್ನ ಅತ್ತೆ ನನಗೆ ಯಾವಾಗಲೂ ಏನನ್ನಾದರೂ ಹೇಳುತ್ತಿರುತ್ತಾರೆ.,"ಈ ವಾಕ್ಯದಲ್ಲಿ ಹೇಳು ಎಂಬ ಪದದ ಅರ್ಥ ಯಾವುದಾದರು ಕಾರ್ಯದ ಆಕಾರ, ಪ್ರಕಾರ ಅಥವಾ ವಿಧಿ ಮೊದಲಾದವುಗಳ ತಿಳುವಳಿಕೆಯನ್ನು ನೀಡುವುದು",11483,7106,0,train,0.8823529411764706,0.8571428571428571,ok
v2_00292,ನಿಲ್ಲಿಸು,verb,ಈ ವಾಕ್ಯದಲ್ಲಿ ನಿಲ್ಲಿಸು ಎಂಬ ಪದದ ಅರ್ಥ ಯಾರೋ ಒಬ್ಬರನ್ನು ಮುಂದೆ ಹೋಗದಂತೆ ತಡೆಯುವ ಪ್ರಕ್ರಿಯೆ,ಈ ವಾಕ್ಯದಲ್ಲಿ ನಿಲ್ಲಿಸು ಎಂಬ ಪದದ ಅರ್ಥ ಮಾಡಲು ಹೋರಟಿರುವ ಅಥವಾ ಮಾಡುತ್ತಿರುವ ಕೆಲಸವನ್ನು ನಿಲ್ಲಿಸುವ ಪ್ರಕ್ರಿಯೆ,12225,34883,0,train,0.8625,0.875,ok
v2_00598,ಕಟ್ಟು,noun,"ಕಟ್ಟು ಕುರಿತು ಹಗ್ಗ, ನೂಲು ಮೊದಲಾದವುಗಳ ಬಲೆ ಮಧ್ಯೆದಲ್ಲಿ ಸಿಕ್ಕಿಕೊಳ್ಳುವ ಜೀವಿ ಬಂಧನಕ್ಕೊಳ್ಳಗಾಗುತ್ತದೆ ಮತ್ತು ಬಲೆಯನ್ನು ಗಟ್ಟಿಯಾಗಿ ಕಟ್ಟುವುದರಿಂದ ಪ್ರಾಯಶಃ ಸತ್ತು ಹೋಗುತ್ತದೆ","ಈ ವಾಕ್ಯದಲ್ಲಿ ಕಟ್ಟು ಎಂಬ ಪದದ ಅರ್ಥ ಹಗ್ಗ, ನೂಲು ಮೊದಲಾದವುಗಳ ಬಲೆ ಮಧ್ಯೆದಲ್ಲಿ ಸಿಕ್ಕಿಕೊಳ್ಳುವ ಜೀವಿ ಬಂಧನಕ್ಕೊಳ್ಳಗಾಗುತ್ತದೆ ಮತ್ತು ಬಲೆಯನ್ನು ಗಟ್ಟಿಯಾಗಿ ಕಟ್ಟುವುದರಿಂದ ಪ್ರಾಯಶಃ ಸತ್ತು ಹೋಗುತ್ತದೆ",7019,7019,1,test,0.8874172185430463,0.8764705882352941,ok
v2_00175,ಹಾನಿ,noun,ಈ ವಾಕ್ಯದಲ್ಲಿ ಹಾನಿ ಎಂಬ ಪದದ ಅರ್ಥ ಯಾವುದೇ ವ್ಯಾಪಾರದಲ್ಲಿ ಆಗುವ ನಷ್ಟ,"ಈ ವಾಕ್ಯದಲ್ಲಿ ಹಾನಿ ಎಂಬ ಪದದ ಅರ್ಥ ಕೆಲಸ, ಪ್ರಗತಿ, ಮಾರ್ಗ ಮುಂತಾದವುಗಳಲ್ಲಿ ಎದ್ದು ನಿಲ್ಲುವ ಅಥವಾ ಬರುವ ಅಡಚಣೆ",2246,2524,0,train,0.85,0.8315789473684211,ok
v2_00248,ತೆಗೆ,verb,ಅಮ್ಮನ ನಾಲ್ಕು ಸೀರೆಗಳಲ್ಲಿ ಶೀಲ ಒಂದು ಆರಿಸಿ ತೆಗೆದುಕೊಂಡಳು.,ತೆಗೆ ಕುರಿತು ಛಾತಾಚಿತ್ರ ಮುಂತಾದವುಗಳನ್ನು ತೆಗೆದು ಮಾಡುವ ಪ್ರಕ್ರಿಯೆ,12023,36481,0,train,0.8653846153846154,0.8983050847457628,ok
v2_00159,ಗಂಟು,noun,ಗಂಟು ಕುರಿತು ತುಂಡಾದ ಆ ಭಾಗವನ್ನು ಯಾವುದಾದರು ವಸ್ತುವಿನೊಂದಿಗೆ ಜೋಡಿಸಬೇಕು,ಈ ವಾಕ್ಯದಲ್ಲಿ ಗಂಟು ಎಂಬ ಪದದ ಅರ್ಥ ತುಂಡಾದ ಆ ಭಾಗವನ್ನು ಯಾವುದಾದರು ವಸ್ತುವಿನೊಂದಿಗೆ ಜೋಡಿಸಬೇಕು,21840,21840,1,train,0.890625,0.8674698795180723,ok
v2_00070,ರಕ್ಷಿಸು,verb,ರಕ್ಷಿಸು ಕುರಿತು ನಮ್ಮ ರಕ್ಷಣೆ ಅಥವಾ ಅಧಿಕಾರದಲ್ಲಿ ಇಟ್ಟಿರುವಂತಹ,ಈ ವಾಕ್ಯದಲ್ಲಿ ರಕ್ಷಿಸು ಎಂಬ ಪದದ ಅರ್ಥ ನಮ್ಮ ರಕ್ಷಣೆ ಅಥವಾ ಅಧಿಕಾರದಲ್ಲಿ ಇಟ್ಟಿರುವಂತಹ,11184,11184,1,train,0.8909090909090909,0.8648648648648649,ok
v2_00032,ಕಠಿಣ,adjective,ಕಠಿಣ ಕುರಿತು ತುಂಬಾ ಕಠೋರ ಅಥವಾ ಬಿರುಸಾದಂತಹ,ಮನೆಯ ಆರ್ಥಿಕ ಸ್ಥಿತಿ ಹಾಳಾಗುತ್ತಿರುವುದರಿಂದ ನಮ್ಮ ಜೀವನ ಕಠಿಣವಾಗಿ ಹೋಗುತ್ತಿದೆ.,13388,9141,0,train,0.868421052631579,0.8840579710144928,ok
v2_00276,ಜ್ಞಾನ,noun,ಈ ವಾಕ್ಯದಲ್ಲಿ ಜ್ಞಾನ ಎಂಬ ಪದದ ಅರ್ಥ ಆ ಮಾತು ಮುಂತಾದವು ಯಾರನ್ನಾದರೂ ಯಾವುದಾದರು ವಿಷಯದ ಜ್ಞಾನ ಅಥವಾ ಪರಿಚಯವನ್ನು ಮಾಡುವುದಕ್ಕೋಸ್ಕರ ಮಾತನಾಡಲಾಗುತ್ತದೆ,"ಈ ವಾಕ್ಯದಲ್ಲಿ ಜ್ಞಾನ ಎಂಬ ಪದದ ಅರ್ಥ ಜನ-ಸಾಧಾರಣರ ಹಿತಕ್ಕಾಗಿ ವಿಧಾನ/ವಿಚಾರ, ಆಚರಣೆಗಳನ್ನು ಹೇಳುವಂತಹ ಧಾರ್ಮಿಕವಾದ ಗ್ರಂಥ",3649,6009,0,train,0.875,0.8543689320388349,ok
v2_00418,ಸಮೂಹ,noun,ಈ ವಾಕ್ಯದಲ್ಲಿ ಸಮೂಹ ಎಂಬ ಪದದ ಅರ್ಥ ಜೀವ ವಿಜ್ಞಾನದಲ್ಲಿ ಸಜೀವಿಗಳ ದೊಡ್ಡ ಐದು ವಿಭಾಗ ಅಥವಾ ಸಜೀವಿಗಳ ತುಂಬಾ ಎತ್ತರದ ಸ್ತರದ ಮೇಲೆ ಮಾಡುವ ವರ್ಗೀಕರಣ,ಸಮೂಹ ಕುರಿತು ಯಾವುದಾದರು ಕಾರ್ಯ ಅಥವಾ ಉದ್ದೇಶದ ಸಿದ್ಧಿಗಾಗಿ ಕೂಡಿರುವ ಜನರ ಸಮೂಹ,26689,4077,0,train,0.8455284552845529,0.8676470588235294,ok
v2_00232,ಕಠಿಣವಾದ,adjective,ಈ ಕಠಿಣವಾದ ಲೆಕ್ಕವನ್ನು ಮೊದಲು ಯಾರು ಬಿಡಿಸುವಿರಿ?,ಕಠಿಣವಾದ ಕುರಿತು ತುಂಬಾ ಒರಟಾದ ಅಥವಾ ಕಿವಿಗೆ ಕೇಳಲಿಕ್ಕೆ ಸಾಧ್ಯವಾಗದಂತಹ ಧ್ವನಿ ಅಥವಾ ಶಬ್ದ,16286,4177,0,train,0.8604651162790697,0.8701298701298701,ok
v2_00011,ಹೇಳು,verb,ಈ ವಾಕ್ಯದಲ್ಲಿ ಹೇಳು ಎಂಬ ಪದದ ಅರ್ಥ ಮೌಖಿಕವಾಗಿ ಯಾವುದೋ ಒಂದನ್ನು ವರ್ಣನೆ ಮಾಡುವ ಪ್ರಕ್ರಿಯೆ,"ಈ ವಾಕ್ಯದಲ್ಲಿ ಹೇಳು ಎಂಬ ಪದದ ಅರ್ಥ ಕವಿತೆ, ಗಜಲ್ ಮುಂತಾದವುಗಳನ್ನು ಹಾಡುವ ಪ್ರಕ್ರಿಯೆ",13369,13373,0,train,0.8589743589743589,0.8493150684931506,ok
v2_00524,ಜ್ಞಾನ,noun,ಕಾವ್ಯಮೀಮಾಂಸೆಯ ಜ್ಞಾನ ಹಳಗನ್ನಡ ಸಾಹಿತ್ಯದಲ್ಲಿ ಅಪಾರವಾಗಿದೆ.,ಈ ವಾಕ್ಯದಲ್ಲಿ ಜ್ಞಾನ ಎಂಬ ಪದದ ಅರ್ಥ ಯಾವುದೇ ವಸ್ತು ವಿಷಯದ ಬಗ್ಗೆ ಇರುವ ಹೆಚ್ಚಿನ ತಿಳುವಳಿಕೆ,99,99,1,validation,0.9038461538461539,0.8481012658227848,ok
v2_00091,ಜ್ಞಾನ,noun,ಜ್ಞಾನ ಕುರಿತು ಯಾವುದೇ ಮಾತು ಇತ್ಯಾದಿಗಳನ್ನು ಚೆನ್ನಾಗಿ ತಿಳಿಸುವ ಶಕ್ತಿ ಅಥವಾ ಅದರ ಬಗ್ಗೆ ಚೆನ್ನಾಗಿ ತಿಳಿದಿರುವುದು,ಈ ವಾಕ್ಯದಲ್ಲಿ ಜ್ಞಾನ ಎಂಬ ಪದದ ಅರ್ಥ ಯಾವುದೇ ಮಾತು ಇತ್ಯಾದಿಗಳನ್ನು ಚೆನ್ನಾಗಿ ತಿಳಿಸುವ ಶಕ್ತಿ ಅಥವಾ ಅದರ ಬಗ್ಗೆ ಚೆನ್ನಾಗಿ ತಿಳಿದಿರುವುದು,13621,13621,1,train,0.8775510204081632,0.8632478632478633,ok
v2_00358,ಹೊಡೆ,verb,ರಾಮನು ರಾಣನ ಮೇಲೆ ಅಮೋಘ ಅಸ್ತ್ರವನ್ನು ಹೊಡೆದನು.,ಹೊಡೆ ಕುರಿತು ಅಸ್ತ್ರ-ಶಸ್ತ್ರ ಮೊದಲಾದವುಗಳನ್ನು ಬಿಡುವ ಅಥವಾ ಹೊಡೆಯುವ ಪ್ರಕ್ರಿಯೆ,5438,5438,1,train,0.8536585365853658,0.8840579710144928,ok
v2_00526,ತೆಗೆ,verb,ತೆಗೆ ಕುರಿತು ಗಣಕಯಂತ್ರದಲ್ಲಿ ಯಾವುದೇ ಕಡತ ಮುಂತಾದವುಗಳನ್ನು ತೆರೆಯುವ ಪ್ರಕ್ರಿಯೆ,ತೆಗೆ ಕುರಿತು ಯಾವುದಾದರು ಪ್ರಮಾಣ ಮೊದಲಾದವುಗಳನ್ನು ಪಡೆಯುವುದಕ್ಕಾಗಿ ಗಣನೆಯನ್ನು ಮಾಡುವುದು,27530,35420,0,validation,0.8985507246376812,0.9090909090909091,ok
v2_00542,ಹೊಡೆ,verb,"ಈ ವಾಕ್ಯದಲ್ಲಿ ಹೊಡೆ ಎಂಬ ಪದದ ಅರ್ಥ ಗಾಡಿ, ರಥ ಮೊದಲಾದವುಗಳನ್ನು ಓಡಿಸುವುದು",ರಾಮನು ಮೂರ್ತಿಯನ್ನು ಹಾಕುವುದಕ್ಕಾಗಿ ಗೋಡೆಗೆ ಮೊಳೆಯನ್ನು ಹೊಡೆಯುತ್ತಿದ್ದಾನೆ.,10295,8938,0,validation,0.84375,0.9090909090909091,ok
v2_00262,ಆರಿಸು,verb,ಆರಿಸು ಕುರಿತು ಹಲವಾರು ವಸ್ತುಗಳಲ್ಲಿ ನಿಮ್ಮ ಮನಸ್ಸಿಗೆ ಇಷ್ಟವಾದ ವಸ್ತುಗಳನ್ನು ಆರಿಸಿ ಬೇರೆ ಇಡುವ ಪ್ರಕ್ರಿಯೆ,ಈ ವಾಕ್ಯದಲ್ಲಿ ಆರಿಸು ಎಂಬ ಪದದ ಅರ್ಥ ಯಾವುದಾದರು ವಸ್ತುವಿನ ತಾಪಮಾನ ಅಥವಾ ಬಿಸಿಯನ್ನು ಕಡಿಮೆ ಮಾಡುವುದು,12051,37406,0,train,0.8804347826086957,0.8620689655172413,ok
v2_00429,ಗಟ್ಟಿಯಾದ,adjective,ಮಕ್ಕಳು ಗಟ್ಟಿಯಾದ ಸ್ವರದಲ್ಲಿ ಹಾಡುತ್ತಿದ್ದಾರೆ.,ಗಟ್ಟಿಯಾದ ಕುರಿತು ಮಾಮೂಲಿಗಿಂತ ಸ್ವಲ್ಪ ಜೋರಾದ,6010,6010,1,train,0.9024390243902439,0.8974358974358975,ok
v2_00239,ಕಟ್ಟು,noun,ಅಪ್ಪ ಒಂದು ಕಟ್ಟು ಬೀಡಿ ತರಿಸಿದ.,ಈ ವಾಕ್ಯದಲ್ಲಿ ಕಟ್ಟು ಎಂಬ ಪದದ ಅರ್ಥ ಹೊತ್ತುಕೊಂಡು ಹೋಗಲು ಅನುಕೂಲಿಸುವಂತೆ ಸುತ್ತಿದ ಅಥವಾ ಒಟ್ಟಿಗೆ ಕಟ್ಟಿದ ವಸ್ತುಗಳು,12459,12459,1,train,0.8214285714285714,0.87,ok
v2_00437,ದುಃಖ,noun,ದುಃಖ ಕುರಿತು ಇನ್ನೊಬ್ಬರಿಂದ ಬಂದೊದಗುವಂತಹ ಹಾನಿ,ಈ ವಾಕ್ಯದಲ್ಲಿ ದುಃಖ ಎಂಬ ಪದದ ಅರ್ಥ ಇನ್ನೊಬ್ಬರಿಂದ ಬಂದೊದಗುವಂತಹ ಹಾನಿ,11624,11624,1,train,0.9024390243902439,0.8666666666666667,ok
v2_00156,ಅಧಿಕೃತ,adjective,ನಾವು ಯಾವುದೇ ವಿಷಯವನ್ನು ಗ್ರಹಿಸಬೇಕಾದರೆ ನಮ್ಮ ಅಧಿಕೃತ ಭಾಷೆಯಿಂದ ಮಾತ್ರ ಚನ್ನಾಗಿ ಅರ್ಥ ಮಾಡಿಕೊಳ್ಳಲು ಸಾಧ್ಯ.,ಅಧಿಕೃತ ಕುರಿತು ಯಾವುದೋ ಒಂದು ಮಾತು ಅಥವಾ ಕೆಲಸಕ್ಕೆ ಆಧಾರದ ರೂಪದಲ್ಲಿ ಇರುವ,32940,32940,1,train,0.8723404255319149,0.859375,ok
v2_00599,ಜ್ಞಾನ,noun,ಜ್ಞಾನ ಕುರಿತು ಯಾವುದೇ ಕತೆ ಕಾದಂಬರಿ ಕಾವ್ಯ ಮುಂತಾದ ಬರಹಗಳು ಹೇಳುವ ತಮ್ಮ ಧ್ಯೇಯ ವಾಕ್ಯ,ಈ ವಾಕ್ಯದಲ್ಲಿ ಜ್ಞಾನ ಎಂಬ ಪದದ ಅರ್ಥ ಯಾವುದೇ ಕತೆ ಕಾದಂಬರಿ ಕಾವ್ಯ ಮುಂತಾದ ಬರಹಗಳು ಹೇಳುವ ತಮ್ಮ ಧ್ಯೇಯ ವಾಕ್ಯ,3836,3836,1,test,0.8513513513513513,0.8387096774193549,ok
v2_00177,ತೆಗೆ,verb,ತೆಗೆ ಕುರಿತು ಕಟ್ಟಿರುವ ಗಂಟು ಮುಂತಾದುವಗಳನ್ನು ಬಿಚ್ಚುವ ಪ್ರಕ್ರಿಯೆ,ಈ ವಾಕ್ಯದಲ್ಲಿ ತೆಗೆ ಎಂಬ ಪದದ ಅರ್ಥ ಕಟ್ಟಿರುವ ಗಂಟು ಮುಂತಾದುವಗಳನ್ನು ಬಿಚ್ಚುವ ಪ್ರಕ್ರಿಯೆ,12232,12232,1,train,0.896551724137931,0.8701298701298701,ok
v2_00573,ಕಟ್ಟು,noun,ಈ ಚಿತ್ರಫಲಕದ ಕಟ್ಟು ಎಲ್ಲಿದೆ?,ಕಟ್ಟು ಕುರಿತು ಚಿತ್ರಫಲಕ ಮೊದಲಾದವುಗಳನ್ನು ಭೂಮಿಯಿಂದ ಮೇಲೆ ಭಾಗಕ್ಕೆ ಕಟ್ಟುವುದಕ್ಕೆ ಉಪಯೋಗಿಸುವಂತಹ ಮರದ ಚೌಕಟ್ಟು,36947,36947,1,test,0.8461538461538461,0.8958333333333334,ok
v2_00434,ಹಗ್ಗ,noun,ಹಗ್ಗ ಕುರಿತು ಬಾವಿಯಿಂದ ನೀರು ತುಂಬಿದ ಬಿಂದುಗೆಯನ್ನು ಎಳೆಯಲು ಬಳಸುವ ಹಗ್ಗ,ಈ ವಾಕ್ಯದಲ್ಲಿ ಹಗ್ಗ ಎಂಬ ಪದದ ಅರ್ಥ ಬಾವಿಯಿಂದ ನೀರು ತುಂಬಿದ ಬಿಂದುಗೆಯನ್ನು ಎಳೆಯಲು ಬಳಸುವ ಹಗ್ಗ,7203,7203,1,train,0.873015873015873,0.8536585365853658,ok
v2_00570,ಮಾಡು,verb,"ಮಾಡು ಕುರಿತು ಯಾವುದೇ ಕೆಲಸ, ವಸ್ತು ಮುಂತಾದುವುಗಳಿಗೆ ಉಪಯೋಗಕ್ಕೆ ಬರುವ ಪ್ರಕ್ರಿಯೆ",ಅನುಶಾಸನಗಳು ನಮ್ಮನು ಮಹಾ ವ್ಯಕ್ತಿಗಳಾಗಿ ಮಾಡುತ್ತದೆ.,27520,27523,0,test,0.8714285714285714,0.8888888888888888,ok
v2_00119,ಹೊಡೆ,verb,ರಾಮನು ಮೂರ್ತಿಯನ್ನು ಹಾಕುವುದಕ್ಕಾಗಿ ಗೋಡೆಗೆ ಮೊಳೆಯನ್ನು ಹೊಡೆಯುತ್ತಿದ್ದಾನೆ.,ಹೊಡೆ ಕುರಿತು ಒಳಕ್ಕೆ ಹೋಗುವುದಕ್ಕಾಗಿ ಹೊರಗಿನಿಂದ ಜೋರಾಗಿ ಹೊಡೆಯುವ ಕ್ರಿಯೆ,8938,8938,1,train,0.9090909090909091,0.890625,ok
v2_00504,ಹೇಳು,verb,"ಈ ವಾಕ್ಯದಲ್ಲಿ ಹೇಳು ಎಂಬ ಪದದ ಅರ್ಥ ಗಿಳಿ, ಮೈನಾ ಮುಂತಾದ ಪಕ್ಷಿ ಮನುಷ್ಯನ ಮಾತನ್ನು ಕಲಿಸುವ ಪ್ರಕ್ರಿಯೆ",ಹೇಳು ಕುರಿತು ಏನನ್ನಾದರೂ ಮಾಡುವುದಕ್ಕೆ ಆದೇಶ ನೀಡುವುದು,13942,4300,0,validation,0.8390804597701149,0.8936170212765957,ok
v2_00516,ಮುರಿ,verb,ಮುರಿ ಕುರಿತು ಹೊಡೆತದಿಂದ ಯಾವುದಾದರು ಪದಾರ್ಥವನ್ನು ತುಂಡು ಮಾಡುವುದು ಅಥವಾ ಭಾಗ ಮಾಡುವುದು,ಈ ವಾಕ್ಯದಲ್ಲಿ ಮುರಿ ಎಂಬ ಪದದ ಅರ್ಥ ಹೊಡೆತದಿಂದ ಯಾವುದಾದರು ಪದಾರ್ಥವನ್ನು ತುಂಡು ಮಾಡುವುದು ಅಥವಾ ಭಾಗ ಮಾಡುವುದು,8886,8886,1,validation,0.881578947368421,0.8631578947368421,ok
v2_00636,ಆರಿಸು,verb,ತಾಯಿಯು ಮಗುವಿಗೆ ಊಟ ಮಾಡಿಸಲು ಅನ್ನವನ್ನು ಆರಿಸುತ್ತಿದ್ದಾಳೆ.,ಈ ವಾಕ್ಯದಲ್ಲಿ ಆರಿಸು ಎಂಬ ಪದದ ಅರ್ಥ ಯಾವುದಾದರು ವಸ್ತುವಿನ ತಾಪಮಾನ ಅಥವಾ ಬಿಸಿಯನ್ನು ಕಡಿಮೆ ಮಾಡುವುದು,37406,37406,1,test,0.8846153846153846,0.8620689655172413,ok
v2_00077,ತೆಗೆ,verb,"ಯಾರೋ ಬಂದಿದ್ದಾರೇ, ಬಾಗಿಲನ್ನು ತೆಗೆ.",ಈ ವಾಕ್ಯದಲ್ಲಿ ತೆಗೆ ಎಂಬ ಪದದ ಅರ್ಥ ಮುಚ್ಚಿರುವ ಅಥವಾ ತೆಡೆಹಿಡಿಯುವಂತಹ ವಸ್ತುವನ್ನು ತೆಗೆಯುವ ಕ್ರಿಯೆ,10852,10852,1,train,0.84375,0.872093023255814,ok
v2_00111,ಹೇಳು,verb,ನನ್ನ ಅತ್ತೆ ನನಗೆ ಯಾವಾಗಲೂ ಏನನ್ನಾದರೂ ಹೇಳುತ್ತಿರುತ್ತಾರೆ.,ಹೇಳು ಕುರಿತು ನಿಕೃಷ್ಟವಾಗಿ ಹೇಳು,11483,11483,1,train,0.8823529411764706,0.8928571428571429,ok
v2_00064,ವರ್ಗ,noun,ಏಳರ ವರ್ಗ ನಲವತ್ತೊಂಬತ್ತು.,ವರ್ಗ ಕುರಿತು ಯಾವುದೇ ಸಂಖ್ಯೆಯನ್ನು ಅದೇ ಸಂಖ್ಯೆಯಿಂದ ಗುಣಿಸಿದಾಗ ಬರುವ ಮೊತ್ತ,12490,12490,1,train,0.8695652173913043,0.8787878787878788,ok
v2_00282,ಶಕ್ತಿ,noun,ಸೂರ್ಯನ ಶಕ್ತಿ ಅಗಾದವಾದದ್ದು.,ಶಕ್ತಿ ಕುರಿತು ಯಾವುದೇ ಕೆಲಸ ಮಾಡಲು ಉಪಯೋಗವಾಗುವ ಬಲ,3933,3933,1,train,0.88,0.8636363636363636,ok
v2_00110,ಶಕ್ತಿ,noun,ಶಕ್ತಿ ಕುರಿತು ಬಲ/ಶಕ್ತಿಯನ್ನು ಹೆಚ್ಚಿಸಿಕೊಳ್ಳುವ ಉದ್ದೇಶದಿಂದ ಮಾಡುವಂತಹ ಶಾರೀರಿಕವಾದ ಶ್ರಮ,ಈ ವಾಕ್ಯದಲ್ಲಿ ಶಕ್ತಿ ಎಂಬ ಪದದ ಅರ್ಥ ಬಲ/ಶಕ್ತಿಯನ್ನು ಹೆಚ್ಚಿಸಿಕೊಳ್ಳುವ ಉದ್ದೇಶದಿಂದ ಮಾಡುವಂತಹ ಶಾರೀರಿಕವಾದ ಶ್ರಮ,5939,5939,1,train,0.8974358974358975,0.8762886597938144,ok
v2_00073,ಹೇಳು,verb,ಹೇಳು ಕುರಿತು ಅಚಾನಕ್ಕಾಗಿ ಎತ್ತುವ ಅಥವಾ ಆರಂಭಿಸುವ ಪ್ರಕ್ರಿಯೆ,ಈ ವಾಕ್ಯದಲ್ಲಿ ಹೇಳು ಎಂಬ ಪದದ ಅರ್ಥ ಅಚಾನಕ್ಕಾಗಿ ಎತ್ತುವ ಅಥವಾ ಆರಂಭಿಸುವ ಪ್ರಕ್ರಿಯೆ,12196,12196,1,train,0.8867924528301887,0.8611111111111112,ok
v2_00003,ಕಠಿಣವಾದಂತ,adjective,ಕಠಿಣವಾದಂತ ಕುರಿತು ಯಾವುದೋ ಒಂದು ಪೂರ್ಣವಾಗಿ ಅಥವಾ ಸುಲಭವಾಗಿ ಅರ್ಥವಾಗುವುದಿಲ್ಲವೋ,ಈ ವಾಕ್ಯದಲ್ಲಿ ಕಠಿಣವಾದಂತ ಎಂಬ ಪದದ ಅರ್ಥ ಯಾವುದೋ ಒಂದು ಪೂರ್ಣವಾಗಿ ಅಥವಾ ಸುಲಭವಾಗಿ ಅರ್ಥವಾಗುವುದಿಲ್ಲವೋ,16286,16286,1,train,0.9,0.8764044943820225,ok
v2_00056,ಹೊಡೆ,verb,ಚದುರಂಗ ಆಡುವವನು ಒಂದು ಸೈನಿಕನಿಂದ ಪ್ರತಿಸ್ಪರ್ಧಿಯ ಮಂತ್ರಿಯನ್ನು ಹೊಡೆದರು.,ಈ ವಾಕ್ಯದಲ್ಲಿ ಹೊಡೆ ಎಂಬ ಪದದ ಅರ್ಥ ಯಾವುದಾದರು ವಸ್ತುವನ್ನು ಉಪಯೋಗಿಸಿ ಕೆಡಹುದು ಅಥವಾ ಹೊಡೆಯವ ಪ್ರಕ್ರಿಯೆ (ವಿಶೇಷವಾಗಿ ಆಟದಲ್ಲಿ),12499,12499,1,train,0.890625,0.8545454545454545,ok
v2_00423,ದಂಡ,noun,ದಂಡ ಕುರಿತು ದಪ್ಪ ಮತ್ತು ಉದ್ಧವಾದ ಕೋಲು,ದಂಡ ಕುರಿತು ಒಂದು ಪ್ರಕಾರದ ವ್ಯಾಯಾಮ ಅದು ಕೈಯಿಯ ತೋಳು/ರಡ್ಡೆಯ ಬಲದಿಂದ ಬೋರಲು ಬಿದ್ದು ಮಾಡುವ ವ್ಯಾಯಾಮ,5821,6073,0,train,0.8529411764705882,0.8505747126436781,ok
v2_00336,ಮುಚ್ಚು,verb,ಮುಚ್ಚು ಕುರಿತು ಜಾರಿಯಲ್ಲಿ ಇಲ್ಲದ ಹಾಗೆ ಮಾಡುವ ಪ್ರಕ್ರಿಯೆ,ಮುಚ್ಚು ಕುರಿತು ಯಾವುದಾದರು ವಸ್ತುವನ್ನು ಮುಚ್ಚಿಡುವ ಅಥವಾ ಅಡಗಿಸಿಡುವ ಪ್ರಕ್ರಿಯೆ,34536,8956,0,train,0.88,0.8985507246376812,ok
v2_00216,ಹಗ್ಗ,noun,ಹಗ್ಗ ಕುರಿತು ಸೆಣಬು/ನಾರಿನ ದಾರ,ಈ ವಾಕ್ಯದಲ್ಲಿ ಹಗ್ಗ ಎಂಬ ಪದದ ಅರ್ಥ ಸೆಣಬು/ನಾರಿನ ದಾರ,8330,8330,1,train,0.8518518518518519,0.8260869565217391,ok
v2_00356,ಆರಿಸು,verb,ಆರಿಸು ಕುರಿತು ಹಸಿ ಇರುವ ವಸ್ತುಗಳನ್ನು ಒಣಗಿಸುವ ಪ್ರಕ್ರಿಯೆ,ಈ ವಾಕ್ಯದಲ್ಲಿ ಆರಿಸು ಎಂಬ ಪದದ ಅರ್ಥ ಹಸಿ ಇರುವ ವಸ್ತುಗಳನ್ನು ಒಣಗಿಸುವ ಪ್ರಕ್ರಿಯೆ,21529,21529,1,train,0.8823529411764706,0.8571428571428571,ok
v2_00222,ಹಾನಿ,noun,ಹಾನಿ ಕುರಿತು ನಾಶ ಮಾಡುವ ವ್ಯಕ್ತಿ,"ಹಾನಿ ಎಂದರೆ ಹಲವುವೇಳೆ ಒಂದು ಭೌತಿಕ ವಸ್ತುವಿನಲ್ಲಾಗುವ ಯಾವುದೇ ಬದಲಾವಣೆ, ಮತ್ತು ಇದು ಅದರ ಮೊದಲಿನ ಸ್ಥಿತಿಗಿಂತ ಕೀಳಾಗುವಂತೆ ಮಾಡುತ್ತದೆ",10040,10040,1,train,0.8620689655172413,0.8695652173913043,ok
v2_00287,ಬಲೆ,noun,"ಈ ವಾಕ್ಯದಲ್ಲಿ ಬಲೆ ಎಂಬ ಪದದ ಅರ್ಥ ಒಂದಕ್ಕೊಂದು ಸಂಬಂಧಿಸಿದಂತೆ ಹೆಣದುಕೊಂಡಿರುವ ವಿಷಯಗಳು, ವಸ್ತುಗಳು, ವ್ಯಕ್ತಿಗಳು ಇಲ್ಲವೆ ಪರಿಕಲ್ಪನೆಗಳ ಸಮೂಹ/ಗುಂಪು",ನಿನ್ನ ಬಲೆಯಲ್ಲಿ ಯಾರು ಬೇಕಾದರು ಬಂದು ಬೀಳುತ್ತಾರೆ.,12880,34817,0,train,0.8661417322834646,0.8636363636363636,ok
v2_00368,ಒಳ್ಳೆಯ,adjective,ಅವನು ಒಳ್ಳೆಯ ಗುಣಮಟ್ಟದ ಹಿಂದಿಯನ್ನು ಮಾತನಾಡುತ್ತಾರೆ.,ಒಳ್ಳೆಯ ಕುರಿತು ಶ್ರೇಣಿಯ ಅಥವಾ ಶ್ರೇಣಿಗೆ ಸಂಬಂಧಿಸಿದ,37693,37693,1,train,0.8913043478260869,0.8888888888888888,ok
v2_00031,ಸಮಯ,noun,ಈ ವಾಕ್ಯದಲ್ಲಿ ಸಮಯ ಎಂಬ ಪದದ ಅರ್ಥ (ವ್ಯಾಕರಣದಲ್ಲಿ) ಕ್ರಿಯೆಯ ರೂಪದಿಂದ ಆಗುವ ಅಥವಾ ಮಾಡುವ ಸಮಯದ ಜ್ಞಾನವಾಗಿರುತ್ತದೆ,ಸಮಯ ಕುರಿತು ಸಮಯದ ಕಳೆಯುತಿದಂತೆ ಯಾರೋ ಒಬ್ಬರ ಜೀವನ ಕೂಡ ಬದಲಾಗುತ್ತಾ ಹೋಗುತ್ತದೆ,25495,27698,0,train,0.8469387755102041,0.8676470588235294,ok
v2_00321,ಶಕ್ತಿ,noun,ಈ ಕೆಲಸದ ನಂತರ ನಿಮ್ಮ ಶಕ್ತಿ ಎಷ್ಟಿದೆ ಎಂದು ತಿಳಿಯುತ್ತದೆ,"ಈ ವಾಕ್ಯದಲ್ಲಿ ಶಕ್ತಿ ಎಂಬ ಪದದ ಅರ್ಥ ಯಾವುದೇ ತತ್ವವು ಏನೇ ಕೆಲಸ ಮಾಡುವ, ಮಾಡಿಸುವ ಅಥವಾ ಕ್ರಿಯಾತ್ಮಕ ರೂಪದಲ್ಲಿ ನಮ್ಮ ಪ್ರಭಾವ ತೋರಿಸುವುದು",269,269,1,train,0.8571428571428571,0.8461538461538461,ok
v2_00279,ರಕ್ಷಿಸು,verb,ರಕ್ಷಿಸು ಕುರಿತು ಕಷ್ಟ ಅಥವಾ ಸಂಕಟದಿಂದ ಯಾರನ್ನಾದರೂ ಮುಕ್ತಗೊಳಿಸುವ ಪ್ರಕ್ರಿಯೆ,ಈ ವಾಕ್ಯದಲ್ಲಿ ರಕ್ಷಿಸು ಎಂಬ ಪದದ ಅರ್ಥ ಕಷ್ಟ ಅಥವಾ ಸಂಕಟದಿಂದ ಯಾರನ್ನಾದರೂ ಮುಕ್ತಗೊಳಿಸುವ ಪ್ರಕ್ರಿಯೆ,38319,38319,1,train,0.8955223880597015,0.872093023255814,ok
v2_00584,ಒಳ್ಳೆಯ,adjective,ಉಚಿತವಾದ ಕೆಲಸಗಳನ್ನು ಇಂದೇ ಮಾಡುವುದು ಒಳ್ಳೆಯದು.,ಒಳ್ಳೆಯ ಕುರಿತು ಬೇರೆಯ ದಿನ ಸಂಭವಿಸುವ,18101,18101,1,test,0.8809523809523809,0.875,ok
v2_00311,ಸ್ಥಿರವಾದಂತ,adjective,ಸ್ಥಿರವಾದಂತ ಕುರಿತು ಚಂಚಲವಾಗದ ವ್ಯಕ್ತಿ,"ಈ ವಾಕ್ಯದಲ್ಲಿ ಸ್ಥಿರವಾದಂತ ಎಂಬ ಪದದ ಅರ್ಥ ಹರಿಯುವಿಕೆ, ಸಾಗುವಿಕೆ ಇಲ್ಲದ ಸ್ಥಗಿತ ಸ್ಥಿತಿ",2420,447,0,train,0.9117647058823529,0.8552631578947368,ok
v2_00335,ಆರಿಸು,verb,ಮಲೀಕರು ಕೆಲಸದವರ ಹತ್ತಿರ ಕಾಳುಗಳನ್ನು ಆರಿಸುವ ಕೆಲಸ ಮಾಡಿಸುತ್ತಿದ್ದಾರೆ.,ಆರಿಸು ಕುರಿತು ಹಸಿವು ಇತ್ಯಾದಿಗಳು ಶಾಂತವಾಗುವ ಪ್ರಕ್ರಿಯೆ,12055,14103,0,train,0.8870967741935484,0.8979591836734694,ok
v2_00082,ಹಾನಿ,noun,"ಹಾನಿ ಎಂದರೆ ಹಲವುವೇಳೆ ಒಂದು ಭೌತಿಕ ವಸ್ತುವಿನಲ್ಲಾಗುವ ಯಾವುದೇ ಬದಲಾವಣೆ, ಮತ್ತು ಇದು ಅದರ ಮೊದಲಿನ ಸ್ಥಿತಿಗಿಂತ ಕೀಳಾಗುವಂತೆ ಮಾಡುತ್ತದೆ","ಭೌತಿಕ ವಸ್ತುಗಳ ಹಾನಿಯೆಂದರೆ ""ಅವು ಮುರಿಯುವುದಕ್ಕೆ ಕಾರಣವಾಗುವ ಕ್ರಮವಾಗಿ ಹೆಚ್ಚಾಗುವ ಭೌತಿಕ ಪ್ರಕ್ರಿಯೆ"", ಮತ್ತು ಗೋಚರವಾಗದಿದ್ದರೂ, ರಚನೆಯನ್ನು ದುರ್ಬಲವಾಗಿಸುವ ಯಾಂತ್ರಿಕ ಒತ್ತಡವನ್ನು ಒಳಗೊಳ್ಳುತ್ತದೆ",10040,11534,0,train,0.8695652173913043,0.8823529411764706,ok
v2_00258,ಹಾನಿ,noun,"ಹಾನಿ ಕುರಿತು ಯಾವುದಾದರು ವಸ್ತು, ಪರಿಸ್ಥಿತಿ ಮೊದಲಾದವುಗಳ ಹಿಡಿತ ಅಥವಾ ಹೊಡೆತಕ್ಕೆ ಸಿಕ್ಕಿಕೊಳುವ ಕ್ರಿಯೆ","ಭೌತಿಕ ವಸ್ತುಗಳ ಹಾನಿಯೆಂದರೆ ""ಅವು ಮುರಿಯುವುದಕ್ಕೆ ಕಾರಣವಾಗುವ ಕ್ರಮವಾಗಿ ಹೆಚ್ಚಾಗುವ ಭೌತಿಕ ಪ್ರಕ್ರಿಯೆ"", ಮತ್ತು ಗೋಚರವಾಗದಿದ್ದರೂ, ರಚನೆಯನ್ನು ದುರ್ಬಲವಾಗಿಸುವ ಯಾಂತ್ರಿಕ ಒತ್ತಡವನ್ನು ಒಳಗೊಳ್ಳುತ್ತದೆ",11534,11534,1,train,0.8764044943820225,0.8823529411764706,ok
v2_00134,ದುಃಖ,noun,ಈ ವಾಕ್ಯದಲ್ಲಿ ದುಃಖ ಎಂಬ ಪದದ ಅರ್ಥ ಬೇಸರ ಪಡುವ ಅಥವಾ ಯಾವುದೇ ಕೆಲಸದಲ್ಲಿ ಮನಸ್ಸು ಮಾಡದೆ ಇರುವ ಅವಸ್ಥೆ ಅಥವಾ ಭಾವನೆ,ಇದರಿಂದ ದುಃಖಕ್ಕೆ ಮಹತ್ವದ ಅದರ ವಿಶಿಷ್ಟ ಅರ್ಥವನ್ನು ಕೊಡುತ್ತದೆ,2174,2174,1,train,0.8367346938775511,0.8888888888888888,ok
v2_00212,ಸಮೂಹ,noun,"ಸಮೂಹ ಕುರಿತು ಪ್ರಾಚೀನ ಕಾಲದ ವಿದ್ವಾಂಸರುಗಳ, ಬ್ರಾಹ್ಮಣರುಗಳ ಸಭೆ ಇದನ್ನು ರಾಜ ಯಾವುದಾದರು ವಿಷಯದ ಬಗ್ಗೆ ತೀರ್ಮಾನವನ್ನು ತೆಗೆದು ಕೊಳ್ಳುವುದಕ್ಕೆ ಅಥವಾ ಚರ್ಚೆ ಮಾಡುವುದಕ್ಕೆ ಕರೆಯುತ್ತಿದ್ದನು",ಸಮೂಹ ಕುರಿತು ಯಾರದ್ದಾದರೂ ಪುತ್ರಿ ಅಥವಾ ಪುತ್ರ,13289,3645,0,train,0.88125,0.875,ok
v2_00479,ದುಃಖ,noun,ದುಃಖ ಕುರಿತು ಸಂಕಟ ಅಥವಾ ಅಪ್ಪತ್ತಿನ ಸಮಯ,"ದುಃಖ ಒಂದು ಭಾವನೆ, ಅನಿಸಿಕೆ, ಅಥವಾ ಚಿತ್ತವೃತ್ತಿ",10045,10045,1,validation,0.8571428571428571,0.8333333333333334,ok
v2_00045,ದುಃಖ,noun,ದುಃಖ ಕುರಿತು ಬೇಸರ ಪಡುವ ಅಥವಾ ಯಾವುದೇ ಕೆಲಸದಲ್ಲಿ ಮನಸ್ಸು ಮಾಡದೆ ಇರುವ ಅವಸ್ಥೆ ಅಥವಾ ಭಾವನೆ,ಈ ವಾಕ್ಯದಲ್ಲಿ ದುಃಖ ಎಂಬ ಪದದ ಅರ್ಥ ಬೇಸರ ಪಡುವ ಅಥವಾ ಯಾವುದೇ ಕೆಲಸದಲ್ಲಿ ಮನಸ್ಸು ಮಾಡದೆ ಇರುವ ಅವಸ್ಥೆ ಅಥವಾ ಭಾವನೆ,2174,2174,1,train,0.8481012658227848,0.8367346938775511,ok
v2_00221,ಹೇಳು,verb,ಈ ವಾಕ್ಯದಲ್ಲಿ ಹೇಳು ಎಂಬ ಪದದ ಅರ್ಥ ಕರೆಯುವ ಪ್ರಕ್ರಿಯೆ,ಅಜ್ಜಿಯು ರಾತ್ರಿ ನಮಗೆಲ್ಲಾ ಕಥೆಯನ್ನು ಹೇಳುತ್ತಾಳೆ.,10933,11482,0,train,0.851063829787234,0.8863636363636364,ok
v2_00412,ಗಂಟು,noun,"ಈ ವಾಕ್ಯದಲ್ಲಿ ಗಂಟು ಎಂಬ ಪದದ ಅರ್ಥ ಬಟ್ಟೆ, ದಾರ ಮುಂತಾದವುಗಳು ಒಂದರೊಳಗೊಂದು ಬೆರೆತು ಬಿಡಿಸಲು ಕಷ್ಟವಾಗುವಷ್ಟು ಗಟ್ಟಿಯಾಗುವ ಹೆಣಿಗೆ",ಈ ವಾಕ್ಯದಲ್ಲಿ ಗಂಟು ಎಂಬ ಪದದ ಅರ್ಥ ಶರೀರ ಭಾಗಗಳ ನಡುವಿನ ಸಂಧಿ ಅಥವಾ ಜೋಡಣೆಯಿಂದ ಬಗ್ಗಿಸುತ್ತದೆ ಅಥವಾ ಹೊರಳುವುದು,2050,5004,0,train,0.8660714285714286,0.8541666666666666,ok
v2_00109,ಹೊಡೆ,verb,ಹೊಡೆ ಕುರಿತು ಯಾವುದಾದರು ವಸ್ತುವನ್ನು ಉಪಯೋಗಿಸಿ ಕೆಡಹುದು ಅಥವಾ ಹೊಡೆಯವ ಪ್ರಕ್ರಿಯೆ (ವಿಶೇಷವಾಗಿ ಆಟದಲ್ಲಿ),ಈ ವಾಕ್ಯದಲ್ಲಿ ಹೊಡೆ ಎಂಬ ಪದದ ಅರ್ಥ ಯಾವುದಾದರು ವಸ್ತುವನ್ನು ಉಪಯೋಗಿಸಿ ಕೆಡಹುದು ಅಥವಾ ಹೊಡೆಯವ ಪ್ರಕ್ರಿಯೆ (ವಿಶೇಷವಾಗಿ ಆಟದಲ್ಲಿ),12499,12499,1,train,0.8681318681318682,0.8545454545454545,ok
v2_00554,ಜಗಳ,noun,ಈ ವಾಕ್ಯದಲ್ಲಿ ಜಗಳ ಎಂಬ ಪದದ ಅರ್ಥ ಮಾತಿನ ಚಕಮಕಿಯ ಮೂಲಕ ನಡೆಯುವ ದ್ವಂದ್ವ ಅಥವಾ ವಾದ ವಿವಾದ,ಜಗಳ ಕುರಿತು ವ್ಯರ್ಥವಾದ ಚರ್ಚೆ ಅಥವಾ ವ್ಯರ್ಥವಾದ ತರ್ಕ,2838,8433,0,test,0.8311688311688312,0.8695652173913043,ok
v2_00133,ಮುರಿ,verb,ಈ ವಾಕ್ಯದಲ್ಲಿ ಮುರಿ ಎಂಬ ಪದದ ಅರ್ಥ ಅಸ್ತಿತ್ವದಲ್ಲಿ ಇಲ್ಲದಿರುವ ಅಥವಾ ಮುರಿದು ಹೋಗಿರುವ ಪ್ರಕ್ರಿಯೆ,ಮನೆಯ ಯಜಮಾನಿಯು ಇಂದು ಗಾಜಿನ ಲೋಟವನ್ನು ಮುರಿದು ಹಾಕಿದಳು.,12522,35383,0,train,0.8690476190476191,0.8571428571428571,ok
v2_00558,ಮುರಿ,verb,ಜೇನು ಗೂಡು ಮುರಿದ ಕಾರಣ ಅವು ಜನರನ್ನು ಕಚ್ಚತೊಡಗಿತು.,ಮುರಿ ಕುರಿತು ಹಿಂಡು ಹಿಂಡಾಗಿ ಬರುವ ಪ್ರಕ್ರಿಯೆ,10863,10863,1,test,0.8444444444444444,0.875,ok
v2_00497,ಆಗು,verb,"ಆಗು ಕುರಿತು ಯಾವುದೇ ಪದವಿ, ಸ್ಥಾನ ಮುಂತಾದವುಗಳ ವರೆಗೂ ತಲುಪುವ ಪ್ರಕ್ರಿಯೆ","ಈ ವಾಕ್ಯದಲ್ಲಿ ಆಗು ಎಂಬ ಪದದ ಅರ್ಥ ಯಾವುದೇ ಪದವಿ, ಸ್ಥಾನ ಮುಂತಾದವುಗಳ ವರೆಗೂ ತಲುಪುವ ಪ್ರಕ್ರಿಯೆ",11877,11877,1,validation,0.8571428571428571,0.8414634146341463,ok
v2_00066,ಸಮಯ,noun,ಈ ವಾಕ್ಯದಲ್ಲಿ ಸಮಯ ಎಂಬ ಪದದ ಅರ್ಥ ಊಟವನ್ನು ಮಾಡುವುದಕ್ಕಾಗಿ ನಿಶ್ಚಿತವಾದ ಸಮಯ,ಸಮಯ ಕುರಿತು ಸಂಸ್ಕೃತಿಯ ಇತಿಹಾಸದಲ್ಲಿ ಆ ಕಾಲಮಾನದ ಸಮಯ ಮತ್ತು ಅವಸ್ಥೆ ಮೊದಲಾದ ದೃಷ್ಟಿಯಿಂದ ನಮ್ಮ ಒಂದು ಪರಿಭಾಷೆ ಅಥವಾ ಮಹತ್ವಪೂರ್ಣ ಸ್ಥಾನವನ್ನು ಇಡಲಾಗುತ್ತದೆ,13353,28346,0,train,0.8636363636363636,0.8731343283582089,ok
v2_00339,ಮಾಡು,verb,ಮಾಡು ಕುರಿತು ಅತುರ ಆತುರವಾಗಿ ಮಾಡುವ ಪ್ರಕ್ರಿಯೆ,ಈ ವಾಕ್ಯದಲ್ಲಿ ಮಾಡು ಎಂಬ ಪದದ ಅರ್ಥ ಅತುರ ಆತುರವಾಗಿ ಮಾಡುವ ಪ್ರಕ್ರಿಯೆ,11967,11967,1,train,0.8780487804878049,0.85,ok
v2_00050,ಒಳ್ಳೆಯ,adjective,ಒಳ್ಳೆಯ ಕುರಿತು ಯಾವುದು ಒಳ್ಳೆಯ ಪ್ರರಿಣಾಮದ ರೂಪದಲ್ಲಿರುವುದೋ,ಈ ವಾಕ್ಯದಲ್ಲಿ ಒಳ್ಳೆಯ ಎಂಬ ಪದದ ಅರ್ಥ ಯಾವುದು ಒಳ್ಳೆಯ ಪ್ರರಿಣಾಮದ ರೂಪದಲ್ಲಿರುವುದೋ,28106,28106,1,train,0.9038461538461539,0.8732394366197183,ok
v2_00079,ತೆಗೆ,verb,ಅಮ್ಮನ ನಾಲ್ಕು ಸೀರೆಗಳಲ್ಲಿ ಶೀಲ ಒಂದು ಆರಿಸಿ ತೆಗೆದುಕೊಂಡಳು.,ಈ ವಾಕ್ಯದಲ್ಲಿ ತೆಗೆ ಎಂಬ ಪದದ ಅರ್ಥ ಯಾವುದಾದರೂ ವಸ್ತುವಿನ ಮೇಲೆ ಇರುವ ಧೂಳು ಅಥವಾ ಕೊಳೆ ತೆಗೆಯುವುದು,12023,5596,0,train,0.8653846153846154,0.8470588235294118,ok
v2_00628,ಓಡಿಸು,verb,ನಾಯಿ ಬೆಕ್ಕನ್ನು ಓಡಿಸುತ್ತಿದೆ.,ಓಡಿಸು ಕುರಿತು ಇನ್ನೊಬ್ಬರನ್ನು ಓಡಿಸುವ ಪ್ರವೃತ್ತಿ ಮಾಡುವುದು,9172,9172,1,test,0.8888888888888888,0.9038461538461539,ok
v2_00040,ದುಃಖ,noun,ದುಃಖದಲ್ಲಿ ಇರುವಾಗಲೆ ದೇವರ ನೆನಪಾಗುವುದು,"ಅದೇ ಸಮಯದಲ್ಲಿ ""ದುಃಖ — ಆದರೆ ಅಸಂತೋಷವಲ್ಲ — ತೊರೆತದ ಒಂದು ಹಂತವನ್ನು ಸೂಚಿಸುತ್ತದೆ",1403,1403,1,train,0.9142857142857143,0.8169014084507042,ok
v2_00219,ವರ್ಗ,noun,ಈ ಕಾರ್ಯಾಲಯದ ಇಬ್ಬರು ಕರ್ಮಚಾರಿಗಳಿಗೆ/ಕೆಲಸಗಾರರಿಗೆ ವರ್ಗಾವಣೆಯಾಗಿದೆ.,ಈ ವಾಕ್ಯದಲ್ಲಿ ವರ್ಗ ಎಂಬ ಪದದ ಅರ್ಥ ಅಧಿಕಾರಿ ಅಥವಾ ಕಾರ್ಯಕರ್ತರ ಒಂದು ಸ್ಥಾನ ಅಥವಾ ವಿಭಾಗದಿಂದ ಬೇರೆ ಸ್ಥಾನ ಅಥವಾ ವಿಭಾಗಕ್ಕೆ ವರ್ಗ ಮಾಡುವ ಕಳುಹಿಸುವ ಕ್ರಿಯೆ,8463,8463,1,train,0.9,0.849624060150376,ok
v2_00275,ತೆಗೆ,verb,ಈ ವಾಕ್ಯದಲ್ಲಿ ತೆಗೆ ಎಂಬ ಪದದ ಅರ್ಥ ಹೊಸ ಮಳಿಗೆ ಅಥವಾ ಅಂಗಡಿಗಳನ್ನು ತೆರೆಯುವ ಪ್ರಕ್ರಿಯೆ,ಈ ವಾಕ್ಯದಲ್ಲಿ ತೆಗೆ ಎಂಬ ಪದದ ಅರ್ಥ ಯಾವುದಾದರೂ ವಸ್ತುವಿನ ಮೇಲೆ ಇರುವ ಧೂಳು ಅಥವಾ ಕೊಳೆ ತೆಗೆಯುವುದು,12234,5596,0,train,0.8533333333333334,0.8470588235294118,ok
v2_00007,ಗಂಟು,noun,"ಈ ವಾಕ್ಯದಲ್ಲಿ ಗಂಟು ಎಂಬ ಪದದ ಅರ್ಥ ದ್ವಿದಳ ಧಾನ್ಯಗಳಂಥ ಲೆಗ್ಯು ಮಿನೀಸೀ ವಂಶದ ಸಸ್ಯಗಳ ಬೇರುಗಳ ಮೇಲೆ ಕಂಡುಬರುವ, ಬ್ಯಾಕ್ಟೀರಿಯಾಗಳನ್ನೊಳಗೊಂಡ ಗಂಟು",ಮೊದಲನೆಯ ಸಾಮರ್ಥ್ಯದ ಗಂಟು ದಿನಬಳಕೆ ಉಪಯೋಗದಲ್ಲಿರುವಂಥದು,13131,13131,1,train,0.8629032258064516,0.9166666666666666,ok
v2_00528,ತೆಗೆ,verb,ತೆಗೆ ಕುರಿತು ಆರಿಸಿ ತೆಗೆದುಕೊಳ್ಳುವ ಪ್ರಕ್ರಿಯೆ,ಈ ವಾಕ್ಯದಲ್ಲಿ ತೆಗೆ ಎಂಬ ಪದದ ಅರ್ಥ ಛಾತಾಚಿತ್ರ ಮುಂತಾದವುಗಳನ್ನು ತೆಗೆದು ಮಾಡುವ ಪ್ರಕ್ರಿಯೆ,12023,36481,0,validation,0.9024390243902439,0.8717948717948718,ok
v2_00087,ಒಣಗಿದ,adjective,ಒಣಗಿದ ಕುರಿತು ಚಳಿಗಾಳದಲ್ಲಿ ಮರದ ಎಲೆಗಳೆಲ್ಲಾ ಉದುರಿ ಹೋಗುತ್ತದೆ,ಈ ವಾಕ್ಯದಲ್ಲಿ ಒಣಗಿದ ಎಂಬ ಪದದ ಅರ್ಥ ಚಳಿಗಾಳದಲ್ಲಿ ಮರದ ಎಲೆಗಳೆಲ್ಲಾ ಉದುರಿ ಹೋಗುತ್ತದೆ,12848,12848,1,train,0.8909090909090909,0.8648648648648649,ok
v2_00370,ಜಗಳ,noun,ಜಗಳ ಕುರಿತು ಹೊಡೆದು ಬಡಿದು ಮಾಡುವ ಕ್ರಿಯೆ ಅಥವಾ ಭಾವನೆ,"ಜಗಳ ಕುರಿತು ವ್ಯಕ್ತಿ, ಅವನ ಕ್ರಿಯೆಗಳು, ಮೊದಲಾವುಗಳ ವಿರುದ್ಧ ಮಾಡುವ ಆಪಾದನೆಗೆ ಕಾರಣವಾಗುವ ಸಂದರ್ಭ, ವಿಷಯ",11043,4195,0,train,0.851063829787234,0.8444444444444444,ok
v2_00637,ಕಟ್ಟು,noun,ಮನೆ ಕಟ್ಟುವ ಕೆಲಸ ಪ್ರಾರಂಭವಾಗಿದೆ.,ಈ ವಾಕ್ಯದಲ್ಲಿ ಕಟ್ಟು ಎಂಬ ಪದದ ಅರ್ಥ ಕಟ್ಟುವ ಕೆಲಸ,23565,23565,1,test,0.8666666666666667,0.8372093023255814,ok
v2_00261,ಜ್ಞಾನ,noun,ಜ್ಞಾನ ಕುರಿತು ಬುದ್ಧಿ/ಜ್ಞಾನವನ್ನು ನೀಡುವ ವೃತ್ತಿ ಅಥವಾ ಶಕ್ತಿ,ಈ ವಾಕ್ಯದಲ್ಲಿ ಜ್ಞಾನ ಎಂಬ ಪದದ ಅರ್ಥ ಬುದ್ಧಿ/ಜ್ಞಾನವನ್ನು ನೀಡುವ ವೃತ್ತಿ ಅಥವಾ ಶಕ್ತಿ,3382,3382,1,train,0.8703703703703703,0.8493150684931506,ok
v2_00305,ತೆಗೆ,verb,ಅಮ್ಮನ ನಾಲ್ಕು ಸೀರೆಗಳಲ್ಲಿ ಶೀಲ ಒಂದು ಆರಿಸಿ ತೆಗೆದುಕೊಂಡಳು.,ತೆಗೆ ಕುರಿತು ಆರಿಸಿ ತೆಗೆದುಕೊಳ್ಳುವ ಪ್ರಕ್ರಿಯೆ,12023,12023,1,train,0.8653846153846154,0.9024390243902439,ok
v2_00415,ಸಮೂಹ,noun,"ಸಮೂಹ ಕುರಿತು ಪ್ರಾಚೀನ ಕಾಲದ ವಿದ್ವಾಂಸರುಗಳ, ಬ್ರಾಹ್ಮಣರುಗಳ ಸಭೆ ಇದನ್ನು ರಾಜ ಯಾವುದಾದರು ವಿಷಯದ ಬಗ್ಗೆ ತೀರ್ಮಾನವನ್ನು ತೆಗೆದು ಕೊಳ್ಳುವುದಕ್ಕೆ ಅಥವಾ ಚರ್ಚೆ ಮಾಡುವುದಕ್ಕೆ ಕರೆಯುತ್ತಿದ್ದನು",ಈ ವಾಕ್ಯದಲ್ಲಿ ಸಮೂಹ ಎಂಬ ಪದದ ಅರ್ಥ ದಟ್ಟಣೆ ಅಥವಾ ಗುಂಪು ಚಲಿಸುತ್ತಿದೆ ಅಥವಾ ಎಲ್ಲಿಗೋ ಹೋಗುತ್ತಿದೆ ಅಥವಾ ಬರುತ್ತಿದೆ,13289,28444,0,train,0.88125,0.8585858585858586,ok
v2_00578,ಹರಡು,verb,ಹರಡು ಕುರಿತು ಯಾವುದಾದರು ವಸ್ತುವಿನ ನಿರ್ಮಾಣಕ್ಕಾಗಿ ಅದರಲ್ಲಿ ಅಳವಡಿಸುವ ವಸ್ತುಗಳನ್ನು ವ್ಯವಸ್ಥಿತವಾಗಿ ಇಡುವಂತಹ ಅಥವಾ ನಿರ್ಮಾಣವಾಗುವಂತಹ,ಈ ವಾಕ್ಯದಲ್ಲಿ ಹರಡು ಎಂಬ ಪದದ ಅರ್ಥ ನಾಲ್ಕು ಕಡೆಯೂ ಹರಡುವುದು,35836,5345,0,test,0.9051724137931034,0.8461538461538461,ok
v2_00260,ಹಾನಿ,noun,"ಹಾನಿ ಕುರಿತು ಯಾವುದಾದರು ವಸ್ತು, ಪರಿಸ್ಥಿತಿ ಮೊದಲಾದವುಗಳ ಹಿಡಿತ ಅಥವಾ ಹೊಡೆತಕ್ಕೆ ಸಿಕ್ಕಿಕೊಳುವ ಕ್ರಿಯೆ",ಹಾನಿ ಕುರಿತು ಹಾನಿ ಅಥವಾ ವಿನಾಶ ಉಂಟಾಗುವ ಅವಸ್ಥೆ ಅಥವಾ ಭಾವ,11534,37772,0,train,0.8764044943820225,0.8431372549019608,ok
v2_00595,ಹಾಳು_ಮಾಡು,verb,ಹಾಳು_ಮಾಡು ಕುರಿತು ಬಟ್ಟೆಯನ್ನು ಹೊಲಿಯುವ ಸಮಯದಲ್ಲಿ ಅದನ್ನು ಸರಿಯಾಗಿ ಹೊಲಿಯದೆ ಕೆಡಿಸುವ ಪ್ರಕ್ರಿಯೆ,ಈ ವಾಕ್ಯದಲ್ಲಿ ಹಾಳು_ಮಾಡು ಎಂಬ ಪದದ ಅರ್ಥ ಬಟ್ಟೆಯನ್ನು ಹೊಲಿಯುವ ಸಮಯದಲ್ಲಿ ಅದನ್ನು ಸರಿಯಾಗಿ ಹೊಲಿಯದೆ ಕೆಡಿಸುವ ಪ್ರಕ್ರಿಯೆ,15073,15073,1,test,0.8823529411764706,0.8653846153846154,ok
v2_00146,ಕಠಿಣವಾದ,adjective,ಈ ಕಠಿಣವಾದ ಪ್ರಶ್ನೆಯ ಉತ್ತರವನ್ನು ಪ್ರಶ್ನೆಯನ್ನು ತಯಾರು ಮಾಡಿದವರ ಹತ್ತಿರವೇ ಕೇಳುವುದು ಉಚಿತ.,ಕಠಿಣವಾದ ಕುರಿತು ಯಾವುದು ಬಹು ಬೇಗನೆ ಅರ್ಥಮಾಡಿಕೊಳ್ಳಲು ಸಾಧ್ಯವಿಲ್ಲವೋ,23070,23070,1,train,0.875,0.9,ok
v2_00299,ಕಠಿಣವಾದ,adjective,ಈ ವಾಕ್ಯದಲ್ಲಿ ಕಠಿಣವಾದ ಎಂಬ ಪದದ ಅರ್ಥ ಯಾವುದೋ ಒಂದು ಪೂರ್ಣವಾಗಿ ಅಥವಾ ಸುಲಭವಾಗಿ ಅರ್ಥವಾಗುವುದಿಲ್ಲವೋ,ಕಠಿಣವಾದ ಕುರಿತು ಯಾವುದನ್ನು ಪೂರ್ಣ ಮಾಡುವುದು ಕಠಿಣವೋ,16286,22109,0,train,0.8735632183908046,0.8913043478260869,ok
v2_00042,ಮಾಡು,verb,ನೀವು ಒಂದು ದೊಡ್ಡ ತಪ್ಪನ್ನೇ ಮಾಡುತ್ತಿದ್ದೀರ.,ಈ ವಾಕ್ಯದಲ್ಲಿ ಮಾಡು ಎಂಬ ಪದದ ಅರ್ಥ ಹುದುಗು ಬರುವಂತೆ ಮಾಡುವ ಪ್ರಕ್ರಿಯೆ,27521,27599,0,train,0.8717948717948718,0.8524590163934426,ok
v2_00200,ಮುಚ್ಚು,verb,ಚಿಕ್ಕ ಮಕ್ಕಳು ಕಣ್ಣು ಮುಚ್ಚು ಆಡುವುದನ್ನು ನೋಡಿದರೆ ಆನಂದವಾಗುತ್ತದೆ.,ಮುಚ್ಚು ಕುರಿತು (ಕಣ್ಣುಗಳು) ಮುಚ್ಚು,9803,9803,1,train,0.8813559322033898,0.8387096774193549,ok
v2_00362,ತೆಗೆ,verb,ನೀವು ಈ ಸಂಖ್ಯೆಗಳ ಸರಾಸರಿಯನ್ನು ಹೊರತೆಗೆಯಿರಿ.,ತೆಗೆ ಕುರಿತು ಯಾವುದಾದರು ಪ್ರಮಾಣ ಮೊದಲಾದವುಗಳನ್ನು ಪಡೆಯುವುದಕ್ಕಾಗಿ ಗಣನೆಯನ್ನು ಮಾಡುವುದು,35420,35420,1,train,0.875,0.9090909090909091,ok
v2_00057,ಹರಡು,verb,ಹರಡು ಕುರಿತು ಅಲ್ಲಿ-ಇಲ್ಲಿ ಎರಚುವುದು,ಈ ವಾಕ್ಯದಲ್ಲಿ ಹರಡು ಎಂಬ ಪದದ ಅರ್ಥ ಅಲ್ಲಿ-ಇಲ್ಲಿ ಎರಚುವುದು,5349,5349,1,train,0.875,0.8431372549019608,ok
v2_00639,ತೆಗೆ,verb,ಮಗು ಸ್ನಾನ ಮಾಡುವುದಕ್ಕಾಗಿ ತನ್ನ ಬಟ್ಟೆಯನ್ನು ತೆಗೆಯಿತು.,ನಿಮ್ಮ ಛಾಯಾಚಿತ್ರ ತೆಗೆದಾಯಿತು.,11317,36481,0,test,0.8775510204081632,0.8888888888888888,ok
v2_00236,ದಂಡ,noun,"ಈ ವಾಕ್ಯದಲ್ಲಿ ದಂಡ ಎಂಬ ಪದದ ಅರ್ಥ ಚಿನ್ನ ಅಥವಾ ಬೆಳ್ಳಿಯ ತಗಡು ಹೊದಿಸಿ ಮಾಡಿದ ದಂಡ ಅದನ್ನು ರಾಜ-ಮಹಾರಾಜರು ಅಥವಾ ಮದುವೆ ಅಥವಾ ಮೆರವಣಿಗೆಯ ಸಂದರ್ಭಗಳಲ್ಲಿ ವೇತ್ರಧಾರಿ, ದ್ವಾರಪಾಲಕನು ಹಿಡಿದು ಮುಂದೆ ಸಾಗುತ್ತಾನೆ",ಈ ವಾಕ್ಯದಲ್ಲಿ ದಂಡ ಎಂಬ ಪದದ ಅರ್ಥ ಮರ ಮುಂತಾದವುಗಳಿಂದ ಮಾಡಿರುವ ಒಂದು ಪ್ರಕಾರದ ವಸ್ತುವನ್ನು ಯೋಗಿಗಳು ಕೈಯನ್ನು ಹಿಡಿಯಲು ಬಳಸುತ್ತಿದ್ದರು,3580,4247,0,train,0.8522727272727273,0.8706896551724138,ok
v2_00399,ಶಕ್ತಿ,noun,ಶಕ್ತಿ ಕುರಿತು ಯಾವುದೇ ಕೆಲಸ ಮಾಡಲು ಉಪಯೋಗವಾಗುವ ಬಲ,ಈ ವಾಕ್ಯದಲ್ಲಿ ಶಕ್ತಿ ಎಂಬ ಪದದ ಅರ್ಥ ಯಾವುದೇ ಕೆಲಸ ಮಾಡಲು ಉಪಯೋಗವಾಗುವ ಬಲ,3933,3933,1,train,0.8636363636363636,0.8412698412698413,ok
v2_00210,ಮುಚ್ಚು,verb,ಈ ವಾಕ್ಯದಲ್ಲಿ ಮುಚ್ಚು ಎಂಬ ಪದದ ಅರ್ಥ ಯಾವುದಾದರು ವಸ್ತು ಒಳಗಿನಿಂದ ಹೊರಗೆ ಅಥವಾ ಹೊರಗಿನಿಂದ ಒಳಗೆ ಹೋಗುವುದಕ್ಕೆ ಆಗದಂತೆ ಮಾಡುವಂತಹ ಕ್ರಿಯೆ,ಈ ವಾಕ್ಯದಲ್ಲಿ ಮುಚ್ಚು ಎಂಬ ಪದದ ಅರ್ಥ (ಕಣ್ಣುಗಳು) ಮುಚ್ಚು,35504,9803,0,train,0.864406779661017,0.82,ok
v2_00102,ಹೊಡೆ,verb,ರಮೇಶ ತಮಟೆಯನ್ನು ಹೊಡೆಯುತ್ತಿದ್ದಾನೆ.,ಈ ವಾಕ್ಯದಲ್ಲಿ ಹೊಡೆ ಎಂಬ ಪದದ ಅರ್ಥ ಪೂರ್ಣಗೊಳಿಸುವುದು ಅಥವಾ ಮಾಡುವುದು,16819,35499,0,train,0.90625,0.8666666666666667,ok
v2_00025,ಹರಡು,verb,ಹರಡು ಕುರಿತು ನಾಲ್ಕು ಕಡೆಯೂ ಹರಡುವುದು,ಈ ವಾಕ್ಯದಲ್ಲಿ ಹರಡು ಎಂಬ ಪದದ ಅರ್ಥ ನಾಲ್ಕು ಕಡೆಯೂ ಹರಡುವುದು,5345,5345,1,train,0.8787878787878788,0.8461538461538461,ok
v2_00550,ಮಾಡು,verb,ಮಾಡು ಕುರಿತು ವಾಸ ಸ್ಥಾನವನ್ನು ನಿರ್ಮಾಣ ಮಾಡು,ಈ ವಾಕ್ಯದಲ್ಲಿ ಮಾಡು ಎಂಬ ಪದದ ಅರ್ಥ ವಾಸ ಸ್ಥಾನವನ್ನು ನಿರ್ಮಾಣ ಮಾಡು,34299,34299,1,test,0.8717948717948718,0.8448275862068966,ok
v2_00204,ರಕ್ಷಿಸು,verb,ರಕ್ಷಿಸು ಕುರಿತು ಯಾವುದೋ ಒಂದು ವಸ್ತುವನ್ನು ಇಡುವ ಕ್ರಿಯೆ,ಈ ವಾಕ್ಯದಲ್ಲಿ ರಕ್ಷಿಸು ಎಂಬ ಪದದ ಅರ್ಥ ಯಾವುದೋ ಒಂದು ವಸ್ತುವನ್ನು ಇಡುವ ಕ್ರಿಯೆ,9192,9192,1,train,0.8775510204081632,0.8529411764705882,ok
v2_00178,ಓಡಿಸು,verb,ಓಡಿಸು ಕುರಿತು ಓಡಿಸುವ ಕೆಲಸವನ್ನು ಬೇರೆಯವರಿಂದ ಮಾಡಿಸುವ ಪ್ರಕ್ರಿಯೆ,ಓಡಿಸು ಕುರಿತು ಇನ್ನೊಬ್ಬರಿಗೆ ತ್ರಾಸಕೊಡುವ ಪ್ರವೃತ್ತಿ ಮಾಡುವುದು,20481,37431,0,train,0.896551724137931,0.9090909090909091,ok
v2_00083,ವರ್ಗ,noun,"ವರ್ಗ ಕುರಿತು ಯಾವುದೋ ಒಂದು ಆಕೃತಿಯ ಉದ್ದ, ಅಗಲ ಮತ್ತು ನಾಲ್ಕು ಕಡೆಯೂ ಒಂದೇ ಸಮವಾಗಿ ಇರುವ",ನಮ್ಮ ಸಮಾಜ ಹಲವಾರು ಸಣ್ಣ-ಪುಟ್ಟ ವರ್ಗದಿಂದ ರಚಿಲಾಗಿದೆ.,12491,8539,0,train,0.8289473684210527,0.851063829787234,ok
v2_00624,ಆರಿಸು,verb,ಆರಿಸು ಕುರಿತು ಯಾವುದಾದರು ವಸ್ತುವಿನ ತಾಪಮಾನ ಅಥವಾ ಬಿಸಿ ಕಡಿಮೆಯಾಗಿಸುವ ಕ್ರಿಯೆ,ಈ ವಾಕ್ಯದಲ್ಲಿ ಆರಿಸು ಎಂಬ ಪದದ ಅರ್ಥ ಯಾವುದಾದರು ವಸ್ತುವಿನ ತಾಪಮಾನ ಅಥವಾ ಬಿಸಿ ಕಡಿಮೆಯಾಗಿಸುವ ಕ್ರಿಯೆ,37421,37421,1,test,0.8823529411764706,0.8620689655172413,ok
v2_00622,ಒಣಗಿದ,adjective,ಒಣಗಿದ ಗಿಡಗಳಿಗೆ ನೀರನ್ನು ಹಾಕಿ.,ಈ ವಾಕ್ಯದಲ್ಲಿ ಒಣಗಿದ ಎಂಬ ಪದದ ಅರ್ಥ ಯಾವುದೋ ಒಂದರಲ್ಲಿ ಜೀವಂತವಾಗಿ ಇರಲು ಶಕ್ತಿ ಇಲ್ಲದಿರುವ,12849,8078,0,test,0.8571428571428571,0.8589743589743589,ok
v2_00078,ಸಮೂಹ,noun,"ಸಮೂಹ ಕುರಿತು ಶ್ರೀಮಂತಿಕೆ, ರಾಜ ಮೊದಲಾದವುಗಳ ಜೊತೆಯಲ್ಲಿ ಇರುವಂತಹ ಅಥವಾ ಹಿಂದೆ-ಮುಂದೆ ಹೋಗುವಂತಹ ಜನರು",ಈ ವಾಕ್ಯದಲ್ಲಿ ಸಮೂಹ ಎಂಬ ಪದದ ಅರ್ಥ ಯಾವುದಾದರು ಕಾರ್ಯ ಅಥವಾ ಉದ್ದೇಶದ ಸಿದ್ಧಿಗಾಗಿ ಕೂಡಿರುವ ಜನರ ಸಮೂಹ,35695,4077,0,train,0.8620689655172413,0.8505747126436781,ok
v2_00514,ತೆಗೆ,verb,ತೆಗೆ ಕುರಿತು ಬೆಂಕಿಯ ಮೇಲೆ ಪದಾರ್ಥಗಳನ್ನು ಬೇಯಿಸಿ ಸಿದ್ಧಪಡಿಸು,ಈ ವಾಕ್ಯದಲ್ಲಿ ತೆಗೆ ಎಂಬ ಪದದ ಅರ್ಥ ಛಾತಾಚಿತ್ರ ಮುಂತಾದವುಗಳನ್ನು ತೆಗೆದು ಮಾಡುವ ಪ್ರಕ್ರಿಯೆ,11318,36481,0,validation,0.8888888888888888,0.8717948717948718,ok
v2_00071,ಜ್ಞಾನ,noun,ಈ ವಾಕ್ಯದಲ್ಲಿ ಜ್ಞಾನ ಎಂಬ ಪದದ ಅರ್ಥ ಆ ಮಾತು ಮುಂತಾದವು ಯಾರನ್ನಾದರೂ ಯಾವುದಾದರು ವಿಷಯದ ಜ್ಞಾನ ಅಥವಾ ಪರಿಚಯವನ್ನು ಮಾಡುವುದಕ್ಕೋಸ್ಕರ ಮಾತನಾಡಲಾಗುತ್ತದೆ,ಜ್ಞಾನ ಕುರಿತು ಯಾವುದೇ ಕತೆ ಕಾದಂಬರಿ ಕಾವ್ಯ ಮುಂತಾದ ಬರಹಗಳು ಹೇಳುವ ತಮ್ಮ ಧ್ಯೇಯ ವಾಕ್ಯ,3649,3836,0,train,0.875,0.8513513513513513,ok
v2_00391,ಹರಡು,verb,ಈ ವಾಕ್ಯದಲ್ಲಿ ಹರಡು ಎಂಬ ಪದದ ಅರ್ಥ ಒಂದು ಸ್ಥಳದ ವಿಸ್ತಾರ ಎಲ್ಲಿಂದ ಎಲ್ಲಿಯವರೆಗೂ ಇದೆ ಎಂದು ಕಾಣುವ ಪ್ರಕ್ರಿಯೆ,ಈ ವಾಕ್ಯದಲ್ಲಿ ಹರಡು ಎಂಬ ಪದದ ಅರ್ಥ ಗಾಯಕ್ಕೆ ಉಪಚಾರ ಮಾಡದೆ ಅದು ವೃದ್ಧಿಯಾಗುವ ಹಾಗೆ ಮಾಡುವ ಪ್ರಕ್ರಿಯೆ,27832,38100,0,train,0.851063829787234,0.8505747126436781,ok
v2_00209,ಕಟ್ಟು,noun,ಕಟ್ಟು ಕುರಿತು ಒಂದು ಅಥವಾ ಅನೇಕ ಅಂಗಗಳ ಅಥವಾ ಉಪಾಂಗಗಳ ಯಾವುದೇ ನಿರ್ಮಿತವಾದ ವಸ್ತು ಅಥವಾ ರಚನೆ,ಈ ವಾಕ್ಯದಲ್ಲಿ ಕಟ್ಟು ಎಂಬ ಪದದ ಅರ್ಥ ಒಂದು ಅಥವಾ ಅನೇಕ ಅಂಗಗಳ ಅಥವಾ ಉಪಾಂಗಗಳ ಯಾವುದೇ ನಿರ್ಮಿತವಾದ ವಸ್ತು ಅಥವಾ ರಚನೆ,10847,10847,1,train,0.85,0.8383838383838383,ok
v2_00245,ದಂಡ,noun,ಈ ವಾಕ್ಯದಲ್ಲಿ ದಂಡ ಎಂಬ ಪದದ ಅರ್ಥ ದೊಡ್ಡ ಲಾಠಿ,"ದಂಡ ಅಥವಾ ಅರ್ಥದಂಡ ಒಂದು ಅಪರಾಧ ಅಥವಾ ಇತರ ಕಾನೂನುಬಾಹಿರಕಾರ್ಯಕ್ಕಾಗಿ ಒಂದು ನ್ಯಾಯಾಲಯ ಅಥವಾ ಇತರ ಪ್ರಾಧಿಕಾರವು ನಿರ್ಧರಿಸಿದ, ಶಿಕ್ಷೆಯಾಗಿ ಪಾವತಿಸಬೇಕಾದ ಹಣ",12946,12946,1,train,0.825,0.8712121212121212,ok
v2_00303,ತೆಗೆ,verb,ಅವನು ಜೇನಿನ ಗೂಡಿನಿಂದ ಜೇನನ್ನು ಹೊರತೆಗೆಯುತ್ತಿದ್ದಾನೆ.,ಈ ವಾಕ್ಯದಲ್ಲಿ ತೆಗೆ ಎಂಬ ಪದದ ಅರ್ಥ ಜೊತೆಯಾಗಿರುವಂತಹ ಅಥವಾ ಒಂದಾಗಿರುವಂತಹ ವಸ್ತುಗಳನ್ನು ಬೇರೆ ಮಾಡುವುದು,11484,11484,1,train,0.8958333333333334,0.8764044943820225,ok
v2_00061,ಸಮಯ,noun,ಸಮಯ ಕುರಿತು ಯಾವುದೇ ವಿಶೇಷ ಸಮಯ,ಸಮಯ ಕುರಿತು (ವ್ಯಾಕರಣದಲ್ಲಿ) ಕ್ರಿಯೆಯ ರೂಪದಿಂದ ಆಗುವ ಅಥವಾ ಮಾಡುವ ಸಮಯದ ಜ್ಞಾನವಾಗಿರುತ್ತದೆ,20521,25495,0,train,0.8518518518518519,0.8607594936708861,ok
v2_00132,ಗಂಟು,noun,ಗಾಳಿಪಟಕ್ಕೆ ಕಟ್ಟಿದ ದಾರ ಗಂಟು ಬಿದ್ದು ಬಿಡಿಸದ ಗುಂಡಾಗೊದೆ.,"ಈ ವಾಕ್ಯದಲ್ಲಿ ಗಂಟು ಎಂಬ ಪದದ ಅರ್ಥ ಪಾದದರಿಂದ ತಲೆಯವರೆಗೆ ಮತ್ತು ಕಣೆಗಾಲು/ಮೀನಕಂಡದ ಕೆಳಗೆ ಇರುವಂತಹ ಎಲಬುಗಳ ಗಂಟು, ಗ್ರಂಥಿ",2050,8899,0,train,0.8627450980392157,0.8476190476190476,ok
v2_00421,ಮುರಿ,verb,"ಈ ವಾಕ್ಯದಲ್ಲಿ ಮುರಿ ಎಂಬ ಪದದ ಅರ್ಥ ರೂಪಾಯಿ, ಪೈಸೆ ಮೊದಲಾದವುಗಳನ್ನು ಮುರಿಯುವುದು ಅಥವಾ ಚಿಲ್ಲರೆ ಮಾಡಿಸುವ ಪ್ರಕ್ರಿಯೆ","ಈ ವಾಕ್ಯದಲ್ಲಿ ಮುರಿ ಎಂಬ ಪದದ ಅರ್ಥ ರೂಪಾಯಿ, ನೋಟು ಇತ್ಯಾದಿಗಳನ್ನು ಸಣ್ಣ ನಾಣ್ಯ ರೂಗಾಗಲಿ ಪರಿವರ್ತಿಸುವ ಪ್ರಕ್ರಿಯೆ",12523,18273,0,train,0.86,0.8571428571428571,ok
v2_00327,ಬಲೆ,noun,"ಬಲೆ ಕುರಿತು ಫುಟ್ಬಾಲ್, ಹಾಕಿ ಮೊದಲಾದವುಗಳಲ್ಲಿ ಬಾಲ್ ಹೋಗಿ ಸೇರಬೇಕಾದ ಬಲೆಯಿಂದ ಕೂಡಿದ ಗುರಿ","ಈ ವಾಕ್ಯದಲ್ಲಿ ಬಲೆ ಎಂಬ ಪದದ ಅರ್ಥ ಫುಟ್ಬಾಲ್, ಹಾಕಿ ಮೊದಲಾದವುಗಳಲ್ಲಿ ಬಾಲ್ ಹೋಗಿ ಸೇರಬೇಕಾದ ಬಲೆಯಿಂದ ಕೂಡಿದ ಗುರಿ",27437,27437,1,train,0.8589743589743589,0.845360824742268,ok
v2_00594,ಜಗಳ,noun,ಬೆಳಗಿನ ಜಾವದಲ್ಲೇ ಅವಳು ಯಾರೊಂದಿಗೋ ಜಗಳ ತೆಗೆದಿದ್ದಳು.,ಈ ವಾಕ್ಯದಲ್ಲಿ ಜಗಳ ಎಂಬ ಪದದ ಅರ್ಥ ಮಾತಿನ ಚಕಮಕಿಯ ಮೂಲಕ ನಡೆಯುವ ದ್ವಂದ್ವ ಅಥವಾ ವಾದ ವಿವಾದ,2838,2838,1,test,0.8723404255319149,0.8311688311688312,ok
v2_00610,ಓಡಿಸು,verb,"ಓಡಿಸು ಕುರಿತು ಗಾಡಿ, ರಥ ಮೊದಲಾದವುಗಳನ್ನು ಓಡಿಸುವುದು","ಈ ವಾಕ್ಯದಲ್ಲಿ ಓಡಿಸು ಎಂಬ ಪದದ ಅರ್ಥ ಗಾಡಿ, ರಥ ಮೊದಲಾದವುಗಳನ್ನು ಓಡಿಸುವುದು",10295,10295,1,test,0.8695652173913043,0.8461538461538461,ok
v2_00519,ಹೊಡೆ,verb,ದೇವಾಲಯದಲ್ಲಿ ಘಂಟೆ ಹೊಡೆಯುತ್ತಿದ್ದಾರೆ.,ಹೊಡೆ ಕುರಿತು ವಾದ್ಯಗಳನ್ನು ಬಾರಿಸಿದಾಗ ಅದರಿಂದ ಹೊರಬರುವ ಧ್ವನಿ,9582,9582,1,validation,0.9117647058823529,0.8888888888888888,ok
v2_00205,ಮುಚ್ಚು,verb,ಮುಚ್ಚು ಕುರಿತು ಹೊದಿಸುವ ಕೆಲಸವನ್ನು ಇನ್ನೊಬ್ಬರಿಂದ ಮಾಡಿಸು,ಮುಚ್ಚು ಕುರಿತು ಕಣ್ಣು ತಪ್ಪಿಸು ಅಥವಾ ಇನ್ನೊಬ್ಬರ ದೃಷ್ಟಿಯಿಂದ ತಪ್ಪಿಸುವುದು,10276,5275,0,train,0.9019607843137255,0.8923076923076924,ok
v2_00300,ಒಣಗಿದ,adjective,ಕೆಲವು ಜನರು ಒಣಗಿದ ಪುಷ್ಪಗಳನ್ನು ದೇವರಿಗೆ ಅರ್ಪಿಸುವುದಿಲ್ಲ.,ಈ ವಾಕ್ಯದಲ್ಲಿ ಒಣಗಿದ ಎಂಬ ಪದದ ಅರ್ಥ ಯಾವುದು ಒಣಗಿ ಹೋಗಿದೆಯೋ,32769,32769,1,train,0.8846153846153846,0.8461538461538461,ok
v2_00589,ದುಃಖ,noun,ದುಃಖ ಅನಿಸದಿರುವುದು ನಮ್ಮ ಜೀವನಗಳಲ್ಲಿ ಭಯವನ್ನು ಬರಮಾಡಿಕೊಡುತ್ತದೆ,ದುಃಖ ಕುರಿತು ಯಾವುದಾದರು ಅನಿಷ್ಟಕರವಾದ ಘಟನೆಯಲ್ಲಿ ಉತ್ಪತ್ತಿಯಾಗುವ ಸ್ಥಿತಿ ಅದರಿಂದ ದೊಡ್ಡದಾದಂತಹ ಹಾನಿಯುಂಟಾಗುತ್ತದೆ,2967,3656,0,test,0.9122807017543859,0.91,ok
v2_00431,ಆಗು,verb,ಮನೋಜ್ ಅವರು ಸಂಬಂಧದಲ್ಲಿ ನನಗೆ ಚಿಕ್ಕಪ್ಪ ಆಗುತ್ತಾರೆ.,ಆಗು ಕುರಿತು ರೂಪವನ್ನು ನೀಡುವುದು,11582,7132,0,train,0.8695652173913043,0.8928571428571429,ok
v2_00483,ಕಟ್ಟು,noun,ಕಟ್ಟು ಕುರಿತು ಕುದುರೆಯ ಮೂಗಿಗೆ ಹಾಕಿರುವಂತಹ ಬೆಸಿಗೆ/ಜೋಡಣೆ ಅದರ ಎರಡೂಕಡೆಯಿಂದ ಹಗ್ಗ ಅಥವಾ ಚರ್ಮದ ಪಟ್ಟಿಯಿಂದ ಕಟ್ಟಲಾಗಿರುತ್ತದೆ,ಈ ವಾಕ್ಯದಲ್ಲಿ ಕಟ್ಟು ಎಂಬ ಪದದ ಅರ್ಥ ಕುದುರೆಯ ಮೂಗಿಗೆ ಹಾಕಿರುವಂತಹ ಬೆಸಿಗೆ/ಜೋಡಣೆ ಅದರ ಎರಡೂಕಡೆಯಿಂದ ಹಗ್ಗ ಅಥವಾ ಚರ್ಮದ ಪಟ್ಟಿಯಿಂದ ಕಟ್ಟಲಾಗಿರುತ್ತದೆ,7225,7225,1,validation,0.8807339449541285,0.8671875,ok
v2_00545,ಕಠಿಣವಾದ,adjective,ಈ ಕಠಿಣವಾದ ಕೆಲಸದಲ್ಲಿ ನಾನು ಕೈ ಹಾಕುವುದಿಲ್ಲ.,ಕಠಿಣವಾದ ಕುರಿತು ಯಾವುದು ಬಹು ಬೇಗನೆ ಅರ್ಥಮಾಡಿಕೊಳ್ಳಲು ಸಾಧ್ಯವಿಲ್ಲವೋ,22109,23070,0,test,0.85,0.9,ok
v2_00420,ಹೇಳು,verb,"ಈ ವಾಕ್ಯದಲ್ಲಿ ಹೇಳು ಎಂಬ ಪದದ ಅರ್ಥ ನೆನಪಿನ ಶಕ್ತಿಯಿಂದ ಅಥವಾ ಪುಸ್ತಕದಿಂದ ಯಾರೋ ಒಬ್ಬರಿಗೆ ಕೇಳಿಸುವಂತೆ ಮಂತ್ರ, ಕವಿತೆ ಮುಂತಾದವುಗಳನ್ನು ಹೇಳುವ ಪ್ರಕ್ರಿಯೆ","ಈ ವಾಕ್ಯದಲ್ಲಿ ಹೇಳು ಎಂಬ ಪದದ ಅರ್ಥ ಗಿಳಿ, ಮೈನಾ ಮುಂತಾದ ಪಕ್ಷಿ ಮನುಷ್ಯನ ಮಾತನ್ನು ಕಲಿಸುವ ಪ್ರಕ್ರಿಯೆ",11728,13942,0,train,0.8636363636363636,0.8390804597701149,ok
v2_00030,ಕಟ್ಟು,noun,ನನ್ನ ಕನ್ನಡಕದ ಕಟ್ಟು ಚೌಕಾಕಾರವಾಗಿದೆ.,ಕಟ್ಟು ಕುರಿತು ಕಟ್ಟುವ ಕೆಲಸ,13004,23565,0,train,0.8787878787878788,0.875,ok
v2_00587,ಮುರಿ,verb,ಮುರಿ ಕುರಿತು ಅಸ್ತಿತ್ವದಲ್ಲಿ ಇಲ್ಲದಿರುವ ಅಥವಾ ಮುರಿದು ಹೋಗಿರುವ ಪ್ರಕ್ರಿಯೆ,ಈ ವಾಕ್ಯದಲ್ಲಿ ಮುರಿ ಎಂಬ ಪದದ ಅರ್ಥ ಮುಗಿಸು ಬಿಡು ಅಥವಾ ಇರಲು ಬಿಡದೆ ಇರುವ ಪ್ರಕ್ರಿಯೆ,12522,32327,0,test,0.8923076923076924,0.8356164383561644,ok
v2_00136,ಜ್ಞಾನ,noun,ಚೈತನ್ಯತೆಯು ಜೀವನದ ಲಕ್ಷಣ./ಶ್ಯಾಮನಲ್ಲಿ ಜ್ಞಾನದ ಕೊರತೆ ಇದೆ.,ಈ ವಾಕ್ಯದಲ್ಲಿ ಜ್ಞಾನ ಎಂಬ ಪದದ ಅರ್ಥ ಜ್ಞಾನವಿರುವಿಕೆಯನ್ನು ಸೂಚಿಸುವುದು,3382,881,0,train,0.8461538461538461,0.8852459016393442,ok
v2_00439,ಮಾಡು,verb,ಮಾಡು ಕುರಿತು ಉನ್ನತಿ ಅಥವಾ ಅವನತಿಯಲ್ಲು ಸಹಾಯ ಮಾಡುವ ಪ್ರಕ್ರಿಯೆ,ಮಾಡು ಕುರಿತು ಯಾವುದೇ ಕೆಲಸವನ್ನು ಆರಂಭಿಸಿ ಮುಗಿಸುವವರೆಗಿನ ಕ್ರಿಯೆ,27523,4115,0,train,0.8727272727272727,0.8947368421052632,ok
